Year;Month;Day;Hour(utc);301;365
1975;5;1;0;6.1291137;224.7378
1975;5;1;6;5.9343934;219.46974
1975;5;1;12;6.3164415;234.7334
1975;5;1;18;3.1861992;299.06522
1975;5;2;0;4.530242;132.9143
1975;5;2;6;9.947933;145.0817
1975;5;2;12;11.62389;167.67468
1975;5;2;18;8.021557;170.84923
1975;5;3;0;9.367032;136.75742
1975;5;3;6;8.713239;114.54315
1975;5;3;12;6.012468;122.792435
1975;5;3;18;2.7218604;156.65776
1975;5;4;0;4.4994926;187.50189
1975;5;4;6;6.8627667;122.57501
1975;5;4;12;9.435114;137.27089
1975;5;4;18;5.856858;155.91571
1975;5;5;0;6.0857086;150.15744
1975;5;5;6;4.310523;153.41885
1975;5;5;12;1.4723456;21.71167
1975;5;5;18;6.9538627;301.4604
1975;5;6;0;5.121883;289.37054
1975;5;6;6;2.9298937;277.59723
1975;5;6;12;3.4701478;281.46793
1975;5;6;18;3.2162902;299.97668
1975;5;7;0;0.92083967;167.54144
1975;5;7;6;4.584938;145.08913
1975;5;7;12;2.7028224;174.80077
1975;5;7;18;1.818679;212.7783
1975;5;8;0;1.378617;113.678894
1975;5;8;6;2.5014267;168.5446
1975;5;8;12;2.4453654;183.0248
1975;5;8;18;1.6682334;221.7693
1975;5;9;0;4.2140894;186.09093
1975;5;9;6;5.172369;156.25917
1975;5;9;12;5.3995285;172.2911
1975;5;9;18;4.854438;185.40112
1975;5;10;0;6.8225303;180.71465
1975;5;10;6;6.9248004;176.72447
1975;5;10;12;5.8067374;185.75174
1975;5;10;18;4.987531;176.7424
1975;5;11;0;6.955287;150.88185
1975;5;11;6;7.1865053;154.62982
1975;5;11;12;6.9854474;159.27902
1975;5;11;18;5.316913;192.0777
1975;5;12;0;3.6095343;180.29118
1975;5;12;6;4.474056;197.58133
1975;5;12;12;6.9679303;213.48279
1975;5;12;18;5.6112485;213.4161
1975;5;13;0;4.91621;155.81146
1975;5;13;6;6.152133;148.87091
1975;5;13;12;6.069171;160.968
1975;5;13;18;5.83305;225.20947
1975;5;14;0;6.3689585;185.75932
1975;5;14;6;6.625131;177.90411
1975;5;14;12;5.1289744;144.98877
1975;5;14;18;4.105546;163.35397
1975;5;15;0;6.420654;149.49277
1975;5;15;6;3.6219091;183.14777
1975;5;15;12;2.794103;303.992
1975;5;15;18;4.1711125;310.51877
1975;5;16;0;3.3364882;318.1678
1975;5;16;6;5.4915304;287.52197
1975;5;16;12;5.1674457;299.49872
1975;5;16;18;1.4884481;323.44772
1975;5;17;0;5.6325636;136.73558
1975;5;17;6;8.291249;155.03546
1975;5;17;12;8.035422;156.96762
1975;5;17;18;8.717443;166.89468
1975;5;18;0;7.4691434;154.48172
1975;5;18;6;8.152495;156.12357
1975;5;18;12;7.739381;156.26361
1975;5;18;18;6.577979;184.78262
1975;5;19;0;5.735908;176.4471
1975;5;19;6;6.4634438;168.3995
1975;5;19;12;5.7701535;162.21066
1975;5;19;18;5.948763;151.02318
1975;5;20;0;7.340268;145.76517
1975;5;20;6;10.966509;144.75284
1975;5;20;12;12.380211;150.34212
1975;5;20;18;12.691975;150.77249
1975;5;21;0;13.895345;148.9407
1975;5;21;6;12.4637785;150.3075
1975;5;21;12;11.44163;151.35098
1975;5;21;18;10.996688;142.65773
1975;5;22;0;14.117471;135.50102
1975;5;22;6;13.014418;138.8467
1975;5;22;12;10.938206;152.14636
1975;5;22;18;9.038681;153.49069
1975;5;23;0;9.103968;153.30838
1975;5;23;6;9.794804;145.57584
1975;5;23;12;8.236806;135.22937
1975;5;23;18;6.5187297;136.65991
1975;5;24;0;6.808138;167.03621
1975;5;24;6;5.826626;174.75458
1975;5;24;12;4.6135106;222.10172
1975;5;24;18;10.068365;155.86774
1975;5;25;0;8.842393;132.7484
1975;5;25;6;16.290468;128.76103
1975;5;25;12;14.36891;134.46771
1975;5;25;18;11.595828;143.91827
1975;5;26;0;9.708201;143.51807
1975;5;26;6;9.173986;149.17447
1975;5;26;12;10.56315;129.19939
1975;5;26;18;14.688375;120.13202
1975;5;27;0;20.49027;122.204544
1975;5;27;6;21.761894;131.97435
1975;5;27;12;14.665682;142.44753
1975;5;27;18;13.392783;129.71489
1975;5;28;0;16.428541;121.422455
1975;5;28;6;17.250525;125.348495
1975;5;28;12;15.719737;125.035736
1975;5;28;18;12.091678;132.78166
1975;5;29;0;10.341972;122.88542
1975;5;29;6;10.449683;126.87744
1975;5;29;12;9.045442;136.54396
1975;5;29;18;8.752374;134.73746
1975;5;30;0;8.189629;137.19592
1975;5;30;6;9.077131;137.85501
1975;5;30;12;8.283825;152.31137
1975;5;30;18;5.183755;146.9401
1975;5;31;0;6.269671;152.41306
1975;5;31;6;5.045829;139.82973
1975;5;31;12;5.18502;149.5465
1975;5;31;18;4.25284;198.61342
1975;6;1;0;5.3757124;192.56836
1975;6;1;6;5.381066;189.61899
1975;6;1;12;4.4083624;196.2742
1975;6;1;18;4.5929112;258.12
1975;6;2;0;3.1221566;246.14607
1975;6;2;6;2.7463636;222.45581
1975;6;2;12;1.8180375;177.06567
1975;6;2;18;2.956339;165.97098
1975;6;3;0;2.5976532;187.29149
1975;6;3;6;1.9762167;176.77664
1975;6;3;12;0.96515733;127.726654
1975;6;3;18;2.258173;113.934555
1975;6;4;0;3.9892826;138.72662
1975;6;4;6;4.892147;123.82277
1975;6;4;12;4.0205903;123.82143
1975;6;4;18;3.1138673;100.74904
1975;6;5;0;5.239317;117.42967
1975;6;5;6;5.9145923;123.98396
1975;6;5;12;2.845594;143.19373
1975;6;5;18;1.4169424;253.6062
1975;6;6;0;0.80357;73.34015
1975;6;6;6;5.1988;134.85161
1975;6;6;12;5.78158;132.06572
1975;6;6;18;3.3326356;155.18285
1975;6;7;0;0.37071046;129.25116
1975;6;7;6;0.068044;337.55927
1975;6;7;12;1.631749;6.7111206
1975;6;7;18;2.8337233;104.06877
1975;6;8;0;7.4170136;140.76306
1975;6;8;6;8.860268;157.96173
1975;6;8;12;7.7258773;150.19467
1975;6;8;18;8.255222;144.88531
1975;6;9;0;9.616136;132.94159
1975;6;9;6;11.502487;128.74268
1975;6;9;12;12.737179;136.50835
1975;6;9;18;12.522023;137.5459
1975;6;10;0;12.149508;134.36012
1975;6;10;6;9.4423065;138.25803
1975;6;10;12;8.271151;132.19092
1975;6;10;18;5.483261;132.82259
1975;6;11;0;6.927313;141.11218
1975;6;11;6;8.10773;135.85197
1975;6;11;12;7.3446126;161.18982
1975;6;11;18;5.4732666;196.5438
1975;6;12;0;2.8337352;172.12376
1975;6;12;6;5.3647676;139.9133
1975;6;12;12;6.621472;151.31091
1975;6;12;18;4.608893;174.3706
1975;6;13;0;2.5167732;131.58913
1975;6;13;6;1.9810348;148.2291
1975;6;13;12;3.609573;315.68903
1975;6;13;18;7.9344773;317.13736
1975;6;14;0;6.8610306;330.29114
1975;6;14;6;5.2642083;344.66864
1975;6;14;12;5.775705;355.8857
1975;6;14;18;6.803941;4.411072
1975;6;15;0;3.9985292;29.217224
1975;6;15;6;2.226252;95.194595
1975;6;15;12;4.2556796;129.50627
1975;6;15;18;1.2829963;201.68155
1975;6;16;0;1.6679709;35.190186
1975;6;16;6;0.20241429;113.15015
1975;6;16;12;3.9332952;346.85922
1975;6;16;18;5.129776;1.5546875
1975;6;17;0;3.8117106;38.240967
1975;6;17;6;2.1140404;66.06119
1975;6;17;12;0.45581433;15.85318
1975;6;17;18;2.07202;286.22
1975;6;18;0;4.860769;305.01184
1975;6;18;6;2.672442;252.3624
1975;6;18;12;2.8421915;160.13934
1975;6;18;18;2.6558917;190.95535
1975;6;19;0;7.264274;126.68202
1975;6;19;6;7.5727572;130.21057
1975;6;19;12;6.47966;119.563614
1975;6;19;18;3.6241875;113.11429
1975;6;20;0;4.9194508;131.72519
1975;6;20;6;5.9940023;143.79953
1975;6;20;12;4.9519205;147.54498
1975;6;20;18;4.7780757;166.33372
1975;6;21;0;6.192594;150.14304
1975;6;21;6;8.436725;144.09659
1975;6;21;12;10.941537;139.15222
1975;6;21;18;11.373876;137.28831
1975;6;22;0;9.401161;130.2111
1975;6;22;6;6.2396984;109.00534
1975;6;22;12;5.2237773;97.29411
1975;6;22;18;2.670955;89.482086
1975;6;23;0;3.702807;116.66406
1975;6;23;6;2.8793666;187.20215
1975;6;23;12;4.6410313;171.17987
1975;6;23;18;6.3440967;157.49933
1975;6;24;0;4.666147;189.3383
1975;6;24;6;5.032871;188.3411
1975;6;24;12;4.146266;170.27568
1975;6;24;18;3.928266;149.49619
1975;6;25;0;6.650089;141.23158
1975;6;25;6;6.6757045;168.21722
1975;6;25;12;6.755209;183.84314
1975;6;25;18;7.2875113;188.03397
1975;6;26;0;8.882916;168.13258
1975;6;26;6;10.694503;145.82584
1975;6;26;12;10.539768;133.27214
1975;6;26;18;13.181774;138.68954
1975;6;27;0;11.154317;146.62648
1975;6;27;6;7.2391872;152.463
1975;6;27;12;9.011956;153.235
1975;6;27;18;3.9634385;225.02016
1975;6;28;0;1.0371544;216.30962
1975;6;28;6;7.8779593;133.57167
1975;6;28;12;8.384546;135.27849
1975;6;28;18;3.3956342;166.50851
1975;6;29;0;2.5688753;328.44366
1975;6;29;6;5.6882;272.12094
1975;6;29;12;8.3152485;283.07477
1975;6;29;18;9.149502;310.26
1975;6;30;0;5.369008;309.4732
1975;6;30;6;4.4468694;284.91873
1975;6;30;12;8.314623;286.15332
1975;6;30;18;7.498239;309.1644
1975;7;1;0;3.7531006;293.5157
1975;7;1;6;4.1398897;180.4101
1975;7;1;12;6.4187074;204.39784
1975;7;1;18;7.328403;209.71742
1975;7;2;0;6.2802258;204.13977
1975;7;2;6;9.212107;215.12775
1975;7;2;12;13.124586;212.00812
1975;7;2;18;11.2208185;210.87929
1975;7;3;0;9.304418;206.73157
1975;7;3;6;11.940019;207.29451
1975;7;3;12;10.5398;212.30109
1975;7;3;18;6.9706044;219.46616
1975;7;4;0;5.7964616;201.03812
1975;7;4;6;5.6297894;194.1077
1975;7;4;12;5.341821;201.03436
1975;7;4;18;5.5631266;212.844
1975;7;5;0;3.6827438;232.07468
1975;7;5;6;4.932091;140.00447
1975;7;5;12;6.365473;132.33029
1975;7;5;18;5.530685;133.63568
1975;7;6;0;4.139077;270.34592
1975;7;6;6;3.3484035;255.57907
1975;7;6;12;2.009547;230.61691
1975;7;6;18;0.93324053;243.21368
1975;7;7;0;4.2286744;151.55676
1975;7;7;6;5.1170273;140.83934
1975;7;7;12;6.4975533;140.31555
1975;7;7;18;5.059727;138.00243
1975;7;8;0;6.7607336;148.30946
1975;7;8;6;4.872313;142.74117
1975;7;8;12;3.022442;166.57361
1975;7;8;18;0.9886049;228.29155
1975;7;9;0;4.6852145;129.80191
1975;7;9;6;5.475251;127.38864
1975;7;9;12;5.5689297;146.0101
1975;7;9;18;4.280478;169.63689
1975;7;10;0;4.794804;178.84723
1975;7;10;6;4.2432647;218.13019
1975;7;10;12;2.8717675;204.73282
1975;7;10;18;2.848192;199.40154
1975;7;11;0;3.29284;186.78868
1975;7;11;6;5.489352;175.67848
1975;7;11;12;6.083778;186.12914
1975;7;11;18;8.061971;194.29028
1975;7;12;0;9.3339615;229.50621
1975;7;12;6;6.0405416;234.46324
1975;7;12;12;4.9608927;238.06404
1975;7;12;18;4.066844;200.23813
1975;7;13;0;6.7919655;163.75244
1975;7;13;6;8.459629;140.96098
1975;7;13;12;10.342941;147.49054
1975;7;13;18;6.655477;179.6912
1975;7;14;0;5.357751;202.15146
1975;7;14;6;5.976906;171.22159
1975;7;14;12;8.115423;155.02423
1975;7;14;18;6.185575;209.68997
1975;7;15;0;4.735945;224.45781
1975;7;15;6;5.293713;166.04962
1975;7;15;12;7.7177463;163.17542
1975;7;15;18;14.430387;181.72842
1975;7;16;0;7.845315;211.01437
1975;7;16;6;4.320459;241.41418
1975;7;16;12;7.8827662;278.38403
1975;7;16;18;10.212562;286.31625
1975;7;17;0;6.139499;278.01355
1975;7;17;6;5.5145063;294.52417
1975;7;17;12;7.2214355;319.67847
1975;7;17;18;8.685758;339.1523
1975;7;18;0;5.928761;341.25406
1975;7;18;6;3.530802;348.1565
1975;7;18;12;2.4528143;329.78967
1975;7;18;18;2.2090013;205.60594
1975;7;19;0;5.188038;151.06122
1975;7;19;6;10.482574;148.54472
1975;7;19;12;13.379722;145.04987
1975;7;19;18;12.866578;144.18744
1975;7;20;0;17.77002;143.89664
1975;7;20;6;6.5039825;174.1186
1975;7;20;12;3.4612026;215.41718
1975;7;20;18;5.6162744;293.46057
1975;7;21;0;2.9642968;302.79385
1975;7;21;6;1.2656463;204.08652
1975;7;21;12;3.4317446;135.37636
1975;7;21;18;2.238323;225.33731
1975;7;22;0;4.501155;203.11032
1975;7;22;6;5.456936;176.21198
1975;7;22;12;5.3419065;175.57896
1975;7;22;18;4.5930696;243.3259
1975;7;23;0;3.1575685;143.07025
1975;7;23;6;5.549122;153.34645
1975;7;23;12;7.623723;143.4297
1975;7;23;18;6.649973;146.13367
1975;7;24;0;9.466082;139.37346
1975;7;24;6;11.661764;142.86194
1975;7;24;12;4.7114053;195.98846
1975;7;24;18;3.50409;280.7111
1975;7;25;0;0.9493553;245.2898
1975;7;25;6;2.9316332;138.49733
1975;7;25;12;1.059658;170.49298
1975;7;25;18;0.96383566;128.36383
1975;7;26;0;2.2496498;125.08479
1975;7;26;6;4.474295;127.437195
1975;7;26;12;4.203595;131.87659
1975;7;26;18;2.553555;161.31683
1975;7;27;0;4.0575094;133.68086
1975;7;27;6;5.4882126;131.41235
1975;7;27;12;4.3977904;128.52002
1975;7;27;18;4.7951627;140.17088
1975;7;28;0;5.0775223;144.92981
1975;7;28;6;5.471789;147.12717
1975;7;28;12;4.369783;169.44171
1975;7;28;18;4.269504;191.23695
1975;7;29;0;5.946309;206.10297
1975;7;29;6;6.808449;207.98915
1975;7;29;12;5.473676;232.8078
1975;7;29;18;1.6404629;277.35596
1975;7;30;0;4.2473874;115.81584
1975;7;30;6;7.059176;120.83458
1975;7;30;12;5.3370805;134.09412
1975;7;30;18;3.6697943;176.71178
1975;7;31;0;2.8529346;187.12796
1975;7;31;6;3.1114068;234.1328
1975;7;31;12;3.3852582;225.7361
1975;7;31;18;2.5385735;236.48862
1976;5;1;0;6.7202306;162.12732
1976;5;1;6;6.768269;186.45798
1976;5;1;12;5.396184;212.61269
1976;5;1;18;5.1299944;226.04039
1976;5;2;0;6.031919;227.49689
1976;5;2;6;6.878771;231.67642
1976;5;2;12;7.216158;232.06763
1976;5;2;18;5.386142;257.69495
1976;5;3;0;4.3399906;226.36009
1976;5;3;6;4.3705277;207.38147
1976;5;3;12;5.217499;204.17276
1976;5;3;18;5.051468;251.78171
1976;5;4;0;3.3868155;212.89969
1976;5;4;6;3.8600333;191.78595
1976;5;4;12;3.265734;182.90398
1976;5;4;18;2.5055299;228.52702
1976;5;5;0;3.9664824;151.44753
1976;5;5;6;5.728588;136.22665
1976;5;5;12;6.3379383;135.20947
1976;5;5;18;10.694031;133.6025
1976;5;6;0;10.419924;142.98395
1976;5;6;6;11.104168;144.23943
1976;5;6;12;12.730792;141.87677
1976;5;6;18;9.846182;154.74411
1976;5;7;0;6.841058;144.24614
1976;5;7;6;5.501777;142.06252
1976;5;7;12;2.6755319;167.28156
1976;5;7;18;2.9351294;269.6021
1976;5;8;0;4.5453563;257.76282
1976;5;8;6;4.249571;264.2323
1976;5;8;12;5.3844438;272.1063
1976;5;8;18;6.6288543;288.00723
1976;5;9;0;3.6690853;290.59888
1976;5;9;6;3.6477969;173.14066
1976;5;9;12;3.4125538;155.66605
1976;5;9;18;4.5151844;147.29367
1976;5;10;0;6.9404254;139.60654
1976;5;10;6;8.859136;141.23808
1976;5;10;12;7.0438614;167.12183
1976;5;10;18;4.0144753;181.3186
1976;5;11;0;3.370419;205.8711
1976;5;11;6;5.530903;218.99156
1976;5;11;12;5.7711253;239.7291
1976;5;11;18;7.569226;234.84811
1976;5;12;0;5.342522;215.79114
1976;5;12;6;4.9273334;252.65352
1976;5;12;12;7.5649314;279.45923
1976;5;12;18;6.4844193;277.71097
1976;5;13;0;4.4535346;240.39519
1976;5;13;6;5.111889;231.26831
1976;5;13;12;6.356158;255.57704
1976;5;13;18;5.8248615;312.3708
1976;5;14;0;2.558048;22.04718
1976;5;14;6;5.1840115;131.83708
1976;5;14;12;5.5778275;141.81876
1976;5;14;18;4.64773;158.10213
1976;5;15;0;4.0603743;226.17093
1976;5;15;6;6.7797112;228.39433
1976;5;15;12;9.253514;236.47734
1976;5;15;18;7.382751;287.43677
1976;5;16;0;5.9096165;314.36453
1976;5;16;6;3.542479;308.52762
1976;5;16;12;3.5717733;317.64914
1976;5;16;18;2.8933835;311.57483
1976;5;17;0;4.256255;131.7069
1976;5;17;6;5.88685;132.75383
1976;5;17;12;5.745015;142.09363
1976;5;17;18;6.3868937;151.14957
1976;5;18;0;7.9483666;148.5715
1976;5;18;6;5.8519907;168.0841
1976;5;18;12;4.7667017;186.89444
1976;5;18;18;4.640728;230.80362
1976;5;19;0;3.7453592;209.5906
1976;5;19;6;3.7270908;216.15352
1976;5;19;12;2.2736034;236.13809
1976;5;19;18;3.1176739;326.31036
1976;5;20;0;3.494736;35.89203
1976;5;20;6;3.9388015;90.70067
1976;5;20;12;4.159125;57.859863
1976;5;20;18;4.028582;62.058105
1976;5;21;0;4.8954086;106.403854
1976;5;21;6;6.317842;110.35727
1976;5;21;12;5.4371896;127.42282
1976;5;21;18;4.2852674;140.07214
1976;5;22;0;6.413789;143.23163
1976;5;22;6;6.9875927;156.02838
1976;5;22;12;7.848365;143.30122
1976;5;22;18;4.382032;138.99391
1976;5;23;0;6.151235;139.17865
1976;5;23;6;4.4785733;151.80475
1976;5;23;12;1.958433;193.47687
1976;5;23;18;2.1680796;45.671753
1976;5;24;0;3.289559;50.921387
1976;5;24;6;3.2167895;109.95877
1976;5;24;12;3.3872828;134.4691
1976;5;24;18;4.036602;152.59714
1976;5;25;0;5.049881;136.35692
1976;5;25;6;4.545335;148.77948
1976;5;25;12;5.880114;192.45853
1976;5;25;18;9.605037;155.44041
1976;5;26;0;15.975204;147.41351
1976;5;26;6;12.886985;151.72092
1976;5;26;12;12.169344;147.1504
1976;5;26;18;11.463469;146.0553
1976;5;27;0;11.312298;137.21634
1976;5;27;6;12.463651;133.37096
1976;5;27;12;13.175099;138.50017
1976;5;27;18;14.409515;138.00108
1976;5;28;0;16.053116;138.64459
1976;5;28;6;13.380909;134.19409
1976;5;28;12;12.657294;127.01335
1976;5;28;18;15.303474;131.21852
1976;5;29;0;11.883868;134.44228
1976;5;29;6;14.288257;122.88876
1976;5;29;12;13.221846;130.85345
1976;5;29;18;12.847131;129.55733
1976;5;30;0;11.328273;126.52457
1976;5;30;6;9.234072;119.57416
1976;5;30;12;7.6433463;109.46054
1976;5;30;18;7.88287;113.448044
1976;5;31;0;8.191219;113.205246
1976;5;31;6;8.461736;111.89229
1976;5;31;12;7.511517;106.51677
1976;5;31;18;7.728549;111.237946
1976;6;1;0;7.7993717;113.388504
1976;6;1;6;7.967544;119.87123
1976;6;1;12;8.475127;121.47635
1976;6;1;18;8.286886;122.705414
1976;6;2;0;8.873777;111.20102
1976;6;2;6;9.350852;94.932434
1976;6;2;12;12.703403;97.00873
1976;6;2;18;13.713705;121.470795
1976;6;3;0;10.280793;109.205246
1976;6;3;6;11.246306;119.97983
1976;6;3;12;10.989315;114.83574
1976;6;3;18;11.927432;130.95657
1976;6;4;0;9.136711;139.40868
1976;6;4;6;5.1026573;124.779724
1976;6;4;12;4.1648498;133.30566
1976;6;4;18;1.9071879;146.48895
1976;6;5;0;4.524201;133.25383
1976;6;5;6;6.355234;137.52962
1976;6;5;12;8.238114;135.84035
1976;6;5;18;6.824224;131.26964
1976;6;6;0;8.1210985;138.92685
1976;6;6;6;9.556767;140.55914
1976;6;6;12;9.378463;146.37833
1976;6;6;18;6.825079;153.77238
1976;6;7;0;6.7062798;153.46445
1976;6;7;6;6.145355;151.8835
1976;6;7;12;6.480408;158.45737
1976;6;7;18;4.763952;167.03903
1976;6;8;0;6.140045;149.81326
1976;6;8;6;6.281861;167.698
1976;6;8;12;5.10335;170.43411
1976;6;8;18;2.963998;209.3835
1976;6;9;0;3.0913637;133.62639
1976;6;9;6;3.5408998;132.46388
1976;6;9;12;4.456547;86.29089
1976;6;9;18;1.4661406;64.9559
1976;6;10;0;4.8837476;100.85919
1976;6;10;6;6.1557207;142.92097
1976;6;10;12;7.958726;137.16223
1976;6;10;18;7.1700053;143.6483
1976;6;11;0;5.9618254;141.84691
1976;6;11;6;4.9950266;134.13393
1976;6;11;12;5.9632816;135.71439
1976;6;11;18;6.874809;142.3002
1976;6;12;0;10.010057;151.2474
1976;6;12;6;11.4105015;149.41791
1976;6;12;12;10.1776905;152.83168
1976;6;12;18;7.702313;162.32
1976;6;13;0;7.831688;152.75365
1976;6;13;6;7.075491;149.74367
1976;6;13;12;5.4805956;153.12054
1976;6;13;18;3.187622;163.71152
1976;6;14;0;6.2337933;136.32007
1976;6;14;6;7.7711654;140.89955
1976;6;14;12;10.934165;148.5505
1976;6;14;18;9.34265;149.55994
1976;6;15;0;9.294586;113.509
1976;6;15;6;13.100071;105.068665
1976;6;15;12;12.758553;108.14406
1976;6;15;18;15.277249;118.30324
1976;6;16;0;13.82968;128.83038
1976;6;16;6;13.2598915;135.77005
1976;6;16;12;9.904602;147.27777
1976;6;16;18;6.0155773;161.48363
1976;6;17;0;7.0955396;145.16733
1976;6;17;6;8.49233;158.29526
1976;6;17;12;9.1503315;160.34946
1976;6;17;18;6.480413;182.66138
1976;6;18;0;6.540564;145.63853
1976;6;18;6;10.945694;144.35275
1976;6;18;12;13.169861;142.71634
1976;6;18;18;15.631953;150.27937
1976;6;19;0;10.789335;156.03175
1976;6;19;6;7.481631;151.61594
1976;6;19;12;5.404151;153.9441
1976;6;19;18;3.3794491;138.52579
1976;6;20;0;5.1173234;135.21317
1976;6;20;6;6.2245765;149.30713
1976;6;20;12;6.9925494;158.23425
1976;6;20;18;5.4272785;182.81256
1976;6;21;0;6.5983114;167.92078
1976;6;21;6;6.5489907;168.5416
1976;6;21;12;5.2392073;177.62827
1976;6;21;18;4.235174;200.5232
1976;6;22;0;4.5218215;162.413
1976;6;22;6;5.170867;170.85349
1976;6;22;12;4.9452915;220.49817
1976;6;22;18;3.071753;318.60638
1976;6;23;0;0.41981882;182.00868
1976;6;23;6;3.277014;136.06165
1976;6;23;12;5.0493293;129.7635
1976;6;23;18;4.1298466;140.78377
1976;6;24;0;5.2582455;132.27275
1976;6;24;6;6.4676003;120.57147
1976;6;24;12;5.205145;119.57558
1976;6;24;18;4.426141;108.46849
1976;6;25;0;5.715809;131.79515
1976;6;25;6;4.4657493;141.85384
1976;6;25;12;3.3173285;129.13942
1976;6;25;18;3.222051;140.35918
1976;6;26;0;4.944879;134.47197
1976;6;26;6;6.3665724;155.96576
1976;6;26;12;4.63737;181.92633
1976;6;26;18;3.594059;234.12798
1976;6;27;0;2.8756282;228.18983
1976;6;27;6;1.8406278;172.84581
1976;6;27;12;1.3145665;155.74731
1976;6;27;18;0.47236118;64.21585
1976;6;28;0;4.0296397;105.830765
1976;6;28;6;6.083165;113.108246
1976;6;28;12;3.972202;122.705826
1976;6;28;18;2.7378438;96.9801
1976;6;29;0;1.913346;92.2449
1976;6;29;6;1.7608716;89.13214
1976;6;29;12;0.87751716;114.83183
1976;6;29;18;1.2304415;136.1698
1976;6;30;0;3.8997889;157.07228
1976;6;30;6;3.2773619;171.20053
1976;6;30;12;2.186135;235.01775
1976;6;30;18;3.2378547;267.27017
1976;7;1;0;3.9480171;210.988
1976;7;1;6;5.60334;171.90544
1976;7;1;12;5.8961163;189.21823
1976;7;1;18;5.445167;173.16873
1976;7;2;0;5.6987805;168.84628
1976;7;2;6;5.5307856;171.76389
1976;7;2;12;4.4124174;184.54932
1976;7;2;18;3.8262424;156.76517
1976;7;3;0;7.0403876;141.73096
1976;7;3;6;10.357337;152.4102
1976;7;3;12;11.069757;159.01486
1976;7;3;18;11.7213335;149.59601
1976;7;4;0;13.916722;138.74908
1976;7;4;6;12.158749;130.9686
1976;7;4;12;8.167543;119.27016
1976;7;4;18;9.201419;135.73367
1976;7;5;0;11.422669;139.67741
1976;7;5;6;11.502036;144.21106
1976;7;5;12;12.169431;145.80368
1976;7;5;18;10.566436;148.00104
1976;7;6;0;10.188696;149.90558
1976;7;6;6;9.729946;141.92784
1976;7;6;12;9.609509;122.02832
1976;7;6;18;8.326412;110.063614
1976;7;7;0;10.105086;123.31172
1976;7;7;6;10.580528;134.78864
1976;7;7;12;12.619982;135.40947
1976;7;7;18;10.567717;135.52281
1976;7;8;0;8.214288;127.34503
1976;7;8;6;8.98689;126.03334
1976;7;8;12;5.9990034;140.25798
1976;7;8;18;3.1273925;148.58078
1976;7;9;0;4.097543;142.35622
1976;7;9;6;4.850719;146.81929
1976;7;9;12;3.6974592;155.8422
1976;7;9;18;4.529136;146.57889
1976;7;10;0;6.4616966;148.53033
1976;7;10;6;6.0665364;150.68779
1976;7;10;12;5.285319;160.21646
1976;7;10;18;3.6142101;158.05875
1976;7;11;0;5.2977366;133.53673
1976;7;11;6;6.0915527;135.56456
1976;7;11;12;6.448237;133.90778
1976;7;11;18;6.569406;142.69974
1976;7;12;0;6.230389;168.60527
1976;7;12;6;5.3135924;174.23499
1976;7;12;12;2.3295455;188.07953
1976;7;12;18;2.1753674;216.69688
1976;7;13;0;2.81023;199.34747
1976;7;13;6;3.7169023;206.13776
1976;7;13;12;3.7103484;211.80682
1976;7;13;18;3.8911924;214.2026
1976;7;14;0;2.501015;275.53604
1976;7;14;6;1.5179372;303.49173
1976;7;14;12;3.261163;233.15355
1976;7;14;18;4.031786;315.12674
1976;7;15;0;4.590799;336.28003
1976;7;15;6;0.6283769;21.219238
1976;7;15;12;2.4724548;12.358276
1976;7;15;18;4.4441075;2.4022827
1976;7;16;0;4.3370004;359.6249
1976;7;16;6;2.9430017;34.92276
1976;7;16;12;3.9852695;15.845276
1976;7;16;18;3.6160529;130.72945
1976;7;17;0;6.741994;158.40027
1976;7;17;6;7.2486258;173.44058
1976;7;17;12;5.9382358;212.75116
1976;7;17;18;4.959992;259.5978
1976;7;18;0;2.936307;249.33656
1976;7;18;6;4.8586555;132.99435
1976;7;18;12;6.2826114;141.1226
1976;7;18;18;6.5741577;160.40033
1976;7;19;0;7.851326;163.36858
1976;7;19;6;7.939707;207.9199
1976;7;19;12;8.503265;187.37451
1976;7;19;18;7.655588;182.9439
1976;7;20;0;6.156229;184.59247
1976;7;20;6;6.1892557;169.56078
1976;7;20;12;5.432052;186.99614
1976;7;20;18;4.020096;228.83197
1976;7;21;0;2.2085;196.65408
1976;7;21;6;1.0710014;232.87689
1976;7;21;12;3.317984;251.31004
1976;7;21;18;1.8604654;203.75589
1976;7;22;0;5.018542;133.67099
1976;7;22;6;8.308908;139.82185
1976;7;22;12;12.405953;145.33621
1976;7;22;18;8.082402;166.77527
1976;7;23;0;6.730676;189.36688
1976;7;23;6;7.122161;202.39911
1976;7;23;12;4.073061;211.142
1976;7;23;18;3.6691031;201.77933
1976;7;24;0;3.438467;167.59451
1976;7;24;6;4.7399206;189.93535
1976;7;24;12;4.1570287;167.69681
1976;7;24;18;5.273369;145.30157
1976;7;25;0;8.021265;145.84715
1976;7;25;6;7.0146346;144.01788
1976;7;25;12;5.594901;229.94055
1976;7;25;18;6.0986977;244.76773
1976;7;26;0;1.2561646;236.1032
1976;7;26;6;1.8765762;251.68576
1976;7;26;12;2.7624323;275.78168
1976;7;26;18;3.2283263;108.98004
1976;7;27;0;7.5120487;118.052765
1976;7;27;6;10.603498;129.09421
1976;7;27;12;5.822708;168.52364
1976;7;27;18;5.9451704;184.09793
1976;7;28;0;5.0110273;182.28468
1976;7;28;6;5.357327;246.4813
1976;7;28;12;6.290918;221.95688
1976;7;28;18;6.96784;239.49434
1976;7;29;0;7.342135;219.3054
1976;7;29;6;5.495375;185.11763
1976;7;29;12;3.975128;182.9032
1976;7;29;18;4.361405;148.18695
1976;7;30;0;7.267155;130.3864
1976;7;30;6;5.872363;174.69968
1976;7;30;12;7.066792;199.014
1976;7;30;18;4.841689;185.79266
1976;7;31;0;7.2665324;204.61876
1976;7;31;6;8.655238;224.11688
1976;7;31;12;8.3438015;236.92337
1976;7;31;18;9.816603;255.41713
1977;5;1;0;15.624135;143.3804
1977;5;1;6;20.127296;143.81537
1977;5;1;12;19.869953;139.67972
1977;5;1;18;8.806246;190.9047
1977;5;2;0;10.312692;197.79877
1977;5;2;6;7.6852617;187.831
1977;5;2;12;8.522636;153.3533
1977;5;2;18;8.5912895;164.14847
1977;5;3;0;11.5834465;177.35663
1977;5;3;6;13.009845;182.18417
1977;5;3;12;12.020759;195.67291
1977;5;3;18;10.428577;210.97278
1977;5;4;0;8.0667715;190.56898
1977;5;4;6;7.53994;152.96126
1977;5;4;12;6.7875137;155.24307
1977;5;4;18;7.115468;137.84117
1977;5;5;0;9.4731455;139.67438
1977;5;5;6;9.912091;143.75339
1977;5;5;12;7.871861;146.22223
1977;5;5;18;7.634986;148.39406
1977;5;6;0;7.0345964;145.87146
1977;5;6;6;6.7455654;132.7407
1977;5;6;12;6.6437135;120.68263
1977;5;6;18;6.9874816;133.06375
1977;5;7;0;6.687459;136.66243
1977;5;7;6;6.5456343;128.61095
1977;5;7;12;6.534187;131.30292
1977;5;7;18;7.1342793;143.97545
1977;5;8;0;9.104907;141.13515
1977;5;8;6;10.382372;138.0097
1977;5;8;12;8.951421;127.36348
1977;5;8;18;8.002745;126.93492
1977;5;9;0;6.732929;135.15984
1977;5;9;6;6.1066203;129.25851
1977;5;9;12;5.4641595;128.58495
1977;5;9;18;4.3437934;133.73007
1977;5;10;0;5.618114;143.06833
1977;5;10;6;5.673871;150.91808
1977;5;10;12;4.601886;188.62607
1977;5;10;18;4.1600566;214.52351
1977;5;11;0;4.378896;213.90607
1977;5;11;6;4.519032;191.51964
1977;5;11;12;3.6100712;191.6071
1977;5;11;18;3.4382892;194.06885
1977;5;12;0;4.4794197;176.72435
1977;5;12;6;5.4054265;179.4767
1977;5;12;12;3.5482974;187.25946
1977;5;12;18;3.6399245;144.16559
1977;5;13;0;6.270051;136.99725
1977;5;13;6;6.5396814;135.28008
1977;5;13;12;5.8901467;142.75157
1977;5;13;18;4.896965;171.02298
1977;5;14;0;5.096824;185.11256
1977;5;14;6;5.9719915;189.06085
1977;5;14;12;4.808337;193.53061
1977;5;14;18;5.0320787;223.60027
1977;5;15;0;5.363884;215.21231
1977;5;15;6;5.4165354;218.39078
1977;5;15;12;8.199695;230.93976
1977;5;15;18;9.372433;238.90329
1977;5;16;0;5.408268;241.33159
1977;5;16;6;5.594385;212.4534
1977;5;16;12;7.6510406;236.2862
1977;5;16;18;4.798702;223.20381
1977;5;17;0;1.9259989;163.32733
1977;5;17;6;3.6311212;141.97905
1977;5;17;12;5.271661;150.46046
1977;5;17;18;2.647554;157.47737
1977;5;18;0;3.3374119;151.26143
1977;5;18;6;5.115219;163.72174
1977;5;18;12;5.5895452;183.82858
1977;5;18;18;5.4717116;202.09293
1977;5;19;0;3.8367288;152.69919
1977;5;19;6;5.599211;163.76959
1977;5;19;12;8.950507;157.46286
1977;5;19;18;10.634036;141.93959
1977;5;20;0;10.402945;133.67863
1977;5;20;6;2.579409;123.88765
1977;5;20;12;1.1778121;161.15916
1977;5;20;18;7.675966;271.35126
1977;5;21;0;5.1937413;254.32462
1977;5;21;6;2.0936084;174.11996
1977;5;21;12;5.987019;142.0115
1977;5;21;18;6.046709;158.01324
1977;5;22;0;5.369815;159.54895
1977;5;22;6;6.6827807;168.73154
1977;5;22;12;5.973871;130.64731
1977;5;22;18;7.0395103;145.61754
1977;5;23;0;7.6166663;139.07529
1977;5;23;6;6.8464413;129.01215
1977;5;23;12;4.565365;77.84039
1977;5;23;18;16.059696;129.05275
1977;5;24;0;12.49716;131.93321
1977;5;24;6;10.0483885;149.54031
1977;5;24;12;12.549789;151.02412
1977;5;24;18;2.7245421;243.13425
1977;5;25;0;1.7950537;131.88823
1977;5;25;6;6.9567103;167.72733
1977;5;25;12;6.4535894;183.0874
1977;5;25;18;5.4390726;174.44739
1977;5;26;0;8.272772;149.12035
1977;5;26;6;10.819163;144.58633
1977;5;26;12;11.943503;150.5625
1977;5;26;18;12.333638;146.02176
1977;5;27;0;13.6523075;144.9177
1977;5;27;6;12.662687;138.28468
1977;5;27;12;11.575078;137.49344
1977;5;27;18;10.954937;135.12904
1977;5;28;0;8.986387;137.3782
1977;5;28;6;9.187707;138.62442
1977;5;28;12;10.658586;143.93628
1977;5;28;18;12.618046;149.36761
1977;5;29;0;12.056729;145.61835
1977;5;29;6;11.119513;152.88274
1977;5;29;12;10.399442;150.98143
1977;5;29;18;11.258891;142.40685
1977;5;30;0;10.365915;151.08072
1977;5;30;6;10.119734;151.65329
1977;5;30;12;9.962402;154.76297
1977;5;30;18;10.4381895;138.40738
1977;5;31;0;8.235218;126.64014
1977;5;31;6;12.385166;132.47752
1977;5;31;12;15.247058;138.44444
1977;5;31;18;11.573826;144.77655
1977;6;1;0;8.05309;149.16315
1977;6;1;6;8.677255;138.1599
1977;6;1;12;7.1882563;160.29524
1977;6;1;18;2.6969292;220.3513
1977;6;2;0;3.3430629;274.6256
1977;6;2;6;2.3685215;154.06686
1977;6;2;12;3.6154888;215.45035
1977;6;2;18;3.443991;208.34921
1977;6;3;0;4.212586;173.15985
1977;6;3;6;5.009538;153.66074
1977;6;3;12;5.2916985;156.00006
1977;6;3;18;4.168158;174.01172
1977;6;4;0;5.4732356;181.7632
1977;6;4;6;5.45408;160.44525
1977;6;4;12;8.489466;200.43988
1977;6;4;18;10.55851;239.64331
1977;6;5;0;8.664684;244.61382
1977;6;5;6;6.2808614;244.70732
1977;6;5;12;6.3784823;178.44998
1977;6;5;18;4.522958;203.53183
1977;6;6;0;6.727879;188.82674
1977;6;6;6;12.337545;233.03542
1977;6;6;12;12.32912;231.79158
1977;6;6;18;10.083275;236.32483
1977;6;7;0;6.924151;235.94833
1977;6;7;6;5.7475276;229.99179
1977;6;7;12;4.4064393;211.93497
1977;6;7;18;3.5665605;220.15082
1977;6;8;0;4.4327693;212.24251
1977;6;8;6;3.9981136;194.63824
1977;6;8;12;4.3916564;171.49364
1977;6;8;18;4.047656;161.8082
1977;6;9;0;4.883307;177.00017
1977;6;9;6;5.6149983;179.19617
1977;6;9;12;6.372256;163.91402
1977;6;9;18;7.59657;162.53683
1977;6;10;0;6.7213306;183.38544
1977;6;10;6;8.598751;180.84494
1977;6;10;12;7.8687387;174.9234
1977;6;10;18;10.744011;203.6133
1977;6;11;0;7.703859;221.18604
1977;6;11;6;7.6086555;233.81604
1977;6;11;12;8.397826;247.24976
1977;6;11;18;7.1802673;245.29659
1977;6;12;0;4.232102;227.485
1977;6;12;6;6.635339;187.03745
1977;6;12;12;11.11972;210.2385
1977;6;12;18;11.33787;201.16383
1977;6;13;0;7.493354;220.04584
1977;6;13;6;7.5005336;192.2136
1977;6;13;12;5.964092;230.98787
1977;6;13;18;6.2377796;228.498
1977;6;14;0;5.718004;214.95627
1977;6;14;6;5.213782;205.29903
1977;6;14;12;5.709832;171.56042
1977;6;14;18;2.4932375;188.56187
1977;6;15;0;2.7857215;252.89758
1977;6;15;6;2.8494482;252.62154
1977;6;15;12;7.6387978;215.47107
1977;6;15;18;6.618786;231.92973
1977;6;16;0;7.72793;221.40346
1977;6;16;6;7.753351;186.26282
1977;6;16;12;12.1424;210.54787
1977;6;16;18;10.233265;212.89536
1977;6;17;0;5.5086727;204.3251
1977;6;17;6;6.630318;189.50638
1977;6;17;12;7.8682327;210.12198
1977;6;17;18;5.755349;231.73138
1977;6;18;0;4.557511;169.36719
1977;6;18;6;5.6710095;165.48566
1977;6;18;12;5.9465833;170.10962
1977;6;18;18;5.032585;177.91853
1977;6;19;0;5.292248;191.83049
1977;6;19;6;3.7668881;195.45839
1977;6;19;12;3.3332605;217.72061
1977;6;19;18;1.1549594;168.3212
1977;6;20;0;4.9075475;106.523254
1977;6;20;6;3.5662045;164.90286
1977;6;20;12;2.5206819;285.1644
1977;6;20;18;5.205294;315.0674
1977;6;21;0;3.1763575;36.610535
1977;6;21;6;1.7135388;115.29347
1977;6;21;12;1.6384029;147.43588
1977;6;21;18;3.6885097;336.83267
1977;6;22;0;2.9057348;32.756683
1977;6;22;6;2.9906669;67.78082
1977;6;22;12;2.2992494;11.376007
1977;6;22;18;3.048252;329.13013
1977;6;23;0;2.0108645;275.02347
1977;6;23;6;3.5105402;193.05963
1977;6;23;12;5.231347;205.56775
1977;6;23;18;7.1873174;250.71979
1977;6;24;0;2.1866426;223.86682
1977;6;24;6;4.832774;168.96558
1977;6;24;12;4.8729825;221.62044
1977;6;24;18;4.2086368;229.57178
1977;6;25;0;5.350013;162.28699
1977;6;25;6;5.8514395;179.6507
1977;6;25;12;8.4211445;193.57373
1977;6;25;18;6.5430555;198.6506
1977;6;26;0;6.812712;223.99474
1977;6;26;6;5.508209;224.22491
1977;6;26;12;7.0295234;234.87016
1977;6;26;18;7.50852;250.81133
1977;6;27;0;4.7836185;256.92273
1977;6;27;6;3.128185;267.66367
1977;6;27;12;6.441532;342.05988
1977;6;27;18;6.4526663;346.18576
1977;6;28;0;4.638803;18.825623
1977;6;28;6;5.280135;111.86365
1977;6;28;12;3.6575205;146.347
1977;6;28;18;1.498146;174.86534
1977;6;29;0;3.223123;166.26575
1977;6;29;6;4.321018;156.78964
1977;6;29;12;3.2400513;139.67786
1977;6;29;18;2.2929404;134.09744
1977;6;30;0;5.0712085;127.80061
1977;6;30;6;5.21928;134.4459
1977;6;30;12;4.611525;140.19983
1977;6;30;18;3.5057552;178.70374
1977;7;1;0;3.8687806;181.74554
1977;7;1;6;4.6273065;167.7464
1977;7;1;12;3.6317844;160.78546
1977;7;1;18;2.0236273;185.59717
1977;7;2;0;4.866749;131.69778
1977;7;2;6;5.0604324;126.229034
1977;7;2;12;4.1813707;130.83826
1977;7;2;18;3.5243423;120.608505
1977;7;3;0;5.5872874;126.20998
1977;7;3;6;6.169968;125.86189
1977;7;3;12;5.7946906;128.98915
1977;7;3;18;5.8808002;129.50542
1977;7;4;0;6.230632;134.46526
1977;7;4;6;5.6961813;136.07031
1977;7;4;12;3.3828216;148.24568
1977;7;4;18;2.506478;147.12076
1977;7;5;0;3.3060539;162.27612
1977;7;5;6;4.473718;133.44766
1977;7;5;12;3.519592;140.86374
1977;7;5;18;1.7077717;191.45853
1977;7;6;0;2.2256691;176.07059
1977;7;6;6;3.6987367;189.62181
1977;7;6;12;3.4145277;207.50598
1977;7;6;18;2.8758745;214.6073
1977;7;7;0;4.544938;211.22157
1977;7;7;6;4.828426;186.42772
1977;7;7;12;4.5115266;164.512
1977;7;7;18;4.625474;148.15082
1977;7;8;0;7.3681426;139.66986
1977;7;8;6;10.39717;150.19522
1977;7;8;12;9.77945;161.66623
1977;7;8;18;10.568139;146.82741
1977;7;9;0;8.133717;146.78336
1977;7;9;6;4.660954;141.74364
1977;7;9;12;6.5198455;188.58936
1977;7;9;18;3.512102;171.60725
1977;7;10;0;5.3133698;151.51118
1977;7;10;6;4.301639;174.33658
1977;7;10;12;3.6669455;169.33023
1977;7;10;18;5.2606425;139.17488
1977;7;11;0;6.4018064;168.70877
1977;7;11;6;5.9865227;192.56294
1977;7;11;12;5.1138587;153.67523
1977;7;11;18;4.516017;140.9702
1977;7;12;0;9.70091;132.23671
1977;7;12;6;11.208773;128.27162
1977;7;12;12;14.229989;124.27855
1977;7;12;18;14.904491;139.50537
1977;7;13;0;10.88164;149.65462
1977;7;13;6;9.024052;149.08163
1977;7;13;12;8.3728895;160.66153
1977;7;13;18;3.7874074;227.17166
1977;7;14;0;3.5068722;195.64066
1977;7;14;6;2.3872986;260.8624
1977;7;14;12;2.7633944;46.27478
1977;7;14;18;4.616029;348.15674
1977;7;15;0;4.379703;1.4622498
1977;7;15;6;2.0391312;60.554474
1977;7;15;12;2.0660803;150.21765
1977;7;15;18;1.715268;201.50058
1977;7;16;0;4.4968777;137.4709
1977;7;16;6;6.110316;142.82416
1977;7;16;12;5.7012753;135.6463
1977;7;16;18;5.9866786;157.19022
1977;7;17;0;5.9445734;154.14255
1977;7;17;6;8.070466;142.41663
1977;7;17;12;6.731697;173.3598
1977;7;17;18;3.9894009;158.4578
1977;7;18;0;3.5133977;149.151
1977;7;18;6;2.3314795;169.9913
1977;7;18;12;1.0953248;213.66692
1977;7;18;18;1.180642;73.90521
1977;7;19;0;3.4356532;112.06691
1977;7;19;6;5.3124585;129.33841
1977;7;19;12;6.6141396;128.50735
1977;7;19;18;10.263381;145.40073
1977;7;20;0;10.0759945;145.40231
1977;7;20;6;11.603309;143.76079
1977;7;20;12;11.915108;143.99251
1977;7;20;18;12.057487;146.19489
1977;7;21;0;10.34347;145.93022
1977;7;21;6;9.00037;148.52986
1977;7;21;12;7.7260246;138.90607
1977;7;21;18;6.4475102;138.78195
1977;7;22;0;6.907016;123.4037
1977;7;22;6;7.547064;119.30203
1977;7;22;12;6.2916336;120.36754
1977;7;22;18;4.191728;147.39923
1977;7;23;0;3.6145868;173.41704
1977;7;23;6;4.1975384;147.06927
1977;7;23;12;2.661334;176.04578
1977;7;23;18;1.9881743;247.5436
1977;7;24;0;1.4464605;210.37065
1977;7;24;6;4.4572506;133.49388
1977;7;24;12;6.844759;128.07272
1977;7;24;18;7.6950502;136.44635
1977;7;25;0;10.844749;140.27986
1977;7;25;6;13.208913;142.26349
1977;7;25;12;11.611879;148.45251
1977;7;25;18;7.117915;157.00008
1977;7;26;0;6.4837375;146.65625
1977;7;26;6;4.033066;184.44955
1977;7;26;12;3.1477947;255.83052
1977;7;26;18;3.3266652;309.81183
1977;7;27;0;2.6212687;97.62196
1977;7;27;6;8.74535;117.27501
1977;7;27;12;9.083289;148.99274
1977;7;27;18;6.3175;220.12762
1977;7;28;0;5.857667;182.61658
1977;7;28;6;6.5839;133.81851
1977;7;28;12;0.9957682;193.29544
1977;7;28;18;8.362114;301.93945
1977;7;29;0;5.9112525;301.4115
1977;7;29;6;2.0422018;307.56192
1977;7;29;12;2.338244;213.0983
1977;7;29;18;6.279633;157.14226
1977;7;30;0;7.620355;190.39008
1977;7;30;6;8.9183035;213.74133
1977;7;30;12;7.857629;216.12717
1977;7;30;18;6.663207;220.12317
1977;7;31;0;5.2527766;221.81064
1977;7;31;6;8.09135;217.72787
1977;7;31;12;8.483641;255.92824
1977;7;31;18;9.942109;281.5347
1978;5;1;0;6.8574815;259.61237
1978;5;1;6;5.233277;270.57812
1978;5;1;12;2.2674856;245.32536
1978;5;1;18;3.4785516;147.28806
1978;5;2;0;4.8258977;143.12396
1978;5;2;6;5.129294;143.01031
1978;5;2;12;6.13448;132.95773
1978;5;2;18;6.915044;140.56226
1978;5;3;0;6.6622787;168.7767
1978;5;3;6;5.1263876;166.8728
1978;5;3;12;4.4522486;149.07858
1978;5;3;18;4.8164673;144.12296
1978;5;4;0;5.384994;170.72174
1978;5;4;6;5.146727;169.46576
1978;5;4;12;4.522581;148.72066
1978;5;4;18;5.2400236;173.436
1978;5;5;0;5.789831;182.05219
1978;5;5;6;7.030584;161.165
1978;5;5;12;8.200405;182.91504
1978;5;5;18;6.3917503;186.448
1978;5;6;0;5.919694;157.7319
1978;5;6;6;6.66204;159.14352
1978;5;6;12;5.8733497;167.48764
1978;5;6;18;3.7782037;201.66383
1978;5;7;0;4.7006965;139.10457
1978;5;7;6;8.62166;158.69424
1978;5;7;12;12.692214;145.28574
1978;5;7;18;12.373416;140.84215
1978;5;8;0;7.7294273;135.07028
1978;5;8;6;4.8768682;130.5113
1978;5;8;12;16.433361;115.79004
1978;5;8;18;15.775397;117.97485
1978;5;9;0;13.009908;130.01372
1978;5;9;6;15.163456;157.28345
1978;5;9;12;12.618034;167.48442
1978;5;9;18;8.531475;159.39566
1978;5;10;0;7.8461843;146.69547
1978;5;10;6;6.5908237;145.90454
1978;5;10;12;4.714251;151.59616
1978;5;10;18;4.178674;145.31064
1978;5;11;0;5.720629;137.71416
1978;5;11;6;7.2414284;146.42343
1978;5;11;12;8.462184;139.82515
1978;5;11;18;10.3079;149.2132
1978;5;12;0;9.207487;185.45738
1978;5;12;6;10.465742;205.17548
1978;5;12;12;9.500968;235.18616
1978;5;12;18;7.8274565;244.46649
1978;5;13;0;5.4996433;185.0404
1978;5;13;6;7.924995;201.5809
1978;5;13;12;11.024073;221.59317
1978;5;13;18;8.562208;237.42499
1978;5;14;0;5.098595;242.50446
1978;5;14;6;6.722001;237.60376
1978;5;14;12;7.603706;262.11444
1978;5;14;18;7.154337;271.92392
1978;5;15;0;3.9444215;315.70416
1978;5;15;6;3.8641355;310.70718
1978;5;15;12;7.4419312;312.76007
1978;5;15;18;8.044361;326.27945
1978;5;16;0;5.745701;334.06442
1978;5;16;6;2.3845477;1.1056824
1978;5;16;12;1.4148852;265.9925
1978;5;16;18;2.405706;202.19672
1978;5;17;0;5.973375;149.51503
1978;5;17;6;8.79809;136.61017
1978;5;17;12;11.438183;141.59904
1978;5;17;18;16.458372;145.18478
1978;5;18;0;17.380352;149.57104
1978;5;18;6;15.739353;147.95891
1978;5;18;12;15.552611;137.15681
1978;5;18;18;14.726752;126.49887
1978;5;19;0;13.6461935;108.034775
1978;5;19;6;14.060151;102.04904
1978;5;19;12;13.152395;99.64722
1978;5;19;18;15.537421;119.99039
1978;5;20;0;11.828122;119.824585
1978;5;20;6;6.1213913;105.18376
1978;5;20;12;5.0171404;63.199097
1978;5;20;18;7.2354164;49.99356
1978;5;21;0;9.046384;124.13312
1978;5;21;6;11.458994;135.686
1978;5;21;12;6.973002;124.97484
1978;5;21;18;1.4370468;223.86652
1978;5;22;0;2.1929905;177.47571
1978;5;22;6;3.213656;192.97443
1978;5;22;12;5.4466376;138.16563
1978;5;22;18;5.3676367;156.1799
1978;5;23;0;7.8941345;143.41208
1978;5;23;6;9.918526;151.30186
1978;5;23;12;12.309034;141.47557
1978;5;23;18;15.918916;148.54688
1978;5;24;0;15.276348;148.3613
1978;5;24;6;13.709534;149.09622
1978;5;24;12;12.011691;143.57825
1978;5;24;18;10.205014;138.94096
1978;5;25;0;8.007269;134.17485
1978;5;25;6;6.2303495;139.98401
1978;5;25;12;4.6947403;142.40984
1978;5;25;18;3.4642627;144.9742
1978;5;26;0;6.3105974;140.31885
1978;5;26;6;7.815851;144.71443
1978;5;26;12;6.6364484;147.03798
1978;5;26;18;3.8788586;161.81372
1978;5;27;0;5.2791195;129.73718
1978;5;27;6;6.6348686;135.19273
1978;5;27;12;5.38516;154.03763
1978;5;27;18;3.467537;170.82974
1978;5;28;0;5.074014;142.86378
1978;5;28;6;5.520039;144.7986
1978;5;28;12;4.4830923;143.16492
1978;5;28;18;3.0061064;205.23811
1978;5;29;0;3.5391104;164.1088
1978;5;29;6;5.205617;145.78973
1978;5;29;12;4.848744;135.87157
1978;5;29;18;3.5420294;141.17726
1978;5;30;0;5.912498;132.49274
1978;5;30;6;5.890498;146.99539
1978;5;30;12;4.958733;168.86264
1978;5;30;18;3.954378;181.70038
1978;5;31;0;5.675428;157.43893
1978;5;31;6;6.5550632;156.76077
1978;5;31;12;6.367696;157.47559
1978;5;31;18;5.0805044;162.83127
1978;6;1;0;6.941743;144.39648
1978;6;1;6;7.4163604;149.33359
1978;6;1;12;8.220229;152.23627
1978;6;1;18;8.869493;147.52039
1978;6;2;0;10.793041;145.82863
1978;6;2;6;11.554543;147.91379
1978;6;2;12;11.131495;142.68811
1978;6;2;18;11.026506;125.90785
1978;6;3;0;9.271663;117.270874
1978;6;3;6;4.1932864;124.125595
1978;6;3;12;1.8735948;126.0007
1978;6;3;18;5.012087;318.50134
1978;6;4;0;1.790863;337.36835
1978;6;4;6;2.6315825;178.77643
1978;6;4;12;7.456766;146.1664
1978;6;4;18;5.861955;200.4621
1978;6;5;0;3.6898663;163.51385
1978;6;5;6;6.6327195;156.07965
1978;6;5;12;11.369994;152.626
1978;6;5;18;7.217727;168.32672
1978;6;6;0;7.9520593;150.88232
1978;6;6;6;6.487158;169.61407
1978;6;6;12;5.3496146;168.68387
1978;6;6;18;3.0544028;198.75688
1978;6;7;0;4.451101;193.82324
1978;6;7;6;4.529644;193.40869
1978;6;7;12;6.0055633;152.0665
1978;6;7;18;7.4926233;153.59589
1978;6;8;0;10.990222;150.71553
1978;6;8;6;9.9324;197.23755
1978;6;8;12;6.922894;199.0549
1978;6;8;18;4.97145;230.05862
1978;6;9;0;3.7626073;248.16046
1978;6;9;6;3.280997;187.60553
1978;6;9;12;5.3147306;133.73451
1978;6;9;18;7.3260436;126.29126
1978;6;10;0;6.8398805;261.50775
1978;6;10;6;7.8170013;252.90909
1978;6;10;12;3.6314874;201.88
1978;6;10;18;8.241086;122.63869
1978;6;11;0;15.142578;124.5735
1978;6;11;6;21.051626;141.7015
1978;6;11;12;17.880735;145.29459
1978;6;11;18;18.461704;135.41077
1978;6;12;0;18.07353;135.07545
1978;6;12;6;13.621476;145.55304
1978;6;12;12;7.104797;182.26369
1978;6;12;18;5.9629207;289.43417
1978;6;13;0;2.571492;299.9277
1978;6;13;6;2.7773173;88.91809
1978;6;13;12;4.2509584;85.009155
1978;6;13;18;7.08206;359.26147
1978;6;14;0;6.8178973;340.19733
1978;6;14;6;6.7600813;345.14276
1978;6;14;12;6.2931833;355.04553
1978;6;14;18;6.066964;352.4818
1978;6;15;0;2.938206;96.6566
1978;6;15;6;5.980888;155.12122
1978;6;15;12;5.8702183;170.67514
1978;6;15;18;5.3158803;174.66833
1978;6;16;0;7.4287043;160.1076
1978;6;16;6;9.241246;139.7101
1978;6;16;12;15.343694;144.48105
1978;6;16;18;15.495058;152.84293
1978;6;17;0;10.524681;148.86436
1978;6;17;6;8.124726;149.20563
1978;6;17;12;6.067102;160.37273
1978;6;17;18;1.7998405;270.6841
1978;6;18;0;2.6627345;342.71973
1978;6;18;6;2.9423335;294.6543
1978;6;18;12;3.4231536;326.9223
1978;6;18;18;1.5209327;351.41656
1978;6;19;0;3.995014;127.02052
1978;6;19;6;5.431715;152.61896
1978;6;19;12;5.817291;140.66025
1978;6;19;18;6.098456;170.5208
1978;6;20;0;9.552539;235.3655
1978;6;20;6;9.520897;233.8824
1978;6;20;12;8.42823;255.49121
1978;6;20;18;8.176285;255.11336
1978;6;21;0;6.4012485;267.70108
1978;6;21;6;4.960849;250.02983
1978;6;21;12;4.593838;248.15685
1978;6;21;18;3.138239;210.7888
1978;6;22;0;3.6628923;162.78407
1978;6;22;6;4.829852;176.78534
1978;6;22;12;3.8006077;191.33136
1978;6;22;18;3.498553;227.56322
1978;6;23;0;4.9055142;197.00476
1978;6;23;6;6.061088;203.82309
1978;6;23;12;5.98387;202.57758
1978;6;23;18;5.6106424;209.28131
1978;6;24;0;5.2727556;220.0097
1978;6;24;6;4.0168643;213.07164
1978;6;24;12;5.047598;209.03354
1978;6;24;18;4.8158946;246.98447
1978;6;25;0;3.8707328;246.76764
1978;6;25;6;5.181771;230.74075
1978;6;25;12;7.455953;237.03136
1978;6;25;18;8.548695;261.60562
1978;6;26;0;3.252771;222.72714
1978;6;26;6;4.691822;168.99722
1978;6;26;12;4.6086335;139.154
1978;6;26;18;5.437225;162.99301
1978;6;27;0;2.7497153;212.8891
1978;6;27;6;3.8546054;180.17981
1978;6;27;12;2.5818686;192.99445
1978;6;27;18;3.3108733;202.13278
1978;6;28;0;1.7509671;222.92389
1978;6;28;6;3.554793;274.80878
1978;6;28;12;0.8504357;133.67838
1978;6;28;18;3.7224908;348.07294
1978;6;29;0;4.841542;2.593811
1978;6;29;6;2.5601823;54.90869
1978;6;29;12;2.2705972;97.06058
1978;6;29;18;1.5060967;21.815674
1978;6;30;0;3.1877694;55.11194
1978;6;30;6;5.16733;133.97011
1978;6;30;12;4.698737;134.62636
1978;6;30;18;4.7389307;130.87456
1978;7;1;0;4.898439;131.67867
1978;7;1;6;5.4616747;131.7791
1978;7;1;12;4.3215103;128.86522
1978;7;1;18;4.585954;152.26749
1978;7;2;0;4.970374;162.28036
1978;7;2;6;6.396125;145.5493
1978;7;2;12;6.517642;157.24286
1978;7;2;18;6.18355;166.9372
1978;7;3;0;6.2948146;161.42754
1978;7;3;6;7.8739734;150.5827
1978;7;3;12;8.228261;142.3292
1978;7;3;18;10.677193;146.95618
1978;7;4;0;13.237286;131.32239
1978;7;4;6;10.927491;161.6268
1978;7;4;12;7.523435;201.55084
1978;7;4;18;3.1301813;157.67473
1978;7;5;0;7.2459188;126.237946
1978;7;5;6;9.5672655;132.51949
1978;7;5;12;8.608818;162.52603
1978;7;5;18;3.6234834;229.57887
1978;7;6;0;4.9081154;124.89784
1978;7;6;6;4.5356736;174.88353
1978;7;6;12;3.8061593;273.11984
1978;7;6;18;3.9657514;329.40933
1978;7;7;0;2.2148926;6.357422
1978;7;7;6;2.8966606;114.08342
1978;7;7;12;4.7356777;129.21301
1978;7;7;18;5.0944233;130.42683
1978;7;8;0;6.5905766;122.33722
1978;7;8;6;6.8857865;135.14029
1978;7;8;12;6.3206544;148.3678
1978;7;8;18;6.3429227;156.0213
1978;7;9;0;6.972006;153.71178
1978;7;9;6;8.01149;158.58028
1978;7;9;12;7.9812407;150.21857
1978;7;9;18;5.3210464;150.9253
1978;7;10;0;5.9309034;155.75766
1978;7;10;6;6.4902186;184.95094
1978;7;10;12;6.564744;208.55855
1978;7;10;18;7.0359974;204.50623
1978;7;11;0;5.3303905;154.17444
1978;7;11;6;7.115285;194.66641
1978;7;11;12;7.626665;233.17015
1978;7;11;18;6.891025;241.19511
1978;7;12;0;5.104512;209.10669
1978;7;12;6;5.337362;180.58557
1978;7;12;12;4.87569;161.54865
1978;7;12;18;6.064478;176.13803
1978;7;13;0;8.410151;169.50894
1978;7;13;6;9.370395;192.12143
1978;7;13;12;9.080919;180.30463
1978;7;13;18;6.98719;182.48296
1978;7;14;0;6.5865064;164.2506
1978;7;14;6;6.614461;163.23059
1978;7;14;12;6.185287;153.27448
1978;7;14;18;4.9880285;167.48694
1978;7;15;0;5.567832;162.49348
1978;7;15;6;7.253645;175.43924
1978;7;15;12;6.532025;200.79053
1978;7;15;18;6.094619;215.70877
1978;7;16;0;7.1690207;199.69264
1978;7;16;6;6.81893;205.04138
1978;7;16;12;5.0145736;208.8181
1978;7;16;18;2.6214;244.77315
1978;7;17;0;2.0331676;231.02522
1978;7;17;6;2.516818;142.15897
1978;7;17;12;4.025078;135.9777
1978;7;17;18;4.193816;142.59984
1978;7;18;0;6.564786;126.74994
1978;7;18;6;7.155328;154.79886
1978;7;18;12;7.5717115;164.39873
1978;7;18;18;8.449887;187.13321
1978;7;19;0;6.5057034;187.85071
1978;7;19;6;5.536749;221.11563
1978;7;19;12;4.657047;196.93648
1978;7;19;18;2.511486;193.10828
1978;7;20;0;3.1894393;128.495
1978;7;20;6;6.748601;129.31752
1978;7;20;12;6.984992;150.37006
1978;7;20;18;5.059491;178.85568
1978;7;21;0;5.052201;176.13724
1978;7;21;6;4.0041065;216.98978
1978;7;21;12;4.5389442;173.35168
1978;7;21;18;4.4087543;167.97137
1978;7;22;0;6.1051965;146.86888
1978;7;22;6;6.4104986;148.64919
1978;7;22;12;7.262183;147.8732
1978;7;22;18;6.8114185;167.76112
1978;7;23;0;3.8821807;157.90637
1978;7;23;6;4.2610774;143.08356
1978;7;23;12;4.279747;150.01093
1978;7;23;18;3.794741;173.40552
1978;7;24;0;4.650391;152.97328
1978;7;24;6;4.1926384;139.46623
1978;7;24;12;3.5855107;136.8781
1978;7;24;18;3.981873;130.48512
1978;7;25;0;5.4443398;138.78734
1978;7;25;6;5.8428197;159.57971
1978;7;25;12;4.7478957;168.97754
1978;7;25;18;3.0070658;175.41266
1978;7;26;0;4.06307;163.15198
1978;7;26;6;4.108395;157.40488
1978;7;26;12;1.8096819;158.89285
1978;7;26;18;0.12323291;55.180756
1978;7;27;0;1.5782716;2.267456
1978;7;27;6;4.6082296;126.83792
1978;7;27;12;4.6780868;139.35983
1978;7;27;18;3.2141104;159.98277
1978;7;28;0;4.794675;142.69464
1978;7;28;6;4.160335;169.42694
1978;7;28;12;3.4006588;158.83447
1978;7;28;18;3.5274317;146.67169
1978;7;29;0;6.036322;147.48727
1978;7;29;6;7.228254;150.95038
1978;7;29;12;9.198767;139.23352
1978;7;29;18;12.148707;139.64795
1978;7;30;0;16.678116;146.33434
1978;7;30;6;14.582679;145.1925
1978;7;30;12;13.281462;152.66393
1978;7;30;18;9.720597;188.6575
1978;7;31;0;7.850187;198.09329
1978;7;31;6;5.128215;168.88141
1978;7;31;12;7.2179646;127.30301
1978;7;31;18;7.692266;125.44377
1979;5;1;0;5.299965;225.49344
1979;5;1;6;5.6055436;226.61673
1979;5;1;12;6.1090093;218.83281
1979;5;1;18;6.6432323;244.42157
1979;5;2;0;7.676782;249.20738
1979;5;2;6;6.8699417;252.10953
1979;5;2;12;5.9147825;243.15472
1979;5;2;18;6.3436866;255.94139
1979;5;3;0;3.8343616;252.26547
1979;5;3;6;3.4830759;234.87988
1979;5;3;12;4.140214;254.58119
1979;5;3;18;3.125629;247.01923
1979;5;4;0;3.2897139;251.10448
1979;5;4;6;2.0296593;168.38515
1979;5;4;12;5.1391215;223.28914
1979;5;4;18;4.676092;252.81969
1979;5;5;0;3.1432962;236.8089
1979;5;5;6;4.8061547;230.02892
1979;5;5;12;5.6220765;243.72966
1979;5;5;18;6.1159043;262.14142
1979;5;6;0;2.546744;213.63657
1979;5;6;6;4.9954066;169.68219
1979;5;6;12;4.2840405;181.09126
1979;5;6;18;5.5667505;247.2738
1979;5;7;0;4.1567717;297.4335
1979;5;7;6;3.423904;288.86484
1979;5;7;12;3.3817768;289.64944
1979;5;7;18;5.3070555;277.96368
1979;5;8;0;4.7866263;254.10443
1979;5;8;6;7.5799885;248.86047
1979;5;8;12;7.0336127;244.11655
1979;5;8;18;4.205832;263.05264
1979;5;9;0;2.4054668;215.68939
1979;5;9;6;4.827977;159.32066
1979;5;9;12;4.6013045;169.89093
1979;5;9;18;1.5975488;158.61722
1979;5;10;0;5.5737195;116.686356
1979;5;10;6;6.5627937;128.36021
1979;5;10;12;5.005738;127.157974
1979;5;10;18;3.365185;151.74567
1979;5;11;0;4.8433237;139.44049
1979;5;11;6;5.7513433;143.42157
1979;5;11;12;4.3688316;163.50066
1979;5;11;18;3.9357996;167.13177
1979;5;12;0;4.922976;149.43817
1979;5;12;6;6.7086344;138.14806
1979;5;12;12;7.1555734;138.69754
1979;5;12;18;7.0866814;143.36966
1979;5;13;0;7.0017037;138.28156
1979;5;13;6;5.9184875;141.01852
1979;5;13;12;5.195014;145.84871
1979;5;13;18;4.8895326;154.95918
1979;5;14;0;4.7702994;163.38412
1979;5;14;6;3.7636907;196.10995
1979;5;14;12;3.0091515;245.5132
1979;5;14;18;3.4503713;318.84256
1979;5;15;0;2.9243655;4.1773987
1979;5;15;6;1.1920494;135.62407
1979;5;15;12;4.151674;248.92087
1979;5;15;18;7.7665253;283.71912
1979;5;16;0;5.0036764;292.30878
1979;5;16;6;1.7712321;222.88837
1979;5;16;12;4.125997;164.90353
1979;5;16;18;4.386569;178.03381
1979;5;17;0;5.797545;186.20148
1979;5;17;6;6.4824796;183.22824
1979;5;17;12;5.393528;181.66019
1979;5;17;18;5.939016;162.73883
1979;5;18;0;11.588344;132.25302
1979;5;18;6;13.470292;149.7524
1979;5;18;12;10.704877;150.32745
1979;5;18;18;8.083187;162.38635
1979;5;19;0;4.4724455;169.25162
1979;5;19;6;3.8623161;186.18408
1979;5;19;12;4.68587;244.8816
1979;5;19;18;4.8048687;262.96133
1979;5;20;0;1.6712421;271.6911
1979;5;20;6;1.4458165;301.5713
1979;5;20;12;3.99039;93.59929
1979;5;20;18;1.5630127;89.67334
1979;5;21;0;3.4328644;118.79576
1979;5;21;6;4.289499;142.01024
1979;5;21;12;1.7176721;158.81238
1979;5;21;18;3.8826747;154.25168
1979;5;22;0;4.0440626;184.65616
1979;5;22;6;6.1687427;137.72404
1979;5;22;12;6.9192433;142.5016
1979;5;22;18;5.6577687;151.57483
1979;5;23;0;6.59365;145.56406
1979;5;23;6;6.153278;151.96475
1979;5;23;12;8.563023;143.21843
1979;5;23;18;7.293159;151.50697
1979;5;24;0;5.7986245;168.06639
1979;5;24;6;4.336203;217.86528
1979;5;24;12;1.8362255;176.02534
1979;5;24;18;4.804843;138.17654
1979;5;25;0;7.0195713;126.57083
1979;5;25;6;8.026284;142.8082
1979;5;25;12;8.579645;152.58484
1979;5;25;18;8.463649;156.19064
1979;5;26;0;8.705873;150.75159
1979;5;26;6;6.9369206;157.64902
1979;5;26;12;2.9619308;165.92157
1979;5;26;18;1.6113235;252.81483
1979;5;27;0;1.8845426;86.79431
1979;5;27;6;2.9373167;158.1535
1979;5;27;12;3.744388;176.65068
1979;5;27;18;4.546712;219.49004
1979;5;28;0;6.2621236;208.81258
1979;5;28;6;7.0955753;206.97813
1979;5;28;12;8.312632;225.96458
1979;5;28;18;7.583111;222.37698
1979;5;29;0;8.838659;215.08852
1979;5;29;6;6.1067896;234.70493
1979;5;29;12;3.019639;265.2019
1979;5;29;18;3.211004;353.52765
1979;5;30;0;4.874157;28.049835
1979;5;30;6;2.1970963;43.338867
1979;5;30;12;2.0042055;21.916382
1979;5;30;18;4.9905105;333.36115
1979;5;31;0;3.074366;344.25534
1979;5;31;6;8.444711;156.78601
1979;5;31;12;13.054054;177.35855
1979;5;31;18;12.781787;220.08969
1979;6;1;0;10.804568;230.19005
1979;6;1;6;7.4908814;240.21942
1979;6;1;12;7.6207757;258.8113
1979;6;1;18;5.532738;296.7672
1979;6;2;0;4.719096;337.7583
1979;6;2;6;1.6889788;356.6565
1979;6;2;12;2.3240626;37.765198
1979;6;2;18;4.481718;44.80768
1979;6;3;0;5.6663766;115.47011
1979;6;3;6;8.435043;117.32915
1979;6;3;12;10.374974;131.6045
1979;6;3;18;14.144288;134.45569
1979;6;4;0;12.472615;132.2028
1979;6;4;6;13.609385;140.74255
1979;6;4;12;17.12763;134.56065
1979;6;4;18;14.358741;135.59944
1979;6;5;0;11.766166;136.56151
1979;6;5;6;9.9502325;138.93623
1979;6;5;12;9.756569;149.00064
1979;6;5;18;5.95915;220.3784
1979;6;6;0;4.0675416;212.07649
1979;6;6;6;5.903343;187.5053
1979;6;6;12;6.6522355;172.18958
1979;6;6;18;6.2257295;186.63666
1979;6;7;0;9.218828;212.84329
1979;6;7;6;10.86529;201.3339
1979;6;7;12;9.907217;181.11041
1979;6;7;18;8.605081;167.09485
1979;6;8;0;5.7846394;190.28714
1979;6;8;6;6.057889;201.74811
1979;6;8;12;6.5909553;244.35576
1979;6;8;18;8.354332;260.4364
1979;6;9;0;5.6459966;254.14987
1979;6;9;6;5.453985;242.141
1979;6;9;12;7.170907;234.5348
1979;6;9;18;5.689011;249.31146
1979;6;10;0;2.073884;224.9173
1979;6;10;6;3.2714517;155.77783
1979;6;10;12;4.336543;157.15466
1979;6;10;18;3.6880777;250.71855
1979;6;11;0;3.1171088;248.4409
1979;6;11;6;3.3604314;217.06635
1979;6;11;12;6.457398;179.43243
1979;6;11;18;6.7537527;175.65239
1979;6;12;0;10.260801;147.15065
1979;6;12;6;9.1721;206.71806
1979;6;12;12;7.7748365;193.74593
1979;6;12;18;12.351697;216.12555
1979;6;13;0;7.926252;243.64177
1979;6;13;6;11.861672;264.2562
1979;6;13;12;6.064551;286.7757
1979;6;13;18;1.3075172;5.458496
1979;6;14;0;4.9737573;119.68001
1979;6;14;6;10.576553;127.88472
1979;6;14;12;8.750605;202.62643
1979;6;14;18;8.134306;195.2041
1979;6;15;0;9.841172;215.25204
1979;6;15;6;6.512854;233.84317
1979;6;15;12;7.7797337;262.6065
1979;6;15;18;9.482847;290.66238
1979;6;16;0;7.1923203;288.0188
1979;6;16;6;5.0123606;306.96094
1979;6;16;12;4.235142;333.3384
1979;6;16;18;2.7307484;19.957428
1979;6;17;0;4.136108;101.199844
1979;6;17;6;6.261232;140.39714
1979;6;17;12;7.18287;149.07182
1979;6;17;18;4.502305;160.08795
1979;6;18;0;5.358591;148.96283
1979;6;18;6;5.461487;131.05345
1979;6;18;12;4.8408413;125.278
1979;6;18;18;3.4157288;103.661545
1979;6;19;0;4.425301;122.988205
1979;6;19;6;5.292264;142.56595
1979;6;19;12;8.203357;147.23257
1979;6;19;18;7.6554356;153.0003
1979;6;20;0;7.7557807;151.40825
1979;6;20;6;7.6011004;146.03357
1979;6;20;12;7.487553;145.33215
1979;6;20;18;7.3873463;151.61319
1979;6;21;0;7.5022783;147.5026
1979;6;21;6;5.7774568;167.81018
1979;6;21;12;2.8149412;239.22198
1979;6;21;18;5.159208;312.88928
1979;6;22;0;1.2533523;4.039673
1979;6;22;6;2.8993037;138.00421
1979;6;22;12;4.4289527;126.130295
1979;6;22;18;2.1879578;208.15672
1979;6;23;0;2.5939982;235.57826
1979;6;23;6;1.6224848;215.77483
1979;6;23;12;1.5222363;310.684
1979;6;23;18;0.8738706;23.889893
1979;6;24;0;4.389064;114.64238
1979;6;24;6;8.033958;137.6789
1979;6;24;12;8.386464;157.24332
1979;6;24;18;6.513518;196.94952
1979;6;25;0;5.593568;177.47467
1979;6;25;6;4.9800534;191.99991
1979;6;25;12;3.7726161;186.1561
1979;6;25;18;2.5871456;113.94191
1979;6;26;0;5.7038226;116.8929
1979;6;26;6;5.7517195;126.82419
1979;6;26;12;6.8227663;115.47153
1979;6;26;18;6.938654;135.69684
1979;6;27;0;6.9948444;144.80536
1979;6;27;6;6.211677;140.82523
1979;6;27;12;5.710083;152.51495
1979;6;27;18;3.267234;190.77563
1979;6;28;0;4.0076985;205.22397
1979;6;28;6;4.658612;195.82974
1979;6;28;12;4.5928874;189.45247
1979;6;28;18;2.675498;199.71107
1979;6;29;0;5.887917;142.58047
1979;6;29;6;8.102027;141.72081
1979;6;29;12;7.080136;150.61118
1979;6;29;18;7.214324;155.85185
1979;6;30;0;4.2008643;146.4045
1979;6;30;6;4.9744086;140.15599
1979;6;30;12;7.508959;133.22134
1979;6;30;18;3.744033;224.03664
1979;7;1;0;7.958855;263.06775
1979;7;1;6;4.6816716;269.34824
1979;7;1;12;6.124191;356.42267
1979;7;1;18;7.8014035;32.378143
1979;7;2;0;5.8329372;51.264465
1979;7;2;6;5.5695763;159.47583
1979;7;2;12;5.7148786;177.9129
1979;7;2;18;4.6075673;211.58641
1979;7;3;0;3.2371554;201.44193
1979;7;3;6;3.0441184;226.52649
1979;7;3;12;1.1290915;215.58322
1979;7;3;18;2.1284995;65.59515
1979;7;4;0;4.2043147;19.984863
1979;7;4;6;4.1150203;68.82483
1979;7;4;12;3.1052597;54.4718
1979;7;4;18;0.82092965;3.1426086
1979;7;5;0;1.0189627;138.89899
1979;7;5;6;4.256342;166.309
1979;7;5;12;4.7772884;151.16113
1979;7;5;18;4.4567876;199.45459
1979;7;6;0;5.6243134;208.41843
1979;7;6;6;7.1850557;202.74805
1979;7;6;12;8.757036;202.71222
1979;7;6;18;10.199671;212.06477
1979;7;7;0;8.566652;202.91046
1979;7;7;6;5.6569047;190.62134
1979;7;7;12;4.1644187;188.68137
1979;7;7;18;4.0258346;235.91624
1979;7;8;0;2.0647724;226.17107
1979;7;8;6;0.20295091;102.08501
1979;7;8;12;1.3713076;77.91989
1979;7;8;18;2.411823;344.7738
1979;7;9;0;4.3944564;5.721344
1979;7;9;6;2.452086;79.51532
1979;7;9;12;2.1150665;54.44278
1979;7;9;18;2.487511;34.912964
1979;7;10;0;3.327984;132.0812
1979;7;10;6;5.748545;161.30963
1979;7;10;12;5.0330763;170.19739
1979;7;10;18;2.92898;205.59518
1979;7;11;0;3.5819533;180.48616
1979;7;11;6;4.8162565;156.23975
1979;7;11;12;4.599604;142.9622
1979;7;11;18;3.0860972;232.7347
1979;7;12;0;4.0986657;242.38814
1979;7;12;6;2.5684764;228.96693
1979;7;12;12;3.160817;306.09433
1979;7;12;18;3.5441372;336.70694
1979;7;13;0;1.4898378;93.41319
1979;7;13;6;4.133849;156.03683
1979;7;13;12;3.747693;154.02701
1979;7;13;18;3.7916741;244.2519
1979;7;14;0;3.6984468;220.89716
1979;7;14;6;4.019113;164.59314
1979;7;14;12;4.148701;177.99228
1979;7;14;18;2.4494412;155.57367
1979;7;15;0;5.88469;121.45261
1979;7;15;6;6.152937;137.34103
1979;7;15;12;5.264002;143.21114
1979;7;15;18;4.4577274;164.02698
1979;7;16;0;5.1624074;180.53021
1979;7;16;6;5.5549912;170.87161
1979;7;16;12;5.5370283;167.73557
1979;7;16;18;6.3065195;173.22606
1979;7;17;0;7.110498;163.2959
1979;7;17;6;10.940158;153.76422
1979;7;17;12;9.807547;177.9589
1979;7;17;18;7.910715;179.80563
1979;7;18;0;9.864512;193.96774
1979;7;18;6;12.14988;217.78246
1979;7;18;12;13.239979;238.43826
1979;7;18;18;12.368898;243.85844
1979;7;19;0;8.877539;239.03296
1979;7;19;6;7.6995287;252.38332
1979;7;19;12;4.98073;278.6979
1979;7;19;18;4.5413218;265.28265
1979;7;20;0;2.3742256;185.75548
1979;7;20;6;6.765659;149.18307
1979;7;20;12;6.295592;147.31216
1979;7;20;18;6.3313317;149.32129
1979;7;21;0;5.998975;158.2178
1979;7;21;6;6.7641573;135.83707
1979;7;21;12;7.415492;161.3533
1979;7;21;18;7.2280827;160.75717
1979;7;22;0;8.346249;152.2761
1979;7;22;6;8.806226;155.00623
1979;7;22;12;7.9389343;154.89293
1979;7;22;18;8.119405;157.2093
1979;7;23;0;7.6883106;149.45912
1979;7;23;6;7.65374;156.23407
1979;7;23;12;7.2154374;161.3176
1979;7;23;18;5.6798854;181.4649
1979;7;24;0;3.4372935;152.71463
1979;7;24;6;8.366168;129.66858
1979;7;24;12;7.2940874;141.9236
1979;7;24;18;5.527027;151.65848
1979;7;25;0;7.049181;152.14767
1979;7;25;6;6.623937;159.6207
1979;7;25;12;5.0558257;159.9393
1979;7;25;18;5.693549;164.75735
1979;7;26;0;6.326146;163.43164
1979;7;26;6;7.3829656;172.10681
1979;7;26;12;8.162145;192.96455
1979;7;26;18;6.9979877;215.28258
1979;7;27;0;4.837245;187.85738
1979;7;27;6;5.090567;163.41403
1979;7;27;12;4.765449;168.19742
1979;7;27;18;5.5748854;135.64072
1979;7;28;0;4.8785434;139.18575
1979;7;28;6;1.267904;100.66969
1979;7;28;12;5.6415844;334.95135
1979;7;28;18;6.870412;333.04947
1979;7;29;0;2.934115;346.1278
1979;7;29;6;0.7287629;263.25363
1979;7;29;12;2.7423537;187.02972
1979;7;29;18;2.4835408;169.6069
1979;7;30;0;4.0888543;134.5951
1979;7;30;6;6.3608327;143.74457
1979;7;30;12;5.395465;146.26953
1979;7;30;18;4.7746725;171.12729
1979;7;31;0;5.541247;157.7904
1979;7;31;6;6.1143994;160.37233
1979;7;31;12;4.485799;186.30469
1979;7;31;18;2.934446;215.4651
1980;5;1;0;7.6235194;134.97028
1980;5;1;6;5.0513964;85.72705
1980;5;1;12;6.0475445;118.50101
1980;5;1;18;13.022935;139.51955
1980;5;2;0;11.470712;151.78247
1980;5;2;6;10.915646;152.95584
1980;5;2;12;9.175381;162.15564
1980;5;2;18;8.0621395;159.43805
1980;5;3;0;8.713537;151.54318
1980;5;3;6;9.740353;152.71661
1980;5;3;12;7.7761145;157.42758
1980;5;3;18;8.453694;154.91017
1980;5;4;0;8.190744;158.08887
1980;5;4;6;7.1802907;181.47868
1980;5;4;12;4.1113014;199.80368
1980;5;4;18;2.8561075;196.23395
1980;5;5;0;3.9052165;126.6378
1980;5;5;6;7.426768;105.4973
1980;5;5;12;7.3511577;122.13229
1980;5;5;18;5.6485763;135.41412
1980;5;6;0;5.6298795;139.77596
1980;5;6;6;4.742516;150.0806
1980;5;6;12;2.2369688;168.53271
1980;5;6;18;2.011977;272.268
1980;5;7;0;1.1114411;47.585266
1980;5;7;6;2.2564936;124.466354
1980;5;7;12;6.321258;123.35057
1980;5;7;18;5.8091645;134.00209
1980;5;8;0;5.8178396;135.40181
1980;5;8;6;4.6953444;124.4445
1980;5;8;12;2.8112202;119.614716
1980;5;8;18;1.4234527;107.53856
1980;5;9;0;0.7440928;129.3603
1980;5;9;6;0.7158819;163.06915
1980;5;9;12;2.4973638;133.5513
1980;5;9;18;1.1190677;188.9658
1980;5;10;0;2.9163682;162.32758
1980;5;10;6;6.030102;138.74983
1980;5;10;12;9.8131275;148.21695
1980;5;10;18;8.758926;141.2962
1980;5;11;0;8.799879;140.94894
1980;5;11;6;9.455395;142.28268
1980;5;11;12;8.263607;150.26807
1980;5;11;18;7.5236225;147.60765
1980;5;12;0;9.767701;140.61046
1980;5;12;6;11.046251;141.20038
1980;5;12;12;10.743217;145.58865
1980;5;12;18;8.997557;138.47005
1980;5;13;0;9.246023;139.14618
1980;5;13;6;8.278098;124.88493
1980;5;13;12;9.905202;127.358
1980;5;13;18;10.78824;132.86948
1980;5;14;0;9.423888;142.12717
1980;5;14;6;7.4481864;139.43121
1980;5;14;12;4.9628034;133.5162
1980;5;14;18;3.9108887;117.99455
1980;5;15;0;6.892347;147.41437
1980;5;15;6;7.997985;133.27016
1980;5;15;12;9.6006;137.85028
1980;5;15;18;8.011181;138.5904
1980;5;16;0;7.95939;140.09409
1980;5;16;6;8.651387;142.79152
1980;5;16;12;7.8583617;143.28902
1980;5;16;18;6.300853;151.60043
1980;5;17;0;7.0430837;135.02477
1980;5;17;6;7.9998775;137.13284
1980;5;17;12;7.85029;153.74176
1980;5;17;18;7.257825;153.77118
1980;5;18;0;9.401688;141.6591
1980;5;18;6;11.273884;141.33269
1980;5;18;12;12.099544;148.67159
1980;5;18;18;10.149017;161.41571
1980;5;19;0;5.360578;169.18857
1980;5;19;6;6.429341;174.65501
1980;5;19;12;7.25145;177.19067
1980;5;19;18;6.1208076;188.48021
1980;5;20;0;8.919695;136.31041
1980;5;20;6;9.017571;196.39944
1980;5;20;12;13.261152;207.18146
1980;5;20;18;11.326562;191.63103
1980;5;21;0;10.338403;144.45944
1980;5;21;6;12.673099;132.12914
1980;5;21;12;15.135224;140.44803
1980;5;21;18;15.359739;144.98474
1980;5;22;0;16.474487;136.73482
1980;5;22;6;15.350801;150.38925
1980;5;22;12;13.508249;151.80486
1980;5;22;18;11.740578;150.01945
1980;5;23;0;13.134352;142.71317
1980;5;23;6;14.853155;144.9654
1980;5;23;12;16.27539;151.544
1980;5;23;18;11.213982;185.1188
1980;5;24;0;7.9437523;194.32191
1980;5;24;6;7.677169;194.11743
1980;5;24;12;6.6113358;181.01668
1980;5;24;18;6.5938296;223.85577
1980;5;25;0;5.0071077;206.8323
1980;5;25;6;6.0701284;219.10922
1980;5;25;12;7.258421;229.46895
1980;5;25;18;3.9281576;217.67204
1980;5;26;0;5.573348;162.62054
1980;5;26;6;5.77711;180.57703
1980;5;26;12;5.5252776;177.87656
1980;5;26;18;4.499756;172.70935
1980;5;27;0;5.7836204;150.00133
1980;5;27;6;7.158677;147.85309
1980;5;27;12;8.822695;148.20831
1980;5;27;18;8.293206;164.10721
1980;5;28;0;7.659189;152.47305
1980;5;28;6;10.205214;139.77382
1980;5;28;12;11.976465;137.25699
1980;5;28;18;10.861956;154.02676
1980;5;29;0;7.35943;150.73201
1980;5;29;6;8.4351015;144.75122
1980;5;29;12;7.707783;158.37141
1980;5;29;18;6.1404977;158.40259
1980;5;30;0;6.7338133;154.36435
1980;5;30;6;6.802454;151.18854
1980;5;30;12;6.0940313;152.82745
1980;5;30;18;5.1000733;169.57982
1980;5;31;0;5.2493076;162.9187
1980;5;31;6;5.981778;157.25735
1980;5;31;12;4.8512774;175.30142
1980;5;31;18;4.6458406;173.76291
1980;6;1;0;5.985411;160.40175
1980;6;1;6;8.47291;157.32071
1980;6;1;12;8.702786;170.84615
1980;6;1;18;8.556437;184.32146
1980;6;2;0;9.216769;182.84305
1980;6;2;6;9.421881;202.41669
1980;6;2;12;7.177978;225.74109
1980;6;2;18;3.8879025;241.66782
1980;6;3;0;0.5881904;218.31274
1980;6;3;6;2.847468;157.54141
1980;6;3;12;2.493443;114.47534
1980;6;3;18;1.5400854;287.06918
1980;6;4;0;2.838826;331.74866
1980;6;4;6;1.6454252;232.52184
1980;6;4;12;3.1185832;205.07664
1980;6;4;18;3.8059928;216.87306
1980;6;5;0;2.9977767;193.69972
1980;6;5;6;4.502623;190.03108
1980;6;5;12;5.0050216;214.29831
1980;6;5;18;3.6221025;206.23798
1980;6;6;0;4.104683;192.39465
1980;6;6;6;4.4055266;185.61061
1980;6;6;12;4.9626412;201.7716
1980;6;6;18;5.709293;250.53296
1980;6;7;0;4.9172277;179.88019
1980;6;7;6;6.9482636;180.36182
1980;6;7;12;7.4884443;186.66882
1980;6;7;18;9.740433;208.25145
1980;6;8;0;8.496486;199.81119
1980;6;8;6;8.340135;185.07956
1980;6;8;12;6.5315666;180.71146
1980;6;8;18;5.7167954;180.26569
1980;6;9;0;5.792582;154.34906
1980;6;9;6;7.1985016;138.14255
1980;6;9;12;6.3739977;149.21121
1980;6;9;18;5.6477327;153.3978
1980;6;10;0;6.311982;156.93584
1980;6;10;6;6.7746906;148.18942
1980;6;10;12;7.646796;137.51665
1980;6;10;18;9.2835455;153.50983
1980;6;11;0;10.256901;155.92615
1980;6;11;6;7.087094;190.53387
1980;6;11;12;5.739022;154.51901
1980;6;11;18;6.4793854;175.17447
1980;6;12;0;7.5572767;152.93835
1980;6;12;6;9.801451;154.53642
1980;6;12;12;14.399746;142.42378
1980;6;12;18;16.425962;148.28711
1980;6;13;0;12.032295;150.8092
1980;6;13;6;8.037677;149.4122
1980;6;13;12;7.9266562;172.54807
1980;6;13;18;3.734993;243.58984
1980;6;14;0;3.8707628;92.95506
1980;6;14;6;8.668282;144.93503
1980;6;14;12;7.4517035;154.11362
1980;6;14;18;4.6718626;152.6549
1980;6;15;0;5.215817;141.65796
1980;6;15;6;7.458831;145.45435
1980;6;15;12;4.9846473;136.77562
1980;6;15;18;7.5248466;139.90137
1980;6;16;0;6.4218807;132.84045
1980;6;16;6;5.043606;122.27222
1980;6;16;12;2.474814;102.98363
1980;6;16;18;0.93621874;91.98335
1980;6;17;0;4.7727647;125.47044
1980;6;17;6;6.9440675;131.90308
1980;6;17;12;7.7760963;138.79283
1980;6;17;18;5.133434;147.61241
1980;6;18;0;4.9394045;123.959274
1980;6;18;6;3.46759;119.48772
1980;6;18;12;2.5155497;124.825806
1980;6;18;18;2.9758093;352.4952
1980;6;19;0;1.8035598;25.017609
1980;6;19;6;1.1909626;154.11514
1980;6;19;12;4.608469;131.44556
1980;6;19;18;2.5856159;200.39957
1980;6;20;0;3.3454256;147.32693
1980;6;20;6;5.128368;138.81253
1980;6;20;12;6.6260743;140.90933
1980;6;20;18;3.5529995;175.91626
1980;6;21;0;3.8546467;145.64957
1980;6;21;6;6.090971;130.48749
1980;6;21;12;7.822647;145.01419
1980;6;21;18;4.06554;159.298
1980;6;22;0;3.421639;107.72238
1980;6;22;6;5.055724;112.79135
1980;6;22;12;5.485999;141.9895
1980;6;22;18;5.0353847;160.4761
1980;6;23;0;4.1817994;178.48962
1980;6;23;6;4.212098;156.88959
1980;6;23;12;3.0381908;142.62064
1980;6;23;18;2.1368697;178.55937
1980;6;24;0;3.3322616;168.22493
1980;6;24;6;4.7325163;146.6864
1980;6;24;12;5.33665;143.94775
1980;6;24;18;3.825024;177.00452
1980;6;25;0;4.2235866;165.70244
1980;6;25;6;5.2427435;139.24773
1980;6;25;12;8.614862;130.71005
1980;6;25;18;7.037294;150.2314
1980;6;26;0;8.167404;137.13133
1980;6;26;6;13.2188425;139.11134
1980;6;26;12;14.11956;141.37433
1980;6;26;18;12.239774;152.96872
1980;6;27;0;10.493938;148.51193
1980;6;27;6;9.299699;148.81824
1980;6;27;12;7.555336;146.47815
1980;6;27;18;5.609939;148.14879
1980;6;28;0;5.621921;128.64009
1980;6;28;6;5.156365;129.25519
1980;6;28;12;5.3558707;122.38623
1980;6;28;18;2.8898928;108.94054
1980;6;29;0;6.044927;125.76903
1980;6;29;6;7.8919024;136.02664
1980;6;29;12;10.560972;136.42049
1980;6;29;18;13.152587;144.16385
1980;6;30;0;16.115492;141.14195
1980;6;30;6;18.891966;138.0091
1980;6;30;12;19.192736;134.48764
1980;6;30;18;17.798605;125.14566
1980;7;1;0;12.692783;133.12747
1980;7;1;6;12.178152;138.03952
1980;7;1;12;5.865331;143.26056
1980;7;1;18;4.7625847;124.85661
1980;7;2;0;4.8579383;95.05693
1980;7;2;6;5.109211;100.3974
1980;7;2;12;3.989596;114.217514
1980;7;2;18;3.1173823;123.35649
1980;7;3;0;4.519331;111.089905
1980;7;3;6;3.3346229;129.44475
1980;7;3;12;2.0016117;170.38283
1980;7;3;18;1.8092483;149.77335
1980;7;4;0;4.6009164;130.3341
1980;7;4;6;7.53384;155.41129
1980;7;4;12;7.335252;151.87732
1980;7;4;18;5.6461315;155.05783
1980;7;5;0;5.2817626;147.18427
1980;7;5;6;5.067095;139.18622
1980;7;5;12;3.4251473;148.62613
1980;7;5;18;2.891838;147.05646
1980;7;6;0;5.027904;143.76584
1980;7;6;6;7.086839;143.34901
1980;7;6;12;6.8086476;136.90868
1980;7;6;18;5.3361225;141.25157
1980;7;7;0;6.2245946;134.55717
1980;7;7;6;8.326336;148.61215
1980;7;7;12;7.9283237;154.81325
1980;7;7;18;5.4694314;153.01067
1980;7;8;0;5.943758;119.59686
1980;7;8;6;7.4327555;139.23473
1980;7;8;12;8.4062805;128.68462
1980;7;8;18;11.068542;133.50217
1980;7;9;0;13.057096;132.33636
1980;7;9;6;15.768001;134.14801
1980;7;9;12;14.703787;134.17923
1980;7;9;18;12.079884;140.905
1980;7;10;0;9.570154;141.93872
1980;7;10;6;7.5699883;139.43056
1980;7;10;12;6.170744;150.25974
1980;7;10;18;2.8978493;195.05453
1980;7;11;0;1.6062402;262.8485
1980;7;11;6;1.9373491;216.32892
1980;7;11;12;3.8067145;178.5062
1980;7;11;18;4.795007;154.53972
1980;7;12;0;4.138912;165.85002
1980;7;12;6;4.27327;145.33624
1980;7;12;12;4.2859783;146.09375
1980;7;12;18;2.9616485;186.87607
1980;7;13;0;4.52774;166.16653
1980;7;13;6;6.2487187;153.64563
1980;7;13;12;6.255431;157.85196
1980;7;13;18;5.319798;172.38008
1980;7;14;0;5.865929;207.34326
1980;7;14;6;4.178378;214.81502
1980;7;14;12;4.4947615;269.50223
1980;7;14;18;5.3994164;312.0324
1980;7;15;0;4.8772717;322.5204
1980;7;15;6;3.6574976;4.701111
1980;7;15;12;3.2215605;19.1539
1980;7;15;18;2.6397846;80.00342
1980;7;16;0;5.053131;129.25816
1980;7;16;6;6.647956;149.8363
1980;7;16;12;4.6521773;190.26105
1980;7;16;18;3.5410388;237.66824
1980;7;17;0;3.37647;200.74286
1980;7;17;6;3.9307795;152.29895
1980;7;17;12;3.7421086;137.74594
1980;7;17;18;2.2013566;162.93251
1980;7;18;0;3.8716855;142.94345
1980;7;18;6;5.3645597;146.26486
1980;7;18;12;4.961773;147.45882
1980;7;18;18;4.2316995;187.64444
1980;7;19;0;4.0255823;201.92865
1980;7;19;6;4.49409;203.90546
1980;7;19;12;3.6830077;225.59402
1980;7;19;18;2.2488194;285.68643
1980;7;20;0;2.251645;113.196976
1980;7;20;6;4.361594;121.92389
1980;7;20;12;6.763751;135.00844
1980;7;20;18;5.4785233;146.99576
1980;7;21;0;5.0671515;166.99261
1980;7;21;6;4.514978;188.11557
1980;7;21;12;5.7353864;205.8229
1980;7;21;18;8.195073;226.85286
1980;7;22;0;8.322591;253.11441
1980;7;22;6;5.497587;264.6835
1980;7;22;12;4.4220777;313.129
1980;7;22;18;5.02048;304.4584
1980;7;23;0;5.067769;292.9414
1980;7;23;6;2.159523;327.43127
1980;7;23;12;4.0911813;298.59598
1980;7;23;18;4.2248855;305.59296
1980;7;24;0;1.1273494;238.5654
1980;7;24;6;3.7656267;183.48593
1980;7;24;12;5.3477826;160.91455
1980;7;24;18;3.4619253;183.16667
1980;7;25;0;3.8695345;191.15758
1980;7;25;6;5.200096;154.34998
1980;7;25;12;5.446416;148.09576
1980;7;25;18;5.317504;161.82886
1980;7;26;0;6.810784;160.08963
1980;7;26;6;8.434088;154.23439
1980;7;26;12;9.157984;158.98901
1980;7;26;18;11.082102;161.89066
1980;7;27;0;8.681218;191.30695
1980;7;27;6;6.0499916;169.84207
1980;7;27;12;6.6256084;165.16473
1980;7;27;18;9.985088;158.5109
1980;7;28;0;9.558672;154.43825
1980;7;28;6;9.209745;154.85092
1980;7;28;12;5.5092735;162.16306
1980;7;28;18;8.419038;148.11414
1980;7;29;0;8.391989;142.8169
1980;7;29;6;8.197159;139.22484
1980;7;29;12;8.989177;153.91846
1980;7;29;18;6.4450717;177.0753
1980;7;30;0;7.0663567;159.9762
1980;7;30;6;8.338046;157.18588
1980;7;30;12;7.691012;162.07477
1980;7;30;18;5.449918;172.0896
1980;7;31;0;4.8373656;158.71
1980;7;31;6;5.2513566;164.22792
1980;7;31;12;1.8987012;245.00371
1980;7;31;18;1.2595667;267.9756
1981;5;1;0;2.6006632;179.62631
1981;5;1;6;3.142139;202.48637
1981;5;1;12;4.441336;128.85735
1981;5;1;18;8.183544;127.56857
1981;5;2;0;8.229841;156.02414
1981;5;2;6;6.731773;187.94287
1981;5;2;12;3.446192;268.56705
1981;5;2;18;3.964859;274.7015
1981;5;3;0;3.3729973;258.64005
1981;5;3;6;2.9862976;254.78835
1981;5;3;12;1.1668226;265.99213
1981;5;3;18;1.8881055;73.01123
1981;5;4;0;4.6043963;104.642334
1981;5;4;6;5.5983844;128.37181
1981;5;4;12;3.3815532;124.18503
1981;5;4;18;1.8080364;152.72525
1981;5;5;0;1.339697;314.80493
1981;5;5;6;1.4873078;206.15903
1981;5;5;12;2.917317;145.97467
1981;5;5;18;5.6754875;139.24777
1981;5;6;0;8.159709;143.57352
1981;5;6;6;8.843097;150.85995
1981;5;6;12;7.9648004;167.142
1981;5;6;18;6.676329;188.83261
1981;5;7;0;7.1960683;164.76599
1981;5;7;6;8.402999;162.82428
1981;5;7;12;8.875594;182.1169
1981;5;7;18;9.747513;185.30402
1981;5;8;0;11.31514;154.15372
1981;5;8;6;16.532806;145.41487
1981;5;8;12;22.009172;141.62784
1981;5;8;18;23.058504;137.53787
1981;5;9;0;25.21469;139.50316
1981;5;9;6;23.124466;131.614
1981;5;9;12;14.575702;150.48994
1981;5;9;18;7.470182;252.68546
1981;5;10;0;5.9087853;244.88394
1981;5;10;6;7.262843;211.74953
1981;5;10;12;14.330102;248.00934
1981;5;10;18;13.646904;248.93954
1981;5;11;0;6.9369583;240.23012
1981;5;11;6;3.9619625;186.29774
1981;5;11;12;5.971488;113.888214
1981;5;11;18;7.6585836;128.09366
1981;5;12;0;7.6785073;139.79736
1981;5;12;6;7.0306954;145.32913
1981;5;12;12;9.60387;147.63232
1981;5;12;18;8.870833;152.35983
1981;5;13;0;9.885653;141.90135
1981;5;13;6;8.738063;141.53874
1981;5;13;12;5.8069825;148.21442
1981;5;13;18;3.6302745;153.75314
1981;5;14;0;6.179113;148.68774
1981;5;14;6;9.555122;149.33186
1981;5;14;12;8.717674;168.85397
1981;5;14;18;4.9099693;218.9212
1981;5;15;0;5.1306276;176.56157
1981;5;15;6;4.7656975;199.29654
1981;5;15;12;4.5287204;163.01172
1981;5;15;18;3.8049464;203.92108
1981;5;16;0;6.2537613;188.41861
1981;5;16;6;8.065291;202.7093
1981;5;16;12;6.8388667;200.03616
1981;5;16;18;7.1900177;194.24582
1981;5;17;0;7.67204;204.21216
1981;5;17;6;8.029572;221.82047
1981;5;17;12;5.262067;238.57977
1981;5;17;18;4.3709755;300.92444
1981;5;18;0;3.2638626;122.27092
1981;5;18;6;7.353441;133.15472
1981;5;18;12;6.7604785;151.73271
1981;5;18;18;4.4756436;195.54373
1981;5;19;0;6.165317;186.65588
1981;5;19;6;5.5284524;199.44754
1981;5;19;12;4.4856586;208.63028
1981;5;19;18;3.2520843;223.87274
1981;5;20;0;4.975708;168.4943
1981;5;20;6;4.3989344;165.87885
1981;5;20;12;2.7411401;202.06955
1981;5;20;18;0.9074655;319.65247
1981;5;21;0;5.493405;93.01846
1981;5;21;6;7.522646;115.62712
1981;5;21;12;8.891925;133.63853
1981;5;21;18;9.999572;133.11113
1981;5;22;0;11.343342;138.68811
1981;5;22;6;11.995009;135.90744
1981;5;22;12;9.79855;147.25821
1981;5;22;18;6.5972958;158.51523
1981;5;23;0;5.419181;177.58447
1981;5;23;6;3.3139794;176.18301
1981;5;23;12;2.8152015;124.64659
1981;5;23;18;2.7748044;145.22972
1981;5;24;0;6.7461996;150.40399
1981;5;24;6;8.456647;152.20311
1981;5;24;12;8.280441;159.35516
1981;5;24;18;6.362867;176.0195
1981;5;25;0;5.9182477;156.16351
1981;5;25;6;7.832144;156.69363
1981;5;25;12;6.7258205;169.75594
1981;5;25;18;6.404456;157.65237
1981;5;26;0;8.55306;145.03235
1981;5;26;6;11.690671;145.61642
1981;5;26;12;12.880594;143.0213
1981;5;26;18;14.149697;135.75
1981;5;27;0;15.312353;132.35147
1981;5;27;6;16.522312;134.28844
1981;5;27;12;18.328255;131.88235
1981;5;27;18;17.09456;134.00235
1981;5;28;0;15.593106;134.4083
1981;5;28;6;12.871591;134.26999
1981;5;28;12;11.573288;136.70555
1981;5;28;18;11.708724;143.07309
1981;5;29;0;10.295733;147.21173
1981;5;29;6;9.891959;153.91502
1981;5;29;12;5.8537936;169.88055
1981;5;29;18;1.856692;209.03204
1981;5;30;0;2.548526;115.73607
1981;5;30;6;1.7502236;176.74179
1981;5;30;12;2.0246427;98.19861
1981;5;30;18;2.4704032;235.47197
1981;5;31;0;4.39988;131.92346
1981;5;31;6;6.2663336;154.91415
1981;5;31;12;5.3103423;163.758
1981;5;31;18;5.0359864;163.39162
1981;6;1;0;6.4866767;145.22467
1981;6;1;6;8.531716;132.95068
1981;6;1;12;11.051641;133.86661
1981;6;1;18;10.535875;141.34908
1981;6;2;0;11.072809;138.42348
1981;6;2;6;11.415778;139.38094
1981;6;2;12;9.904709;134.34457
1981;6;2;18;9.15021;125.523544
1981;6;3;0;9.152595;119.4756
1981;6;3;6;11.743519;113.56891
1981;6;3;12;16.781883;119.790085
1981;6;3;18;13.901033;122.5128
1981;6;4;0;12.888305;131.0116
1981;6;4;6;10.028398;143.75748
1981;6;4;12;6.718593;120.90051
1981;6;4;18;4.0991807;120.84039
1981;6;5;0;5.221891;126.317764
1981;6;5;6;6.862656;131.65527
1981;6;5;12;4.871658;136.13576
1981;6;5;18;3.826313;135.44652
1981;6;6;0;4.6615705;137.64558
1981;6;6;6;4.801357;133.18907
1981;6;6;12;3.852743;146.19125
1981;6;6;18;2.5052402;232.50427
1981;6;7;0;3.485223;281.52078
1981;6;7;6;4.0732164;246.99365
1981;6;7;12;3.1403096;259.1138
1981;6;7;18;4.0027103;280.978
1981;6;8;0;4.2861834;276.5776
1981;6;8;6;2.0926678;290.4943
1981;6;8;12;3.0581443;128.35966
1981;6;8;18;2.992844;153.67847
1981;6;9;0;4.652183;167.6112
1981;6;9;6;2.6533556;250.46132
1981;6;9;12;3.8118205;265.97928
1981;6;9;18;3.8079467;300.08395
1981;6;10;0;3.3070757;264.09567
1981;6;10;6;1.9282614;251.95638
1981;6;10;12;2.341;223.91776
1981;6;10;18;2.733129;266.9685
1981;6;11;0;4.211109;211.9943
1981;6;11;6;6.5253253;230.27715
1981;6;11;12;3.4044569;324.6573
1981;6;11;18;4.2167983;352.12183
1981;6;12;0;4.9228373;18.902893
1981;6;12;6;7.750467;130.8612
1981;6;12;12;8.424781;118.657
1981;6;12;18;8.500119;135.23709
1981;6;13;0;11.610728;145.61435
1981;6;13;6;11.172827;148.74994
1981;6;13;12;9.496907;154.39154
1981;6;13;18;6.7302203;186.43979
1981;6;14;0;4.9328537;191.98312
1981;6;14;6;3.785972;179.54987
1981;6;14;12;5.1408525;181.64676
1981;6;14;18;3.618691;201.8118
1981;6;15;0;2.854072;176.83475
1981;6;15;6;4.9721646;153.75322
1981;6;15;12;8.194727;148.20895
1981;6;15;18;6.586777;162.75446
1981;6;16;0;3.7501652;198.6767
1981;6;16;6;4.0022078;174.48471
1981;6;16;12;6.3475213;213.61336
1981;6;16;18;5.5361485;255.77533
1981;6;17;0;2.4973128;164.8042
1981;6;17;6;3.590825;169.72131
1981;6;17;12;6.482371;209.90851
1981;6;17;18;3.309075;231.16797
1981;6;18;0;4.7291346;198.97345
1981;6;18;6;5.446509;170.42319
1981;6;18;12;4.8249025;166.24527
1981;6;18;18;3.2058952;205.42912
1981;6;19;0;4.8235283;136.08072
1981;6;19;6;4.829033;172.4716
1981;6;19;12;5.3099227;171.69476
1981;6;19;18;4.0534105;214.62924
1981;6;20;0;5.509247;132.14113
1981;6;20;6;8.306572;147.30392
1981;6;20;12;7.5522404;161.59653
1981;6;20;18;4.4054537;179.10483
1981;6;21;0;4.313397;157.23372
1981;6;21;6;3.6043153;172.25665
1981;6;21;12;2.1839979;202.99667
1981;6;21;18;2.4426398;286.55338
1981;6;22;0;2.0546784;273.87775
1981;6;22;6;2.5272791;247.3688
1981;6;22;12;4.496484;283.8146
1981;6;22;18;5.0428753;285.8148
1981;6;23;0;2.5139422;248.77466
1981;6;23;6;3.8224819;164.327
1981;6;23;12;6.152632;142.85686
1981;6;23;18;6.9173775;141.29956
1981;6;24;0;5.5703487;171.6463
1981;6;24;6;6.334364;138.18623
1981;6;24;12;11.13569;132.7471
1981;6;24;18;16.525742;147.04605
1981;6;25;0;8.47082;178.56639
1981;6;25;6;9.160238;162.10754
1981;6;25;12;5.897367;159.84726
1981;6;25;18;6.215658;141.95366
1981;6;26;0;8.480631;157.82071
1981;6;26;6;7.3277907;165.73029
1981;6;26;12;9.113681;206.1058
1981;6;26;18;5.8773384;218.15979
1981;6;27;0;4.0534754;230.46472
1981;6;27;6;2.105596;258.41406
1981;6;27;12;4.9900284;288.43686
1981;6;27;18;5.080594;307.3266
1981;6;28;0;2.6525831;1.3010254
1981;6;28;6;3.9017978;108.18509
1981;6;28;12;6.4676957;128.19545
1981;6;28;18;4.5454254;154.5238
1981;6;29;0;3.874735;245.50238
1981;6;29;6;2.9768689;268.41498
1981;6;29;12;4.7806206;310.3442
1981;6;29;18;6.0978208;314.81198
1981;6;30;0;6.4611588;290.65012
1981;6;30;6;4.8977556;281.49323
1981;6;30;12;2.7940319;217.36221
1981;6;30;18;3.9189718;170.99155
1981;7;1;0;6.496466;163.48082
1981;7;1;6;7.692108;167.78787
1981;7;1;12;7.719468;167.25711
1981;7;1;18;5.1150312;192.10934
1981;7;2;0;4.946808;267.23563
1981;7;2;6;2.7852561;270.43384
1981;7;2;12;3.069616;131.02551
1981;7;2;18;8.890649;149.07416
1981;7;3;0;6.6543317;147.81819
1981;7;3;6;7.450912;162.1824
1981;7;3;12;6.3507376;168.36314
1981;7;3;18;4.2107487;183.90353
1981;7;4;0;5.62554;146.68735
1981;7;4;6;6.3212643;144.63773
1981;7;4;12;7.3102727;142.12961
1981;7;4;18;7.30194;150.26886
1981;7;5;0;7.3933005;147.39848
1981;7;5;6;7.3773475;147.79356
1981;7;5;12;4.983268;154.80994
1981;7;5;18;1.95907;215.37723
1981;7;6;0;1.7412844;248.24275
1981;7;6;6;2.2851381;251.68832
1981;7;6;12;2.4867747;253.11365
1981;7;6;18;3.427995;290.2332
1981;7;7;0;2.348239;136.86568
1981;7;7;6;5.506348;143.91583
1981;7;7;12;6.782221;133.84908
1981;7;7;18;5.50377;148.7388
1981;7;8;0;5.373401;171.79846
1981;7;8;6;6.141553;150.95334
1981;7;8;12;7.0585885;143.57993
1981;7;8;18;6.834729;147.8938
1981;7;9;0;8.763695;148.04282
1981;7;9;6;8.783707;161.01146
1981;7;9;12;4.7715955;178.02454
1981;7;9;18;2.598387;209.33743
1981;7;10;0;2.6266484;262.69922
1981;7;10;6;2.439816;151.971
1981;7;10;12;4.0174303;132.29227
1981;7;10;18;3.9793205;165.16202
1981;7;11;0;4.384227;156.43944
1981;7;11;6;15.732076;150.90358
1981;7;11;12;17.988232;145.18256
1981;7;11;18;15.898497;135.98878
1981;7;12;0;15.940117;134.42201
1981;7;12;6;14.702861;131.41084
1981;7;12;12;13.387126;130.36826
1981;7;12;18;9.69585;139.83794
1981;7;13;0;7.3982224;148.42404
1981;7;13;6;4.8514585;165.55048
1981;7;13;12;3.320395;136.32574
1981;7;13;18;1.9423732;149.99149
1981;7;14;0;3.6902733;136.62044
1981;7;14;6;4.734979;140.6932
1981;7;14;12;4.5120206;150.68967
1981;7;14;18;2.3306208;219.32155
1981;7;15;0;3.270893;265.88452
1981;7;15;6;4.020619;281.21335
1981;7;15;12;4.714354;282.00946
1981;7;15;18;4.3465858;275.80325
1981;7;16;0;4.1317225;267.02017
1981;7;16;6;1.6029501;206.1835
1981;7;16;12;5.50739;129.91801
1981;7;16;18;8.329488;129.00829
1981;7;17;0;10.213891;145.43987
1981;7;17;6;9.643839;153.25113
1981;7;17;12;7.0253973;171.2615
1981;7;17;18;7.215891;160.49942
1981;7;18;0;7.3134236;151.1359
1981;7;18;6;5.7458177;160.99052
1981;7;18;12;4.507927;222.73918
1981;7;18;18;5.4581084;247.99559
1981;7;19;0;3.0344477;236.71616
1981;7;19;6;2.6835632;190.30136
1981;7;19;12;3.0190098;188.0595
1981;7;19;18;3.5951753;223.12653
1981;7;20;0;2.7720838;179.02783
1981;7;20;6;2.8346927;180.48332
1981;7;20;12;4.7549744;183.33385
1981;7;20;18;5.429923;222.04437
1981;7;21;0;6.0154743;158.44502
1981;7;21;6;6.401986;198.45663
1981;7;21;12;14.047529;210.6733
1981;7;21;18;13.748692;196.94933
1981;7;22;0;15.444288;189.51608
1981;7;22;6;17.820478;196.08328
1981;7;22;12;12.422565;214.4545
1981;7;22;18;8.577425;212.38834
1981;7;23;0;8.454003;201.09457
1981;7;23;6;6.3072824;182.40242
1981;7;23;12;4.178232;215.16925
1981;7;23;18;3.0070133;166.64871
1981;7;24;0;4.4021964;186.45602
1981;7;24;6;4.303062;193.65796
1981;7;24;12;3.7003112;156.18494
1981;7;24;18;1.898295;227.60341
1981;7;25;0;6.771246;345.64816
1981;7;25;6;5.6678395;8.519012
1981;7;25;12;3.990186;26.048523
1981;7;25;18;2.2494223;334.379
1981;7;26;0;2.7432356;242.1583
1981;7;26;6;4.5863028;223.58403
1981;7;26;12;8.079279;214.63
1981;7;26;18;10.289864;222.74341
1981;7;27;0;6.62767;247.28474
1981;7;27;6;3.2072096;211.9514
1981;7;27;12;5.233169;206.73463
1981;7;27;18;5.339977;191.76894
1981;7;28;0;8.614746;203.20699
1981;7;28;6;8.658264;215.16356
1981;7;28;12;6.9033494;228.41388
1981;7;28;18;6.9521;246.9663
1981;7;29;0;6.878699;252.73285
1981;7;29;6;8.211924;250.1121
1981;7;29;12;8.256856;229.9022
1981;7;29;18;6.912058;235.43665
1981;7;30;0;4.7225018;184.54974
1981;7;30;6;6.661229;140.82495
1981;7;30;12;9.05196;135.36263
1981;7;30;18;7.9457154;145.73782
1981;7;31;0;7.8084903;151.29303
1981;7;31;6;7.308479;148.87512
1981;7;31;12;6.451016;165.2619
1981;7;31;18;5.160461;175.76477
1982;5;1;0;5.747886;214.5625
1982;5;1;6;4.314646;172.12024
1982;5;1;12;1.7440516;232.36201
1982;5;1;18;6.8956385;303.5131
1982;5;2;0;4.5245543;298.17612
1982;5;2;6;2.489623;239.10414
1982;5;2;12;2.9216874;153.1163
1982;5;2;18;4.082805;162.90749
1982;5;3;0;5.262246;159.52756
1982;5;3;6;5.9126277;209.45404
1982;5;3;12;5.0005264;213.44545
1982;5;3;18;4.694528;162.99521
1982;5;4;0;5.5203385;183.00885
1982;5;4;6;6.70282;205.57271
1982;5;4;12;7.8871665;226.73022
1982;5;4;18;6.7732096;236.63005
1982;5;5;0;6.011137;246.2248
1982;5;5;6;4.1442337;221.73344
1982;5;5;12;4.565137;223.17735
1982;5;5;18;5.0425324;248.40883
1982;5;6;0;3.3656092;164.95367
1982;5;6;6;6.100422;155.91792
1982;5;6;12;7.0505004;145.03217
1982;5;6;18;6.937263;146.9372
1982;5;7;0;8.675607;136.72469
1982;5;7;6;9.849347;152.17099
1982;5;7;12;7.263541;170.4614
1982;5;7;18;6.6224904;202.67831
1982;5;8;0;5.1016955;211.8563
1982;5;8;6;4.7437;192.77689
1982;5;8;12;5.9381533;215.86162
1982;5;8;18;5.522654;232.21068
1982;5;9;0;4.296004;189.92813
1982;5;9;6;6.707184;170.6283
1982;5;9;12;10.961688;211.71098
1982;5;9;18;9.90142;229.79524
1982;5;10;0;6.7823844;233.94125
1982;5;10;6;5.4792757;208.57478
1982;5;10;12;5.796039;247.01761
1982;5;10;18;6.2355037;244.37785
1982;5;11;0;1.1669508;180.60641
1982;5;11;6;3.7331963;148.3404
1982;5;11;12;2.8744655;245.46948
1982;5;11;18;5.0669656;315.31305
1982;5;12;0;3.456567;334.01443
1982;5;12;6;2.259083;17.75241
1982;5;12;12;2.6797023;343.38864
1982;5;12;18;3.109487;359.78705
1982;5;13;0;1.2056671;128.66852
1982;5;13;6;5.072973;133.5665
1982;5;13;12;5.2630296;137.03671
1982;5;13;18;5.5118337;162.30066
1982;5;14;0;5.8278227;151.12979
1982;5;14;6;5.9516535;156.7157
1982;5;14;12;3.9416337;171.41666
1982;5;14;18;3.6617465;182.0588
1982;5;15;0;4.0451055;182.66302
1982;5;15;6;4.9586134;177.0014
1982;5;15;12;2.8825326;216.87915
1982;5;15;18;2.7574418;291.34177
1982;5;16;0;1.6598289;70.415405
1982;5;16;6;4.9378653;152.5832
1982;5;16;12;6.37157;149.64526
1982;5;16;18;5.072199;175.86377
1982;5;17;0;5.053735;167.03738
1982;5;17;6;6.174562;147.30638
1982;5;17;12;4.8287473;172.76328
1982;5;17;18;3.5219016;186.01257
1982;5;18;0;5.1846423;144.12
1982;5;18;6;6.3662267;147.28717
1982;5;18;12;4.9776936;159.2568
1982;5;18;18;4.400031;165.9353
1982;5;19;0;5.6081295;151.39688
1982;5;19;6;8.113461;157.52213
1982;5;19;12;8.599517;155.97803
1982;5;19;18;9.884924;155.04042
1982;5;20;0;11.326335;152.9109
1982;5;20;6;11.683921;149.805
1982;5;20;12;11.550144;147.99423
1982;5;20;18;12.015001;150.22261
1982;5;21;0;12.37523;144.42142
1982;5;21;6;11.976756;148.32195
1982;5;21;12;9.740521;147.94945
1982;5;21;18;8.2647295;156.5202
1982;5;22;0;7.858785;147.89453
1982;5;22;6;8.71884;154.05023
1982;5;22;12;8.728141;140.36613
1982;5;22;18;10.975473;141.27057
1982;5;23;0;12.39655;138.06276
1982;5;23;6;14.28135;137.17744
1982;5;23;12;13.606957;138.61624
1982;5;23;18;12.722828;138.71301
1982;5;24;0;10.978008;139.09796
1982;5;24;6;10.989237;135.08777
1982;5;24;12;9.711207;145.71408
1982;5;24;18;6.6538763;149.42262
1982;5;25;0;6.0978785;132.92838
1982;5;25;6;6.7587686;129.93834
1982;5;25;12;6.0572314;124.24481
1982;5;25;18;5.439187;143.44266
1982;5;26;0;6.4615703;151.51694
1982;5;26;6;6.0890274;148.18803
1982;5;26;12;6.327992;149.8518
1982;5;26;18;6.131198;160.31537
1982;5;27;0;7.0894556;153.95653
1982;5;27;6;7.964074;150.88501
1982;5;27;12;6.387275;145.32236
1982;5;27;18;6.2385635;136.85345
1982;5;28;0;7.1354756;131.21887
1982;5;28;6;7.7459984;126.538055
1982;5;28;12;7.688666;127.92262
1982;5;28;18;7.5022616;140.34009
1982;5;29;0;8.563084;144.22592
1982;5;29;6;9.398643;149.65881
1982;5;29;12;8.779339;163.19724
1982;5;29;18;6.3603826;183.05423
1982;5;30;0;2.981483;233.87494
1982;5;30;6;3.3392794;213.01479
1982;5;30;12;6.7649074;246.29344
1982;5;30;18;5.6821957;253.29623
1982;5;31;0;3.6907098;139.76465
1982;5;31;6;7.6490927;130.40042
1982;5;31;12;9.018861;138.93103
1982;5;31;18;6.7169385;158.17311
1982;6;1;0;7.1442595;145.61845
1982;6;1;6;7.19728;144.46783
1982;6;1;12;6.296772;144.33105
1982;6;1;18;5.744549;162.47813
1982;6;2;0;5.5481944;157.39769
1982;6;2;6;5.1943593;164.32617
1982;6;2;12;3.0547338;163.99936
1982;6;2;18;2.8135657;161.23734
1982;6;3;0;5.042023;143.92792
1982;6;3;6;6.9781065;138.50778
1982;6;3;12;7.07161;155.07823
1982;6;3;18;8.062315;158.2214
1982;6;4;0;8.340338;163.90005
1982;6;4;6;9.50594;151.98822
1982;6;4;12;12.408961;188.47424
1982;6;4;18;7.950315;182.66693
1982;6;5;0;6.4368052;156.1907
1982;6;5;6;8.197826;154.5191
1982;6;5;12;4.451276;197.14581
1982;6;5;18;4.3539877;235.04083
1982;6;6;0;4.659507;108.77055
1982;6;6;6;8.080745;148.253
1982;6;6;12;8.077791;137.39531
1982;6;6;18;7.9299026;136.29231
1982;6;7;0;8.2589655;129.3591
1982;6;7;6;8.7441;120.30995
1982;6;7;12;11.843062;133.58223
1982;6;7;18;14.13228;123.49834
1982;6;8;0;11.851736;128.81683
1982;6;8;6;12.616627;124.31084
1982;6;8;12;11.083456;136.72626
1982;6;8;18;8.785291;140.49272
1982;6;9;0;5.962171;140.74013
1982;6;9;6;5.445388;128.86105
1982;6;9;12;3.425492;117.8864
1982;6;9;18;4.2890916;134.43495
1982;6;10;0;6.459226;139.43977
1982;6;10;6;7.164655;133.04744
1982;6;10;12;7.6870832;145.36395
1982;6;10;18;4.226614;159.51904
1982;6;11;0;4.8836555;146.34454
1982;6;11;6;4.3585167;136.66574
1982;6;11;12;3.7667022;127.94609
1982;6;11;18;2.3590329;112.29239
1982;6;12;0;4.8861384;128.39612
1982;6;12;6;5.0188465;142.4427
1982;6;12;12;4.5113263;153.536
1982;6;12;18;3.5635362;228.53983
1982;6;13;0;4.1306067;227.832
1982;6;13;6;3.899229;236.93344
1982;6;13;12;4.5525064;296.76044
1982;6;13;18;4.2040086;336.6381
1982;6;14;0;2.8674512;316.39215
1982;6;14;6;2.344971;171.89526
1982;6;14;12;3.7682276;191.59201
1982;6;14;18;3.2473047;266.3498
1982;6;15;0;2.9932902;309.147
1982;6;15;6;1.339448;349.5064
1982;6;15;12;2.2194355;82.2146
1982;6;15;18;2.9260597;127.50598
1982;6;16;0;5.8220563;136.48216
1982;6;16;6;7.3347673;139.07768
1982;6;16;12;5.772143;134.63498
1982;6;16;18;3.8766007;151.93619
1982;6;17;0;5.4741282;137.66498
1982;6;17;6;7.615182;147.1302
1982;6;17;12;7.745428;136.03267
1982;6;17;18;6.465767;138.11942
1982;6;18;0;5.68594;130.83536
1982;6;18;6;5.779713;127.692245
1982;6;18;12;4.547031;154.41829
1982;6;18;18;4.6335926;170.44238
1982;6;19;0;6.69521;138.22778
1982;6;19;6;8.7974205;135.05716
1982;6;19;12;9.316345;146.0288
1982;6;19;18;8.649742;148.65648
1982;6;20;0;8.470881;145.70473
1982;6;20;6;8.934175;145.54398
1982;6;20;12;8.432085;151.06389
1982;6;20;18;8.200906;153.30392
1982;6;21;0;8.811246;153.35019
1982;6;21;6;6.811235;157.34526
1982;6;21;12;4.5203905;172.88657
1982;6;21;18;3.2470698;186.44296
1982;6;22;0;1.4841287;173.06775
1982;6;22;6;2.9886837;163.335
1982;6;22;12;3.2349272;140.33813
1982;6;22;18;1.9091525;153.11127
1982;6;23;0;3.5901394;162.83902
1982;6;23;6;3.7957115;157.45996
1982;6;23;12;1.5982008;184.25452
1982;6;23;18;2.3075087;307.35825
1982;6;24;0;1.6615305;355.22415
1982;6;24;6;3.1013951;139.23123
1982;6;24;12;1.5807028;126.889404
1982;6;24;18;1.2684411;44.23755
1982;6;25;0;2.5508826;112.12723
1982;6;25;6;4.154472;141.1921
1982;6;25;12;3.280776;139.58185
1982;6;25;18;1.6550914;172.6844
1982;6;26;0;3.9664657;146.81583
1982;6;26;6;6.0597806;149.90955
1982;6;26;12;6.953767;144.11023
1982;6;26;18;4.6570225;161.80392
1982;6;27;0;4.2745733;146.58908
1982;6;27;6;4.595996;146.91483
1982;6;27;12;2.8354278;165.93279
1982;6;27;18;1.3112973;169.52646
1982;6;28;0;4.367726;158.76437
1982;6;28;6;5.8222775;156.16599
1982;6;28;12;5.959755;160.77641
1982;6;28;18;4.817668;178.6387
1982;6;29;0;4.5914793;177.4469
1982;6;29;6;4.8813963;155.59732
1982;6;29;12;3.6085644;162.60092
1982;6;29;18;3.0450757;179.51514
1982;6;30;0;3.4170475;164.77704
1982;6;30;6;3.918312;143.51505
1982;6;30;12;4.5799184;137.67914
1982;6;30;18;2.9110236;148.79094
1982;7;1;0;3.5559337;138.19806
1982;7;1;6;5.135018;130.64848
1982;7;1;12;4.2388124;134.00955
1982;7;1;18;4.744172;138.85187
1982;7;2;0;7.984936;130.4749
1982;7;2;6;11.13633;135.34148
1982;7;2;12;13.728748;133.99673
1982;7;2;18;15.361764;141.81033
1982;7;3;0;14.372891;130.48718
1982;7;3;6;13.037153;129.6295
1982;7;3;12;9.668151;133.52487
1982;7;3;18;7.557295;138.92268
1982;7;4;0;6.8181515;134.89578
1982;7;4;6;7.5009437;136.55544
1982;7;4;12;6.925937;140.71654
1982;7;4;18;5.489416;146.1076
1982;7;5;0;5.4706635;123.42029
1982;7;5;6;5.796326;140.65903
1982;7;5;12;3.9776142;174.18332
1982;7;5;18;2.572883;226.15245
1982;7;6;0;3.886366;272.72668
1982;7;6;6;3.9066784;284.29477
1982;7;6;12;5.1391177;280.74664
1982;7;6;18;7.8855996;300.35397
1982;7;7;0;3.999291;310.93335
1982;7;7;6;4.140131;306.08636
1982;7;7;12;7.4950333;297.1345
1982;7;7;18;5.834633;296.598
1982;7;8;0;4.690048;285.879
1982;7;8;6;1.8410085;247.96284
1982;7;8;12;2.8821602;182.58908
1982;7;8;18;4.357095;243.7115
1982;7;9;0;1.8296361;177.95038
1982;7;9;6;6.717862;148.79318
1982;7;9;12;7.472768;144.10541
1982;7;9;18;6.860463;145.55978
1982;7;10;0;5.841384;164.9654
1982;7;10;6;5.786686;150.0489
1982;7;10;12;4.221136;154.10844
1982;7;10;18;5.836999;139.61108
1982;7;11;0;9.362041;135.47821
1982;7;11;6;11.618278;144.40372
1982;7;11;12;11.522088;147.42957
1982;7;11;18;10.844602;152.54436
1982;7;12;0;8.310635;154.361
1982;7;12;6;8.600473;154.60204
1982;7;12;12;6.40589;157.913
1982;7;12;18;3.942279;182.57382
1982;7;13;0;4.6638484;134.27264
1982;7;13;6;3.944435;179.62881
1982;7;13;12;4.608614;195.71707
1982;7;13;18;3.5564682;141.49503
1982;7;14;0;6.850961;144.5322
1982;7;14;6;9.000935;149.6625
1982;7;14;12;6.899358;203.9446
1982;7;14;18;7.4586487;235.80528
1982;7;15;0;4.2338314;240.8672
1982;7;15;6;1.3839003;151.7359
1982;7;15;12;2.9287817;100.48088
1982;7;15;18;3.4498916;118.93315
1982;7;16;0;2.0482981;77.91028
1982;7;16;6;2.8497977;295.47717
1982;7;16;12;5.8699236;329.4676
1982;7;16;18;9.387086;320.50027
1982;7;17;0;8.205345;317.82663
1982;7;17;6;7.2318654;332.65738
1982;7;17;12;8.8801985;336.52606
1982;7;17;18;7.0714726;332.62402
1982;7;18;0;4.1784983;317.32245
1982;7;18;6;2.0191221;261.73328
1982;7;18;12;4.5840807;276.15784
1982;7;18;18;3.5414543;217.69891
1982;7;19;0;5.1473246;167.5791
1982;7;19;6;7.76489;151.26825
1982;7;19;12;7.3301277;163.27115
1982;7;19;18;8.889991;156.37451
1982;7;20;0;8.280041;168.29012
1982;7;20;6;6.212589;178.2225
1982;7;20;12;5.845832;183.54669
1982;7;20;18;7.6346;199.87433
1982;7;21;0;6.953418;187.1762
1982;7;21;6;6.538295;192.02908
1982;7;21;12;6.529929;236.22118
1982;7;21;18;6.099908;250.17076
1982;7;22;0;4.4759493;257.49863
1982;7;22;6;5.336963;287.91553
1982;7;22;12;5.1784296;256.99966
1982;7;22;18;7.3559566;267.14566
1982;7;23;0;6.5825067;252.23917
1982;7;23;6;7.020427;268.98248
1982;7;23;12;5.2053347;264.24567
1982;7;23;18;2.9491997;224.99826
1982;7;24;0;3.744958;179.12865
1982;7;24;6;4.9920287;135.05106
1982;7;24;12;8.2854395;128.93683
1982;7;24;18;8.215288;142.61674
1982;7;25;0;6.911269;148.56668
1982;7;25;6;4.190822;160.64413
1982;7;25;12;8.244664;138.4866
1982;7;25;18;7.9791408;175.58354
1982;7;26;0;6.1831756;244.3733
1982;7;26;6;5.8643546;244.74803
1982;7;26;12;8.782114;251.71396
1982;7;26;18;7.6768293;266.2537
1982;7;27;0;4.77271;251.1376
1982;7;27;6;5.328219;236.42603
1982;7;27;12;8.276144;244.453
1982;7;27;18;8.399913;229.89182
1982;7;28;0;6.5959063;228.16261
1982;7;28;6;5.123668;240.19417
1982;7;28;12;3.6730566;239.72345
1982;7;28;18;5.2024;258.6737
1982;7;29;0;3.7272532;250.8776
1982;7;29;6;2.5315518;210.47638
1982;7;29;12;3.2801187;252.07086
1982;7;29;18;2.927434;266.3199
1982;7;30;0;3.598991;237.58301
1982;7;30;6;5.9148483;183.80576
1982;7;30;12;7.4631934;196.1554
1982;7;30;18;8.105853;196.84236
1982;7;31;0;9.591296;198.84357
1982;7;31;6;10.054089;199.35922
1982;7;31;12;8.200193;205.74626
1982;7;31;18;6.487948;179.90167
1983;5;1;0;1.6473513;143.91565
1983;5;1;6;3.1912332;120.75661
1983;5;1;12;4.1341076;143.85089
1983;5;1;18;0.48079166;49.115295
1983;5;2;0;3.8283;338.7187
1983;5;2;6;1.8436015;38.58087
1983;5;2;12;2.2990565;154.46468
1983;5;2;18;1.375578;268.80228
1983;5;3;0;3.0263715;219.39006
1983;5;3;6;5.4223537;198.261
1983;5;3;12;5.0054555;200.12115
1983;5;3;18;3.8842402;224.51999
1983;5;4;0;3.260373;163.42722
1983;5;4;6;5.125079;283.36917
1983;5;4;12;5.6767073;242.73296
1983;5;4;18;5.8261952;258.59714
1983;5;5;0;3.0909014;178.20802
1983;5;5;6;5.398573;165.02081
1983;5;5;12;5.8493223;164.69165
1983;5;5;18;7.034342;144.83218
1983;5;6;0;10.708909;147.4552
1983;5;6;6;15.516673;150.41284
1983;5;6;12;9.702366;163.65457
1983;5;6;18;7.767027;186.99707
1983;5;7;0;6.8030615;201.9986
1983;5;7;6;6.782462;207.39838
1983;5;7;12;7.13307;222.14267
1983;5;7;18;1.3545102;214.55283
1983;5;8;0;5.42564;96.02493
1983;5;8;6;4.873481;116.52425
1983;5;8;12;3.0633118;127.23094
1983;5;8;18;2.1045337;296.71497
1983;5;9;0;1.9729816;325.51736
1983;5;9;6;2.4266992;137.42007
1983;5;9;12;4.3367305;150.91492
1983;5;9;18;2.1818635;252.02292
1983;5;10;0;1.8362521;166.32324
1983;5;10;6;3.4801888;170.91458
1983;5;10;12;2.8989656;194.39966
1983;5;10;18;2.4979692;232.05743
1983;5;11;0;4.937241;183.98257
1983;5;11;6;6.1088934;194.74953
1983;5;11;12;9.445347;218.43758
1983;5;11;18;9.07512;244.45639
1983;5;12;0;5.092957;235.27686
1983;5;12;6;4.4191523;191.1998
1983;5;12;12;5.9648376;190.8
1983;5;12;18;7.4673176;214.70909
1983;5;13;0;9.734926;172.92807
1983;5;13;6;12.062206;205.28482
1983;5;13;12;9.262985;208.43808
1983;5;13;18;6.4407287;228.80377
1983;5;14;0;5.018616;257.51218
1983;5;14;6;2.2432861;262.84213
1983;5;14;12;3.952413;271.30112
1983;5;14;18;3.7428093;291.5743
1983;5;15;0;2.3157618;303.5512
1983;5;15;6;3.0649107;136.51892
1983;5;15;12;5.5526342;152.00203
1983;5;15;18;5.1502542;173.14925
1983;5;16;0;6.3184233;163.45947
1983;5;16;6;7.5424066;160.24278
1983;5;16;12;6.7992487;174.0729
1983;5;16;18;5.603047;171.84247
1983;5;17;0;7.8047657;148.30397
1983;5;17;6;8.785862;150.00803
1983;5;17;12;10.5605955;142.82372
1983;5;17;18;15.834574;147.6575
1983;5;18;0;14.691044;152.45117
1983;5;18;6;12.820482;158.97131
1983;5;18;12;8.51061;184.44736
1983;5;18;18;6.79701;200.1189
1983;5;19;0;6.341817;194.00604
1983;5;19;6;5.5601954;154.56122
1983;5;19;12;8.657751;116.34679
1983;5;19;18;12.880258;122.79707
1983;5;20;0;17.008198;125.00993
1983;5;20;6;17.312733;139.59459
1983;5;20;12;17.150026;137.22314
1983;5;20;18;18.04951;136.55574
1983;5;21;0;14.359893;140.11748
1983;5;21;6;11.202689;145.51491
1983;5;21;12;8.753104;144.23477
1983;5;21;18;6.718776;152.90198
1983;5;22;0;6.8993974;149.51169
1983;5;22;6;6.840288;147.74203
1983;5;22;12;4.5618544;155.51546
1983;5;22;18;3.5156116;168.03162
1983;5;23;0;4.2906456;176.53004
1983;5;23;6;5.099718;181.09537
1983;5;23;12;4.54262;204.34473
1983;5;23;18;3.7780788;237.39694
1983;5;24;0;2.6138554;357.7078
1983;5;24;6;4.447931;104.564316
1983;5;24;12;8.908069;128.60324
1983;5;24;18;8.138219;132.29697
1983;5;25;0;6.3501253;129.23528
1983;5;25;6;7.4075174;128.6375
1983;5;25;12;7.7992706;136.72992
1983;5;25;18;8.250112;125.662094
1983;5;26;0;9.501307;129.71765
1983;5;26;6;10.648734;130.27794
1983;5;26;12;12.131761;127.04512
1983;5;26;18;13.755409;126.69736
1983;5;27;0;13.923878;131.72481
1983;5;27;6;12.455301;131.4413
1983;5;27;12;10.999953;136.74622
1983;5;27;18;8.998345;136.37604
1983;5;28;0;7.533272;138.19424
1983;5;28;6;8.0711975;133.87843
1983;5;28;12;8.199349;146.07066
1983;5;28;18;6.4600425;159.90692
1983;5;29;0;6.930082;154.62805
1983;5;29;6;7.361395;158.14062
1983;5;29;12;7.1993265;191.86118
1983;5;29;18;4.8672457;225.94771
1983;5;30;0;3.8260233;210.19202
1983;5;30;6;3.5022974;210.5848
1983;5;30;12;3.4314134;215.14386
1983;5;30;18;3.8970132;222.98529
1983;5;31;0;2.683708;199.72931
1983;5;31;6;3.5256205;213.61913
1983;5;31;12;5.269156;224.21785
1983;5;31;18;3.92059;264.68484
1983;6;1;0;1.495635;205.86826
1983;6;1;6;4.456926;169.34265
1983;6;1;12;3.5195327;196.6114
1983;6;1;18;3.2125902;250.19415
1983;6;2;0;0.5603577;0.7401428
1983;6;2;6;3.2943106;146.32248
1983;6;2;12;4.2123384;149.38527
1983;6;2;18;5.36552;137.91718
1983;6;3;0;7.266944;130.57579
1983;6;3;6;8.973768;141.28302
1983;6;3;12;6.1150594;172.62256
1983;6;3;18;3.4169114;176.93654
1983;6;4;0;6.5784717;134.11098
1983;6;4;6;12.887159;133.73831
1983;6;4;12;14.023168;144.64713
1983;6;4;18;15.16113;150.17175
1983;6;5;0;12.8726635;156.43268
1983;6;5;6;10.010181;158.19807
1983;6;5;12;6.818018;161.4995
1983;6;5;18;4.1972475;176.24887
1983;6;6;0;0.724644;219.64674
1983;6;6;6;2.839994;284.38922
1983;6;6;12;4.3789635;312.25214
1983;6;6;18;4.736494;300.7614
1983;6;7;0;2.673909;332.10458
1983;6;7;6;1.4745282;316.3592
1983;6;7;12;1.4098684;35.566833
1983;6;7;18;1.8354564;154.46298
1983;6;8;0;3.5617027;112.282074
1983;6;8;6;5.812036;143.3035
1983;6;8;12;5.6743765;145.95605
1983;6;8;18;7.2738113;143.48065
1983;6;9;0;11.150636;141.5964
1983;6;9;6;16.27568;144.34348
1983;6;9;12;16.551884;139.66922
1983;6;9;18;14.081131;144.98434
1983;6;10;0;9.446674;154.6437
1983;6;10;6;5.7550774;153.0799
1983;6;10;12;2.8950472;163.15569
1983;6;10;18;1.5783103;354.83295
1983;6;11;0;1.9275448;341.6422
1983;6;11;6;3.1012995;20.36267
1983;6;11;12;1.7427331;43.866028
1983;6;11;18;3.1516008;24.121124
1983;6;12;0;4.9942374;89.84827
1983;6;12;6;5.7883644;117.89563
1983;6;12;12;2.5938969;132.89821
1983;6;12;18;2.6718988;229.16685
1983;6;13;0;2.665258;303.95926
1983;6;13;6;2.3573208;229.26787
1983;6;13;12;4.2857046;290.03455
1983;6;13;18;4.52979;313.18054
1983;6;14;0;1.5525273;313.16016
1983;6;14;6;2.862009;168.35728
1983;6;14;12;4.4482293;167.6735
1983;6;14;18;5.906421;238.77357
1983;6;15;0;5.8209195;242.49051
1983;6;15;6;4.1846013;221.49466
1983;6;15;12;4.8387337;227.34224
1983;6;15;18;3.7622619;356.98477
1983;6;16;0;5.7749453;87.86377
1983;6;16;6;6.6469536;100.70567
1983;6;16;12;5.9985995;91.01837
1983;6;16;18;6.9947395;72.11481
1983;6;17;0;7.7644687;84.79651
1983;6;17;6;8.773889;90.35991
1983;6;17;12;8.917599;98.80139
1983;6;17;18;8.797014;101.01187
1983;6;18;0;9.276556;109.24043
1983;6;18;6;10.088137;112.528946
1983;6;18;12;10.179714;122.479034
1983;6;18;18;9.894488;123.89685
1983;6;19;0;8.743509;134.9554
1983;6;19;6;8.379491;137.22115
1983;6;19;12;7.986664;134.71318
1983;6;19;18;6.6726623;139.19836
1983;6;20;0;6.6916084;143.51483
1983;6;20;6;5.7460227;154.12466
1983;6;20;12;5.8723674;147.46252
1983;6;20;18;8.52304;150.6983
1983;6;21;0;9.851531;154.4461
1983;6;21;6;9.055231;164.61435
1983;6;21;12;9.211578;192.2863
1983;6;21;18;8.653935;217.00493
1983;6;22;0;8.394363;211.07925
1983;6;22;6;7.05511;205.28825
1983;6;22;12;6.0109386;227.36313
1983;6;22;18;5.0187283;229.97649
1983;6;23;0;4.0262594;160.23116
1983;6;23;6;4.3197846;218.10133
1983;6;23;12;1.9769508;289.04147
1983;6;23;18;6.299333;349.80112
1983;6;24;0;3.6762123;0.5315857
1983;6;24;6;2.2844052;10.3151245
1983;6;24;12;3.0247815;338.02856
1983;6;24;18;3.5378819;340.47757
1983;6;25;0;3.250608;73.9447
1983;6;25;6;6.13592;132.52296
1983;6;25;12;9.042164;124.35231
1983;6;25;18;10.674285;143.17612
1983;6;26;0;7.723762;171.45578
1983;6;26;6;8.62467;196.20891
1983;6;26;12;7.5346866;159.3895
1983;6;26;18;6.57782;158.84308
1983;6;27;0;3.9771824;216.69092
1983;6;27;6;5.3581944;239.11084
1983;6;27;12;7.4147882;229.7547
1983;6;27;18;8.403713;262.69165
1983;6;28;0;2.9193797;199.15054
1983;6;28;6;5.407795;152.06573
1983;6;28;12;5.3944445;131.2968
1983;6;28;18;7.705669;131.48637
1983;6;29;0;8.681262;151.13681
1983;6;29;6;11.454061;145.62262
1983;6;29;12;16.094492;133.56677
1983;6;29;18;19.864132;135.03493
1983;6;30;0;18.040556;126.10951
1983;6;30;6;12.60896;143.15347
1983;6;30;12;10.500466;133.70181
1983;6;30;18;14.880543;141.48868
1983;7;1;0;11.351188;139.93823
1983;7;1;6;11.788483;131.245
1983;7;1;12;8.94259;139.11203
1983;7;1;18;6.3618484;132.53989
1983;7;2;0;8.219764;124.43399
1983;7;2;6;8.588226;135.84518
1983;7;2;12;9.593346;133.15033
1983;7;2;18;8.363111;143.99713
1983;7;3;0;10.989962;132.47581
1983;7;3;6;7.6811743;131.56755
1983;7;3;12;4.060814;124.698746
1983;7;3;18;5.8360615;307.16498
1983;7;4;0;6.089911;312.962
1983;7;4;6;5.435167;325.37924
1983;7;4;12;5.1642146;1.1629639
1983;7;4;18;5.716572;333.54178
1983;7;5;0;4.6795897;353.2597
1983;7;5;6;3.7093794;115.14624
1983;7;5;12;3.3481407;139.47867
1983;7;5;18;4.263066;160.88855
1983;7;6;0;6.527397;176.18687
1983;7;6;6;6.7887983;195.04703
1983;7;6;12;7.8072762;177.48615
1983;7;6;18;9.733387;196.31476
1983;7;7;0;7.3635316;213.94337
1983;7;7;6;5.7729187;179.56648
1983;7;7;12;7.877358;235.37515
1983;7;7;18;8.565543;263.87125
1983;7;8;0;4.8483067;268.2361
1983;7;8;6;5.620665;285.45105
1983;7;8;12;6.9340997;279.85983
1983;7;8;18;7.8370333;305.03897
1983;7;9;0;5.75738;287.3823
1983;7;9;6;5.463666;270.6046
1983;7;9;12;4.5035458;287.28503
1983;7;9;18;2.7505853;346.76065
1983;7;10;0;1.9480366;47.8808
1983;7;10;6;4.5223074;133.29404
1983;7;10;12;5.7832227;150.70468
1983;7;10;18;4.2055626;198.80988
1983;7;11;0;5.1697736;163.92467
1983;7;11;6;6.73658;152.15778
1983;7;11;12;7.967733;150.34622
1983;7;11;18;6.0792108;180.35065
1983;7;12;0;7.5226636;146.16846
1983;7;12;6;10.465627;147.64331
1983;7;12;12;6.564673;186.8813
1983;7;12;18;7.3906584;237.28485
1983;7;13;0;5.588355;194.03926
1983;7;13;6;7.7669654;179.76663
1983;7;13;12;10.165102;239.32942
1983;7;13;18;9.037538;264.50354
1983;7;14;0;2.461042;245.47173
1983;7;14;6;5.1402764;133.48666
1983;7;14;12;8.516349;142.9581
1983;7;14;18;4.7000914;172.38702
1983;7;15;0;9.431782;208.38821
1983;7;15;6;10.469942;228.84381
1983;7;15;12;7.6942153;242.3793
1983;7;15;18;8.702649;273.7267
1983;7;16;0;5.887259;286.98782
1983;7;16;6;3.5812976;256.30264
1983;7;16;12;4.0690875;221.9132
1983;7;16;18;6.2852144;251.14958
1983;7;17;0;6.6031976;228.21523
1983;7;17;6;7.3496876;230.67427
1983;7;17;12;7.50121;233.26233
1983;7;17;18;6.610752;234.68077
1983;7;18;0;4.5470943;210.81915
1983;7;18;6;4.3245425;177.88281
1983;7;18;12;6.009261;190.03775
1983;7;18;18;6.7035723;228.25446
1983;7;19;0;4.370026;197.06668
1983;7;19;6;5.1071367;174.86798
1983;7;19;12;4.877399;166.1016
1983;7;19;18;7.902612;134.45627
1983;7;20;0;12.412146;154.37383
1983;7;20;6;11.936898;159.89114
1983;7;20;12;6.953379;174.54987
1983;7;20;18;5.1352863;274.36365
1983;7;21;0;3.5279725;222.7798
1983;7;21;6;4.566368;189.9652
1983;7;21;12;5.2781487;184.33809
1983;7;21;18;4.4195895;221.5442
1983;7;22;0;5.30585;167.33566
1983;7;22;6;6.3237686;158.65588
1983;7;22;12;7.429296;167.22961
1983;7;22;18;5.102958;210.98819
1983;7;23;0;4.746596;158.60617
1983;7;23;6;6.144948;152.86957
1983;7;23;12;7.0797358;138.24149
1983;7;23;18;4.6609383;212.08534
1983;7;24;0;3.8920484;201.09247
1983;7;24;6;5.7881565;147.04103
1983;7;24;12;7.328325;151.57135
1983;7;24;18;4.8465624;185.79877
1983;7;25;0;6.5712895;151.21881
1983;7;25;6;5.859856;181.05386
1983;7;25;12;5.7911043;212.95914
1983;7;25;18;3.3498652;279.48163
1983;7;26;0;1.9048373;122.70795
1983;7;26;6;3.024346;215.13239
1983;7;26;12;2.8787782;201.08682
1983;7;26;18;3.2935505;200.29288
1983;7;27;0;4.6257186;161.5208
1983;7;27;6;5.271924;163.43976
1983;7;27;12;4.771973;148.39395
1983;7;27;18;5.3174047;136.19017
1983;7;28;0;6.398766;144.32431
1983;7;28;6;8.71762;132.7391
1983;7;28;12;8.344054;143.7307
1983;7;28;18;4.406228;247.10553
1983;7;29;0;6.616226;297.1484
1983;7;29;6;5.0128107;326.181
1983;7;29;12;6.478837;331.73822
1983;7;29;18;3.093383;350.7501
1983;7;30;0;0.9851051;268.731
1983;7;30;6;3.953484;158.54596
1983;7;30;12;4.349635;149.52
1983;7;30;18;4.440154;154.72763
1983;7;31;0;8.317574;142.13205
1983;7;31;6;9.5080185;141.64297
1983;7;31;12;11.142919;143.01755
1983;7;31;18;12.915603;148.01535
1984;5;1;0;8.632723;215.25056
1984;5;1;6;6.9713902;215.38556
1984;5;1;12;7.6031275;223.18085
1984;5;1;18;5.905407;250.73224
1984;5;2;0;1.5082775;236.16959
1984;5;2;6;3.9402344;148.05368
1984;5;2;12;5.948252;154.88013
1984;5;2;18;5.5770454;207.13303
1984;5;3;0;6.03932;221.51604
1984;5;3;6;4.5365615;236.02179
1984;5;3;12;3.3816915;220.78688
1984;5;3;18;4.166696;232.90485
1984;5;4;0;4.580813;231.45059
1984;5;4;6;3.8491242;240.97083
1984;5;4;12;3.8048759;196.1128
1984;5;4;18;2.0910745;215.76227
1984;5;5;0;5.9249306;203.32645
1984;5;5;6;5.717645;213.13095
1984;5;5;12;6.646657;190.6342
1984;5;5;18;4.6318755;202.71616
1984;5;6;0;5.376252;165.67505
1984;5;6;6;3.2306592;159.96242
1984;5;6;12;3.790477;141.52315
1984;5;6;18;3.6301513;123.09042
1984;5;7;0;7.7103662;130.29843
1984;5;7;6;10.300909;148.66171
1984;5;7;12;9.304409;163.84988
1984;5;7;18;8.508277;167.1236
1984;5;8;0;8.790297;165.41339
1984;5;8;6;10.665116;156.33777
1984;5;8;12;11.55374;155.03574
1984;5;8;18;11.973881;154.55511
1984;5;9;0;13.086582;144.41963
1984;5;9;6;13.497141;145.80254
1984;5;9;12;11.119174;160.46039
1984;5;9;18;8.038388;162.10867
1984;5;10;0;8.092033;159.37976
1984;5;10;6;7.4012113;165.83249
1984;5;10;12;7.3374205;203.70972
1984;5;10;18;4.5392413;222.67621
1984;5;11;0;6.0067835;152.38052
1984;5;11;6;6.1007648;166.35568
1984;5;11;12;4.763968;203.70016
1984;5;11;18;4.268815;246.0426
1984;5;12;0;3.7819078;233.40971
1984;5;12;6;3.5997097;201.2114
1984;5;12;12;3.7267597;180.13431
1984;5;12;18;5.4869614;285.86502
1984;5;13;0;4.369353;292.04715
1984;5;13;6;7.250164;263.54498
1984;5;13;12;9.039206;267.80862
1984;5;13;18;8.406342;289.07224
1984;5;14;0;5.311734;289.7785
1984;5;14;6;2.9816332;274.59476
1984;5;14;12;2.2064767;248.86584
1984;5;14;18;2.5588117;141.51889
1984;5;15;0;5.436646;143.45197
1984;5;15;6;6.965513;131.26538
1984;5;15;12;5.22134;150.206
1984;5;15;18;4.0164967;224.2901
1984;5;16;0;5.173342;183.04535
1984;5;16;6;6.846258;144.55455
1984;5;16;12;10.21026;133.88017
1984;5;16;18;11.921296;147.81926
1984;5;17;0;5.1492653;209.62216
1984;5;17;6;5.6463223;199.47829
1984;5;17;12;6.473782;178.87576
1984;5;17;18;4.5111575;158.87587
1984;5;18;0;6.0118556;247.78404
1984;5;18;6;11.414724;245.95508
1984;5;18;12;14.105317;240.85033
1984;5;18;18;15.101398;239.15514
1984;5;19;0;11.710981;231.29152
1984;5;19;6;11.870991;229.337
1984;5;19;12;11.298128;219.75436
1984;5;19;18;9.823799;202.28113
1984;5;20;0;10.708405;182.44589
1984;5;20;6;11.452063;151.2667
1984;5;20;12;11.932658;217.81647
1984;5;20;18;9.590499;212.10794
1984;5;21;0;6.202593;179.6608
1984;5;21;6;4.86672;245.25671
1984;5;21;12;4.199036;280.46527
1984;5;21;18;6.2735915;298.75528
1984;5;22;0;4.994293;287.97488
1984;5;22;6;4.5708423;271.71964
1984;5;22;12;6.398508;279.23495
1984;5;22;18;9.33454;296.85425
1984;5;23;0;6.1861954;283.56497
1984;5;23;6;2.3724713;207.70914
1984;5;23;12;5.1376615;142.10342
1984;5;23;18;4.016999;155.53139
1984;5;24;0;6.076483;159.6146
1984;5;24;6;6.983573;146.74907
1984;5;24;12;5.2303486;173.91924
1984;5;24;18;5.720706;216.5857
1984;5;25;0;5.993675;172.42596
1984;5;25;6;7.850589;148.22751
1984;5;25;12;7.8576083;204.30206
1984;5;25;18;14.006994;221.23067
1984;5;26;0;11.409556;211.47607
1984;5;26;6;12.856698;210.96158
1984;5;26;12;13.842973;227.82896
1984;5;26;18;4.362388;238.578
1984;5;27;0;3.7380278;103.598175
1984;5;27;6;3.7070904;173.4256
1984;5;27;12;3.9703388;167.1855
1984;5;27;18;5.189365;153.66927
1984;5;28;0;9.859041;136.6304
1984;5;28;6;14.249005;138.92484
1984;5;28;12;14.186992;149.92465
1984;5;28;18;10.668595;150.62418
1984;5;29;0;3.7362378;232.74567
1984;5;29;6;4.089046;270.81363
1984;5;29;12;4.5409827;300.59683
1984;5;29;18;7.266674;331.27664
1984;5;30;0;6.7276783;344.68176
1984;5;30;6;6.6936183;353.0519
1984;5;30;12;4.0239816;2.141693
1984;5;30;18;4.1109776;355.57498
1984;5;31;0;2.7363064;10.037903
1984;5;31;6;3.0470848;127.08357
1984;5;31;12;4.193334;172.71048
1984;5;31;18;2.2076604;253.472
1984;6;1;0;1.1029197;149.99915
1984;6;1;6;4.4545097;157.36494
1984;6;1;12;8.489023;151.00491
1984;6;1;18;8.892845;149.8885
1984;6;2;0;10.803064;145.73384
1984;6;2;6;9.24666;143.4692
1984;6;2;12;6.9747906;129.48593
1984;6;2;18;5.7356706;113.50958
1984;6;3;0;8.243316;121.27188
1984;6;3;6;11.582635;124.37735
1984;6;3;12;9.933138;120.64842
1984;6;3;18;11.821555;103.46184
1984;6;4;0;14.312317;122.10513
1984;6;4;6;13.375624;124.04088
1984;6;4;12;10.272736;135.79605
1984;6;4;18;12.489066;137.94415
1984;6;5;0;12.909819;141.32193
1984;6;5;6;11.840358;143.67117
1984;6;5;12;11.847233;136.98213
1984;6;5;18;9.437418;145.38698
1984;6;6;0;7.217543;127.46486
1984;6;6;6;6.7172613;128.22285
1984;6;6;12;8.02668;144.42883
1984;6;6;18;8.832459;150.45479
1984;6;7;0;9.708598;142.64029
1984;6;7;6;12.033414;138.28967
1984;6;7;12;10.676067;143.68918
1984;6;7;18;8.045744;153.60207
1984;6;8;0;6.921315;139.80507
1984;6;8;6;6.667086;133.8575
1984;6;8;12;5.753408;138.63132
1984;6;8;18;3.4618301;151.27023
1984;6;9;0;7.2271905;135.67061
1984;6;9;6;8.389787;146.7749
1984;6;9;12;8.316147;143.05865
1984;6;9;18;6.432678;147.2285
1984;6;10;0;7.261524;141.16852
1984;6;10;6;7.670094;137.7499
1984;6;10;12;5.8089705;150.33408
1984;6;10;18;3.8102155;156.37204
1984;6;11;0;4.8781385;146.4035
1984;6;11;6;6.3391247;146.86426
1984;6;11;12;5.73838;166.29988
1984;6;11;18;3.4775615;180.89265
1984;6;12;0;4.384804;160.70204
1984;6;12;6;4.871791;153.21751
1984;6;12;12;4.51203;150.33258
1984;6;12;18;3.527353;168.76324
1984;6;13;0;3.0775738;156.60889
1984;6;13;6;3.8468907;190.45428
1984;6;13;12;4.6180353;136.69205
1984;6;13;18;7.199136;148.0248
1984;6;14;0;8.0064125;150.82977
1984;6;14;6;9.741039;146.98224
1984;6;14;12;11.161181;143.38495
1984;6;14;18;9.733283;146.93454
1984;6;15;0;9.543559;137.12152
1984;6;15;6;9.396138;128.24084
1984;6;15;12;7.2474265;122.73526
1984;6;15;18;7.3594403;139.59729
1984;6;16;0;6.930691;135.31975
1984;6;16;6;6.4097657;125.85504
1984;6;16;12;5.532314;148.16156
1984;6;16;18;0.74067515;92.42787
1984;6;17;0;2.3433514;83.60132
1984;6;17;6;2.6217613;146.05075
1984;6;17;12;3.3871198;134.26082
1984;6;17;18;1.977329;303.83875
1984;6;18;0;3.8490665;331.7724
1984;6;18;6;3.9937718;305.2524
1984;6;18;12;3.1223466;330.04565
1984;6;18;18;1.7400262;56.372375
1984;6;19;0;3.735673;115.151825
1984;6;19;6;6.0814548;139.29884
1984;6;19;12;4.4379745;197.31735
1984;6;19;18;5.057235;259.17828
1984;6;20;0;3.4946394;250.91237
1984;6;20;6;2.929158;243.49054
1984;6;20;12;1.897073;270.90167
1984;6;20;18;3.5268958;0.7015686
1984;6;21;0;3.7124803;89.247406
1984;6;21;6;6.044767;129.59735
1984;6;21;12;6.384268;149.75542
1984;6;21;18;5.2988305;177.75061
1984;6;22;0;4.5833926;195.52875
1984;6;22;6;4.623604;152.2742
1984;6;22;12;3.7893867;135.99248
1984;6;22;18;2.9348946;160.42505
1984;6;23;0;3.7679322;212.67453
1984;6;23;6;3.9435606;161.89655
1984;6;23;12;4.72906;135.13524
1984;6;23;18;4.1404715;145.23349
1984;6;24;0;2.38821;176.39299
1984;6;24;6;2.9337993;245.56349
1984;6;24;12;4.0880985;232.35239
1984;6;24;18;3.2333007;296.63406
1984;6;25;0;2.5248725;100.9279
1984;6;25;6;5.1309795;114.690125
1984;6;25;12;6.171233;129.66418
1984;6;25;18;5.6543245;157.97606
1984;6;26;0;5.6960783;182.89034
1984;6;26;6;5.988813;184.8092
1984;6;26;12;5.017652;193.84239
1984;6;26;18;4.3588085;171.7709
1984;6;27;0;6.905228;145.52751
1984;6;27;6;7.629225;148.86789
1984;6;27;12;7.5768585;150.18152
1984;6;27;18;6.378959;180.97
1984;6;28;0;6.6359496;171.2861
1984;6;28;6;6.0954976;157.4709
1984;6;28;12;5.367234;143.14365
1984;6;28;18;3.9451833;157.15634
1984;6;29;0;4.3282075;140.23355
1984;6;29;6;4.74324;129.32205
1984;6;29;12;6.2308397;137.78696
1984;6;29;18;7.347122;154.6442
1984;6;30;0;6.7379794;154.11957
1984;6;30;6;6.3465433;174.71808
1984;6;30;12;6.2735295;201.6799
1984;6;30;18;3.5385883;178.58478
1984;7;1;0;7.706797;123.41615
1984;7;1;6;9.613727;141.5908
1984;7;1;12;8.63073;140.93947
1984;7;1;18;3.9797528;166.31268
1984;7;2;0;3.4265265;163.49126
1984;7;2;6;6.4586916;149.6843
1984;7;2;12;7.6415486;158.40115
1984;7;2;18;6.0020366;178.74292
1984;7;3;0;6.3074074;153.71817
1984;7;3;6;7.431893;158.4944
1984;7;3;12;6.3983073;176.7184
1984;7;3;18;5.1024194;177.09203
1984;7;4;0;5.715335;170.31178
1984;7;4;6;6.839257;160.7153
1984;7;4;12;6.56735;153.03421
1984;7;4;18;5.8690743;139.52295
1984;7;5;0;6.7039437;127.47812
1984;7;5;6;8.621589;130.99991
1984;7;5;12;9.647215;138.39528
1984;7;5;18;8.384958;148.74512
1984;7;6;0;7.365367;151.39929
1984;7;6;6;6.6483674;154.059
1984;7;6;12;3.7767427;158.21555
1984;7;6;18;2.0968645;192.78387
1984;7;7;0;1.6936303;186.40509
1984;7;7;6;2.5558603;186.13661
1984;7;7;12;0.7742237;205.64835
1984;7;7;18;1.081641;287.64963
1984;7;8;0;0.6948187;159.93604
1984;7;8;6;1.4137975;181.15112
1984;7;8;12;3.6948564;106.97414
1984;7;8;18;4.3669405;133.90189
1984;7;9;0;7.1389523;140.09633
1984;7;9;6;7.9377046;149.33003
1984;7;9;12;14.045739;139.15971
1984;7;9;18;8.413878;157.95097
1984;7;10;0;6.7338514;212.85416
1984;7;10;6;3.2796848;225.44969
1984;7;10;12;3.1760936;299.60394
1984;7;10;18;6.170788;323.84784
1984;7;11;0;4.919496;316.60046
1984;7;11;6;4.399611;299.10068
1984;7;11;12;6.157824;305.4619
1984;7;11;18;7.5325403;317.21866
1984;7;12;0;2.2587466;355.51813
1984;7;12;6;3.5355654;153.6131
1984;7;12;12;4.5796604;139.37721
1984;7;12;18;2.9643145;175.80893
1984;7;13;0;2.9317117;172.30603
1984;7;13;6;3.6984587;185.71158
1984;7;13;12;2.3463576;168.2724
1984;7;13;18;2.3724117;194.3096
1984;7;14;0;3.9410272;150.27844
1984;7;14;6;4.7917037;139.6946
1984;7;14;12;4.5207686;141.8769
1984;7;14;18;4.3387747;138.02344
1984;7;15;0;6.59166;127.09535
1984;7;15;6;7.8919325;135.99591
1984;7;15;12;7.3465343;140.77681
1984;7;15;18;7.83421;150.13014
1984;7;16;0;7.6452265;148.6773
1984;7;16;6;7.0446196;159.94989
1984;7;16;12;4.021271;180.6695
1984;7;16;18;1.7066371;167.8028
1984;7;17;0;0.62601465;115.046524
1984;7;17;6;4.5753236;117.95889
1984;7;17;12;4.1596494;127.5668
1984;7;17;18;3.4341567;122.08536
1984;7;18;0;5.8471637;132.90048
1984;7;18;6;5.218242;145.52316
1984;7;18;12;4.1926465;155.1924
1984;7;18;18;4.081167;181.70615
1984;7;19;0;5.9945464;142.7461
1984;7;19;6;6.669338;147.52469
1984;7;19;12;6.7193775;141.6702
1984;7;19;18;6.331636;153.82353
1984;7;20;0;6.7537107;158.18741
1984;7;20;6;6.434246;169.107
1984;7;20;12;5.4838576;187.50806
1984;7;20;18;7.9170246;153.23242
1984;7;21;0;12.320926;155.53247
1984;7;21;6;7.8652825;175.5582
1984;7;21;12;4.4773192;226.26941
1984;7;21;18;4.291517;266.63278
1984;7;22;0;3.3664238;313.42584
1984;7;22;6;2.169461;240.04384
1984;7;22;12;1.5536473;351.39832
1984;7;22;18;2.7943676;285.97134
1984;7;23;0;2.7874012;151.83128
1984;7;23;6;4.783303;149.47235
1984;7;23;12;5.1410623;157.39233
1984;7;23;18;4.7691836;208.26657
1984;7;24;0;4.7235713;163.8302
1984;7;24;6;5.797147;155.26157
1984;7;24;12;6.0115004;144.20796
1984;7;24;18;5.9004683;149.8902
1984;7;25;0;6.448309;137.05957
1984;7;25;6;9.376038;138.94565
1984;7;25;12;12.608674;133.98302
1984;7;25;18;13.911584;131.06041
1984;7;26;0;15.251605;136.29709
1984;7;26;6;13.258461;147.38873
1984;7;26;12;10.722269;147.6071
1984;7;26;18;8.701238;154.50214
1984;7;27;0;6.4329853;164.11856
1984;7;27;6;4.530463;194.84814
1984;7;27;12;5.8041806;229.40839
1984;7;27;18;8.170985;247.37842
1984;7;28;0;5.3058195;202.57257
1984;7;28;6;8.895865;190.33124
1984;7;28;12;10.255517;220.92632
1984;7;28;18;9.746749;212.27873
1984;7;29;0;8.629002;206.76126
1984;7;29;6;7.538269;172.66785
1984;7;29;12;9.32152;152.09714
1984;7;29;18;8.806483;169.81253
1984;7;30;0;7.7803445;163.91785
1984;7;30;6;7.388944;179.05603
1984;7;30;12;6.2300425;209.43549
1984;7;30;18;4.658473;232.94516
1984;7;31;0;1.5585275;179.7851
1984;7;31;6;5.235261;147.63867
1984;7;31;12;7.6456647;161.99191
1984;7;31;18;10.640584;173.8042
1985;5;1;0;8.757659;153.50572
1985;5;1;6;10.157008;142.70163
1985;5;1;12;15.521291;142.89151
1985;5;1;18;17.13413;141.54538
1985;5;2;0;18.081594;132.96416
1985;5;2;6;19.749495;128.44781
1985;5;2;12;20.844639;129.00594
1985;5;2;18;20.112291;133.1287
1985;5;3;0;15.238287;151.85632
1985;5;3;6;11.051769;153.97888
1985;5;3;12;9.751047;141.37953
1985;5;3;18;9.042124;137.68584
1985;5;4;0;7.674486;124.39139
1985;5;4;6;8.279944;118.321594
1985;5;4;12;6.539319;122.038284
1985;5;4;18;6.2253346;144.62396
1985;5;5;0;8.839254;134.80452
1985;5;5;6;11.43228;140.02417
1985;5;5;12;11.284976;142.653
1985;5;5;18;12.270839;133.34602
1985;5;6;0;18.709824;126.941086
1985;5;6;6;18.235603;127.93701
1985;5;6;12;14.014989;114.60324
1985;5;6;18;20.614744;127.21651
1985;5;7;0;15.661389;121.2097
1985;5;7;6;12.674268;117.248215
1985;5;7;12;5.8409605;126.0538
1985;5;7;18;5.982349;126.374954
1985;5;8;0;7.089986;121.09799
1985;5;8;6;6.5368342;141.44745
1985;5;8;12;5.775676;178.69237
1985;5;8;18;3.7512424;209.66464
1985;5;9;0;4.648982;173.43001
1985;5;9;6;4.962452;165.29587
1985;5;9;12;6.179097;143.03882
1985;5;9;18;9.740089;127.774475
1985;5;10;0;12.69034;125.659485
1985;5;10;6;13.508729;134.21712
1985;5;10;12;10.717149;142.73384
1985;5;10;18;3.8871496;163.99622
1985;5;11;0;2.919701;118.53981
1985;5;11;6;3.5489364;266.1086
1985;5;11;12;2.1226645;316.0625
1985;5;11;18;4.000588;14.189545
1985;5;12;0;4.865057;103.29733
1985;5;12;6;7.001977;143.03612
1985;5;12;12;8.644698;147.68875
1985;5;12;18;8.344598;145.35837
1985;5;13;0;9.579987;137.50435
1985;5;13;6;12.649881;129.35124
1985;5;13;12;16.13404;118.38408
1985;5;13;18;22.559027;129.45537
1985;5;14;0;16.780123;125.03467
1985;5;14;6;14.288169;119.237976
1985;5;14;12;15.436084;119.6649
1985;5;14;18;11.623755;134.42836
1985;5;15;0;6.14914;146.16077
1985;5;15;6;5.8294883;129.36674
1985;5;15;12;6.2573366;118.745804
1985;5;15;18;8.077933;132.41931
1985;5;16;0;9.527324;130.8788
1985;5;16;6;10.720632;127.37703
1985;5;16;12;8.584766;114.53137
1985;5;16;18;10.8975;135.40523
1985;5;17;0;12.38368;136.15614
1985;5;17;6;15.580835;133.32858
1985;5;17;12;13.197036;138.10927
1985;5;17;18;13.1614685;134.24142
1985;5;18;0;11.383572;131.53053
1985;5;18;6;13.214177;126.08377
1985;5;18;12;13.6466875;145.46194
1985;5;18;18;10.256287;146.36282
1985;5;19;0;9.0838375;145.84854
1985;5;19;6;7.930165;151.42355
1985;5;19;12;4.9414144;153.03352
1985;5;19;18;2.9932725;160.26176
1985;5;20;0;6.4723325;134.87065
1985;5;20;6;8.65554;132.47945
1985;5;20;12;9.93704;138.96687
1985;5;20;18;9.858619;159.7335
1985;5;21;0;7.2594395;172.81412
1985;5;21;6;5.6376944;187.0791
1985;5;21;12;3.5656948;170.73108
1985;5;21;18;2.3023565;154.99902
1985;5;22;0;4.081909;132.93842
1985;5;22;6;5.170027;126.28438
1985;5;22;12;7.67049;124.031555
1985;5;22;18;5.27682;142.58069
1985;5;23;0;6.0795302;148.59909
1985;5;23;6;4.3306856;185.4427
1985;5;23;12;3.8674083;146.01636
1985;5;23;18;4.5429606;154.84439
1985;5;24;0;5.5228786;153.71724
1985;5;24;6;4.4018307;167.94543
1985;5;24;12;1.8711958;190.18619
1985;5;24;18;1.3712013;34.78241
1985;5;25;0;4.794178;117.16997
1985;5;25;6;4.8165593;129.95158
1985;5;25;12;3.4248714;150.258
1985;5;25;18;2.2551956;131.94781
1985;5;26;0;5.552337;127.86865
1985;5;26;6;6.0885196;128.76959
1985;5;26;12;4.8183737;121.83299
1985;5;26;18;5.7163687;133.20824
1985;5;27;0;5.8719635;124.58122
1985;5;27;6;5.558324;129.35324
1985;5;27;12;4.570846;129.85109
1985;5;27;18;3.2003067;172.41394
1985;5;28;0;4.4932065;169.4371
1985;5;28;6;5.930201;187.13571
1985;5;28;12;5.8933325;171.3796
1985;5;28;18;6.162406;150.35475
1985;5;29;0;6.965549;142.25528
1985;5;29;6;7.598271;146.81247
1985;5;29;12;5.0986004;138.57668
1985;5;29;18;3.4744775;148.8123
1985;5;30;0;5.4388447;140.62025
1985;5;30;6;7.290726;149.47398
1985;5;30;12;5.937427;185.28687
1985;5;30;18;2.7021143;224.5465
1985;5;31;0;1.6117318;140.7949
1985;5;31;6;1.9296757;181.53131
1985;5;31;12;2.2734;217.64435
1985;5;31;18;4.113081;274.55823
1985;6;1;0;2.1032043;224.94835
1985;6;1;6;4.7386227;181.5564
1985;6;1;12;4.1134267;176.23442
1985;6;1;18;1.8026505;185.81421
1985;6;2;0;4.4281483;140.5153
1985;6;2;6;4.96591;134.54945
1985;6;2;12;5.5175924;134.45987
1985;6;2;18;4.2332997;131.40625
1985;6;3;0;6.5544515;135.01689
1985;6;3;6;7.7793427;130.46225
1985;6;3;12;9.710738;139.40338
1985;6;3;18;9.550068;159.78082
1985;6;4;0;9.982323;153.31844
1985;6;4;6;9.073268;168.2561
1985;6;4;12;6.938776;199.60497
1985;6;4;18;5.901674;176.53659
1985;6;5;0;9.549269;184.42932
1985;6;5;6;10.444606;188.9772
1985;6;5;12;7.887134;204.8345
1985;6;5;18;7.468966;215.37566
1985;6;6;0;4.307226;190.86765
1985;6;6;6;6.4891386;128.94994
1985;6;6;12;7.663931;200.49352
1985;6;6;18;5.920236;209.69063
1985;6;7;0;7.7591505;234.73167
1985;6;7;6;4.9332094;243.96642
1985;6;7;12;5.4860168;267.12314
1985;6;7;18;4.4464626;273.5801
1985;6;8;0;2.5798414;269.6664
1985;6;8;6;4.725014;237.08618
1985;6;8;12;4.0808167;258.08426
1985;6;8;18;4.8810935;274.08353
1985;6;9;0;4.0749183;301.49503
1985;6;9;6;4.4627366;321.85278
1985;6;9;12;8.826278;342.9596
1985;6;9;18;5.7726192;14.876984
1985;6;10;0;3.6569312;52.445374
1985;6;10;6;3.6624575;147.32541
1985;6;10;12;3.7466824;146.61658
1985;6;10;18;2.5803375;162.24013
1985;6;11;0;5.0096383;134.80183
1985;6;11;6;5.425591;133.71062
1985;6;11;12;4.981728;122.649414
1985;6;11;18;4.9520507;124.02556
1985;6;12;0;6.864723;126.37685
1985;6;12;6;8.747208;127.16112
1985;6;12;12;8.970302;127.255646
1985;6;12;18;9.270328;129.36702
1985;6;13;0;11.555954;133.56586
1985;6;13;6;10.438884;146.69673
1985;6;13;12;9.593807;155.06348
1985;6;13;18;7.3036137;162.28885
1985;6;14;0;8.061389;146.83025
1985;6;14;6;7.813272;150.95238
1985;6;14;12;5.9608274;148.81146
1985;6;14;18;5.470255;147.0523
1985;6;15;0;7.4002266;139.49956
1985;6;15;6;8.699421;150.82712
1985;6;15;12;8.305201;155.884
1985;6;15;18;6.272912;170.30301
1985;6;16;0;6.2439246;152.91577
1985;6;16;6;7.183431;140.96404
1985;6;16;12;8.002531;135.18134
1985;6;16;18;7.0333343;141.78403
1985;6;17;0;7.257318;139.49028
1985;6;17;6;7.038246;151.72733
1985;6;17;12;5.7608066;158.50542
1985;6;17;18;3.2927692;187.68677
1985;6;18;0;2.4652934;199.42384
1985;6;18;6;2.268793;162.80496
1985;6;18;12;2.299982;119.59401
1985;6;18;18;3.0112722;51.257263
1985;6;19;0;3.3529973;73.887695
1985;6;19;6;4.8613796;134.24007
1985;6;19;12;6.9600744;144.73724
1985;6;19;18;5.0247235;173.90994
1985;6;20;0;6.573544;157.8964
1985;6;20;6;6.325072;157.91754
1985;6;20;12;4.8967247;157.74036
1985;6;20;18;2.446158;150.54268
1985;6;21;0;4.330132;141.89764
1985;6;21;6;5.1163335;141.19531
1985;6;21;12;4.181418;148.08273
1985;6;21;18;2.8629885;152.03476
1985;6;22;0;5.2532725;145.77167
1985;6;22;6;5.8717246;146.6439
1985;6;22;12;6.535277;167.16504
1985;6;22;18;3.775994;158.39581
1985;6;23;0;5.2114077;151.34756
1985;6;23;6;6.6949778;168.05205
1985;6;23;12;6.1103415;170.68747
1985;6;23;18;7.1012726;168.18102
1985;6;24;0;8.196271;168.633
1985;6;24;6;11.666998;174.68256
1985;6;24;12;15.257509;207.77509
1985;6;24;18;16.782425;226.92409
1985;6;25;0;10.331943;245.86493
1985;6;25;6;3.2425559;240.73352
1985;6;25;12;3.9521863;254.2306
1985;6;25;18;3.291041;290.7448
1985;6;26;0;4.3963256;276.16275
1985;6;26;6;2.0181456;246.67783
1985;6;26;12;4.490259;236.78503
1985;6;26;18;6.4034166;147.18082
1985;6;27;0;6.2816787;203.20364
1985;6;27;6;10.112851;221.30045
1985;6;27;12;7.3265758;271.29117
1985;6;27;18;5.693908;333.75928
1985;6;28;0;2.5840173;60.11203
1985;6;28;6;5.44858;133.46016
1985;6;28;12;8.084126;139.12526
1985;6;28;18;7.588543;162.78972
1985;6;29;0;10.7278595;135.44377
1985;6;29;6;14.4451885;153.50241
1985;6;29;12;12.489834;140.44586
1985;6;29;18;11.258224;135.59209
1985;6;30;0;11.947667;131.89626
1985;6;30;6;10.777557;132.21794
1985;6;30;12;9.823181;139.71523
1985;6;30;18;7.522285;139.32346
1985;7;1;0;6.5758123;131.55159
1985;7;1;6;7.75915;116.65457
1985;7;1;12;6.3450665;104.44833
1985;7;1;18;4.2929378;96.82776
1985;7;2;0;5.2991757;110.44539
1985;7;2;6;7.477774;119.20586
1985;7;2;12;5.817352;117.95151
1985;7;2;18;2.8400223;113.09979
1985;7;3;0;4.578588;93.54059
1985;7;3;6;5.947679;140.60759
1985;7;3;12;9.410761;154.27376
1985;7;3;18;11.20888;159.6821
1985;7;4;0;10.438367;156.34106
1985;7;4;6;10.758455;155.4061
1985;7;4;12;10.75423;151.63455
1985;7;4;18;8.852739;181.49326
1985;7;5;0;5.1783547;220.0047
1985;7;5;6;4.211636;170.66656
1985;7;5;12;5.3718047;157.87706
1985;7;5;18;3.2832007;175.90979
1985;7;6;0;3.7188804;149.08319
1985;7;6;6;5.1169662;166.9318
1985;7;6;12;5.4829803;156.8124
1985;7;6;18;6.802377;169.02176
1985;7;7;0;7.8654814;152.29999
1985;7;7;6;9.628282;166.67902
1985;7;7;12;7.415345;169.76428
1985;7;7;18;7.7834783;188.9079
1985;7;8;0;8.835985;163.11758
1985;7;8;6;6.3440533;205.00174
1985;7;8;12;6.1935368;264.9888
1985;7;8;18;8.047638;295.13422
1985;7;9;0;6.196075;286.52286
1985;7;9;6;3.422013;305.47025
1985;7;9;12;2.5027566;22.391113
1985;7;9;18;0.91955763;324.9642
1985;7;10;0;3.78021;122.3362
1985;7;10;6;4.8839173;128.50043
1985;7;10;12;6.7414556;130.74294
1985;7;10;18;7.4910717;150.61926
1985;7;11;0;6.83263;186.68396
1985;7;11;6;5.7585206;244.4779
1985;7;11;12;5.1435575;271.25815
1985;7;11;18;5.3426685;295.96725
1985;7;12;0;1.056228;52.131836
1985;7;12;6;4.275746;131.25325
1985;7;12;12;6.34193;133.68199
1985;7;12;18;5.6736693;148.52242
1985;7;13;0;6.09895;171.76082
1985;7;13;6;6.8120465;185.66873
1985;7;13;12;6.5875807;222.92407
1985;7;13;18;5.1635804;250.50919
1985;7;14;0;2.5934114;143.3613
1985;7;14;6;5.0418086;131.21265
1985;7;14;12;5.637496;137.87874
1985;7;14;18;2.6297472;149.37338
1985;7;15;0;4.6676354;128.19952
1985;7;15;6;6.1655984;146.97159
1985;7;15;12;5.5723658;146.30615
1985;7;15;18;3.417983;193.5987
1985;7;16;0;2.1280785;210.4316
1985;7;16;6;3.0325181;187.53894
1985;7;16;12;1.0469329;239.3545
1985;7;16;18;3.668952;308.47604
1985;7;17;0;2.359956;347.81714
1985;7;17;6;0.58088523;322.2246
1985;7;17;12;2.444535;338.27222
1985;7;17;18;6.5439067;334.1703
1985;7;18;0;4.7431397;323.80536
1985;7;18;6;3.6493323;325.7021
1985;7;18;12;2.1080973;15.754364
1985;7;18;18;1.5744522;327.19333
1985;7;19;0;1.4700531;57.507385
1985;7;19;6;2.5971005;183.03961
1985;7;19;12;1.8001251;135.49924
1985;7;19;18;1.8428441;274.75656
1985;7;20;0;1.2587607;92.033554
1985;7;20;6;4.5153666;139.5152
1985;7;20;12;7.1929784;137.7684
1985;7;20;18;6.888229;158.57376
1985;7;21;0;6.037309;171.47926
1985;7;21;6;5.2890196;158.04779
1985;7;21;12;4.0900283;150.76157
1985;7;21;18;4.151474;141.42493
1985;7;22;0;6.293664;132.5479
1985;7;22;6;8.146152;140.86299
1985;7;22;12;6.5713925;163.17786
1985;7;22;18;4.7764144;195.28177
1985;7;23;0;3.1863654;199.73827
1985;7;23;6;2.9124541;163.70242
1985;7;23;12;5.141015;121.47049
1985;7;23;18;4.943342;149.15741
1985;7;24;0;6.4631023;139.28604
1985;7;24;6;7.297641;141.00815
1985;7;24;12;7.583692;137.20854
1985;7;24;18;9.203918;136.70332
1985;7;25;0;10.344075;144.7356
1985;7;25;6;11.76368;146.76648
1985;7;25;12;10.25531;148.99167
1985;7;25;18;8.50839;145.44746
1985;7;26;0;8.9259205;138.67703
1985;7;26;6;8.201993;142.73108
1985;7;26;12;7.9145837;138.68681
1985;7;26;18;5.5444894;140.10933
1985;7;27;0;6.149487;148.10033
1985;7;27;6;6.8437424;143.66898
1985;7;27;12;4.940609;149.34673
1985;7;27;18;5.0941806;144.52441
1985;7;28;0;5.883942;133.5164
1985;7;28;6;8.315582;136.81972
1985;7;28;12;10.191079;131.15883
1985;7;28;18;13.165263;131.98973
1985;7;29;0;15.760472;130.37537
1985;7;29;6;15.767607;147.41626
1985;7;29;12;11.897567;150.91557
1985;7;29;18;10.898575;142.72687
1985;7;30;0;9.146792;132.5149
1985;7;30;6;6.35329;133.69272
1985;7;30;12;4.501113;120.11621
1985;7;30;18;3.2845113;142.08359
1985;7;31;0;5.335569;133.10844
1985;7;31;6;7.4567437;134.64359
1985;7;31;12;7.7294097;129.83195
1985;7;31;18;6.532814;136.78148
1986;5;1;0;11.486093;140.52742
1986;5;1;6;9.937831;137.85854
1986;5;1;12;8.521725;155.9639
1986;5;1;18;6.4172497;154.85843
1986;5;2;0;9.858612;131.2863
1986;5;2;6;13.474406;133.66257
1986;5;2;12;15.049529;149.37714
1986;5;2;18;11.867461;165.70763
1986;5;3;0;5.8841486;182.27596
1986;5;3;6;4.767691;180.08426
1986;5;3;12;4.4799128;154.5175
1986;5;3;18;3.4010668;168.0231
1986;5;4;0;6.0992575;145.32057
1986;5;4;6;7.282957;149.95184
1986;5;4;12;5.6929455;159.31593
1986;5;4;18;6.5360093;146.28528
1986;5;5;0;10.069119;142.4208
1986;5;5;6;9.792402;143.4799
1986;5;5;12;9.648709;140.69942
1986;5;5;18;6.0249314;167.25385
1986;5;6;0;4.6210923;132.25465
1986;5;6;6;6.313852;132.47939
1986;5;6;12;7.4134464;130.70752
1986;5;6;18;6.9237685;135.16258
1986;5;7;0;7.5175567;131.80821
1986;5;7;6;7.866815;125.37236
1986;5;7;12;6.8860035;117.84219
1986;5;7;18;5.879217;138.62555
1986;5;8;0;4.6509614;139.10028
1986;5;8;6;4.649975;134.129
1986;5;8;12;1.925674;90.38428
1986;5;8;18;3.3920927;129.5818
1986;5;9;0;4.725855;172.11472
1986;5;9;6;3.869484;194.99753
1986;5;9;12;6.041426;240.0013
1986;5;9;18;4.3373537;270.93597
1986;5;10;0;2.0832596;294.47488
1986;5;10;6;3.0033596;320.44727
1986;5;10;12;5.393481;349.26178
1986;5;10;18;7.028789;344.38995
1986;5;11;0;5.654472;350.05414
1986;5;11;6;2.4696307;25.987518
1986;5;11;12;2.3476634;33.8992
1986;5;11;18;4.191835;348.6094
1986;5;12;0;4.327394;337.821
1986;5;12;6;2.0835774;39.69879
1986;5;12;12;1.1397744;6.1347046
1986;5;12;18;0.5520867;193.80093
1986;5;13;0;4.146169;165.25864
1986;5;13;6;5.7889423;145.5444
1986;5;13;12;5.5845895;146.99132
1986;5;13;18;4.545268;153.67783
1986;5;14;0;5.649558;149.80609
1986;5;14;6;4.981267;160.24066
1986;5;14;12;3.3133569;180.25134
1986;5;14;18;2.2334597;217.99525
1986;5;15;0;4.639624;148.82922
1986;5;15;6;6.029654;157.81274
1986;5;15;12;4.8977175;150.31021
1986;5;15;18;3.8164108;156.55968
1986;5;16;0;4.9340696;136.11209
1986;5;16;6;5.600995;163.57701
1986;5;16;12;3.690868;212.90874
1986;5;16;18;3.7224844;256.67523
1986;5;17;0;2.38046;173.34827
1986;5;17;6;4.176295;219.23195
1986;5;17;12;4.9950624;236.1676
1986;5;17;18;4.692412;218.04239
1986;5;18;0;6.3000283;149.78558
1986;5;18;6;8.605092;157.99962
1986;5;18;12;7.8872747;161.27194
1986;5;18;18;5.3970385;177.0613
1986;5;19;0;5.8553596;190.50882
1986;5;19;6;8.950086;214.92236
1986;5;19;12;9.463202;214.10428
1986;5;19;18;6.8096123;236.50777
1986;5;20;0;3.522906;275.6471
1986;5;20;6;2.2606988;293.62854
1986;5;20;12;7.151005;348.6073
1986;5;20;18;10.579609;352.0666
1986;5;21;0;5.5950756;13.16333
1986;5;21;6;4.2778525;116.38684
1986;5;21;12;4.6361156;150.43369
1986;5;21;18;5.00303;171.06592
1986;5;22;0;6.5808244;168.12492
1986;5;22;6;6.1635213;173.83751
1986;5;22;12;4.2968144;199.90749
1986;5;22;18;2.9241211;230.25189
1986;5;23;0;3.8746755;167.60513
1986;5;23;6;6.2751465;146.22028
1986;5;23;12;6.964737;136.09209
1986;5;23;18;6.238052;165.79892
1986;5;24;0;6.7882404;162.55377
1986;5;24;6;6.746206;149.54874
1986;5;24;12;5.5105515;150.35046
1986;5;24;18;2.0145295;158.93085
1986;5;25;0;3.4894173;107.32214
1986;5;25;6;3.440047;133.58635
1986;5;25;12;3.617529;153.6017
1986;5;25;18;3.9932144;205.49733
1986;5;26;0;4.5376897;175.03784
1986;5;26;6;7.182448;165.62231
1986;5;26;12;7.038499;159.98659
1986;5;26;18;8.988951;184.21936
1986;5;27;0;8.022152;173.31995
1986;5;27;6;10.374719;155.18188
1986;5;27;12;9.1907215;154.63126
1986;5;27;18;14.953345;148.54193
1986;5;28;0;6.29517;173.47595
1986;5;28;6;2.7867079;238.74341
1986;5;28;12;3.8490114;261.54504
1986;5;28;18;4.675179;280.66907
1986;5;29;0;1.6782115;16.852173
1986;5;29;6;3.8533247;138.98096
1986;5;29;12;4.528722;145.80908
1986;5;29;18;3.9519026;183.53136
1986;5;30;0;4.632314;144.03833
1986;5;30;6;6.7617846;157.18695
1986;5;30;12;6.512051;161.63345
1986;5;30;18;6.192867;179.44806
1986;5;31;0;5.0748878;175.68787
1986;5;31;6;6.345672;181.48428
1986;5;31;12;6.5004153;217.50616
1986;5;31;18;4.102745;215.05617
1986;6;1;0;3.2814813;163.87534
1986;6;1;6;2.883776;195.99548
1986;6;1;12;3.9754596;218.02766
1986;6;1;18;2.43705;303.3599
1986;6;2;0;2.376304;134.01793
1986;6;2;6;4.1170745;225.70296
1986;6;2;12;3.2304883;206.62717
1986;6;2;18;3.1494448;243.67336
1986;6;3;0;2.5113478;250.00986
1986;6;3;6;2.7287574;186.77896
1986;6;3;12;1.3655275;140.1549
1986;6;3;18;1.9562125;71.45453
1986;6;4;0;5.4435415;106.54791
1986;6;4;6;7.979767;106.4014
1986;6;4;12;10.719542;120.75456
1986;6;4;18;14.995193;127.42372
1986;6;5;0;20.668186;127.6808
1986;6;5;6;19.781992;128.5127
1986;6;5;12;17.395006;132.09796
1986;6;5;18;12.101759;142.69296
1986;6;6;0;10.339053;145.47574
1986;6;6;6;8.752283;144.82057
1986;6;6;12;8.809844;145.36273
1986;6;6;18;7.6456017;148.80814
1986;6;7;0;7.6286325;135.5867
1986;6;7;6;7.3027544;121.39656
1986;6;7;12;5.7874184;111.404144
1986;6;7;18;5.918138;91.11946
1986;6;8;0;7.2491794;114.15344
1986;6;8;6;7.3234267;121.559555
1986;6;8;12;5.7943745;131.48569
1986;6;8;18;3.2042809;120.983154
1986;6;9;0;5.2069044;116.61241
1986;6;9;6;5.965501;138.55353
1986;6;9;12;3.5000343;166.98248
1986;6;9;18;1.1676333;222.63217
1986;6;10;0;1.6170946;14.423462
1986;6;10;6;2.836409;100.28702
1986;6;10;12;7.175297;136.258
1986;6;10;18;13.0612335;151.56345
1986;6;11;0;9.977288;157.7391
1986;6;11;6;7.1912384;152.40115
1986;6;11;12;6.242998;141.1136
1986;6;11;18;4.560484;126.97887
1986;6;12;0;5.5084;141.43823
1986;6;12;6;6.0374646;132.60541
1986;6;12;12;5.3854284;127.116455
1986;6;12;18;1.944939;140.95297
1986;6;13;0;4.2672153;135.56151
1986;6;13;6;4.001161;137.95029
1986;6;13;12;3.5187752;146.97864
1986;6;13;18;3.7568111;292.077
1986;6;14;0;2.9873586;273.90692
1986;6;14;6;3.815733;254.57185
1986;6;14;12;3.8127089;263.0415
1986;6;14;18;4.822783;252.6528
1986;6;15;0;3.4875822;189.86348
1986;6;15;6;4.5163364;139.41754
1986;6;15;12;5.496204;148.12152
1986;6;15;18;3.4990036;160.77472
1986;6;16;0;5.0912085;132.17365
1986;6;16;6;6.2598295;154.43521
1986;6;16;12;5.769591;141.20998
1986;6;16;18;4.021315;170.60757
1986;6;17;0;4.9319324;156.24896
1986;6;17;6;4.2852383;153.12137
1986;6;17;12;3.4447968;167.47838
1986;6;17;18;2.7427711;161.1769
1986;6;18;0;4.9631925;159.56151
1986;6;18;6;7.0458097;145.9021
1986;6;18;12;7.132857;155.08102
1986;6;18;18;8.750925;147.41129
1986;6;19;0;8.4618;160.78613
1986;6;19;6;8.122326;170.91595
1986;6;19;12;8.899668;138.99236
1986;6;19;18;15.185789;149.35829
1986;6;20;0;11.069128;154.79272
1986;6;20;6;7.5749235;157.59245
1986;6;20;12;5.607668;175.80466
1986;6;20;18;4.0143385;173.08698
1986;6;21;0;4.6631646;131.19048
1986;6;21;6;7.5612164;143.05127
1986;6;21;12;4.568817;170.59607
1986;6;21;18;4.5747757;184.72769
1986;6;22;0;4.389904;146.42188
1986;6;22;6;6.0468965;120.151276
1986;6;22;12;7.140243;146.0408
1986;6;22;18;8.099224;149.93942
1986;6;23;0;9.164082;156.85262
1986;6;23;6;10.881028;137.63785
1986;6;23;12;8.108746;155.17435
1986;6;23;18;7.0118737;220.43279
1986;6;24;0;5.594517;201.84976
1986;6;24;6;5.2097597;226.10306
1986;6;24;12;6.556031;263.11844
1986;6;24;18;1.0384669;249.04228
1986;6;25;0;5.207789;121.79762
1986;6;25;6;8.044688;121.73625
1986;6;25;12;7.095244;139.81268
1986;6;25;18;6.909595;137.54863
1986;6;26;0;4.3159537;244.51083
1986;6;26;6;3.760691;193.8097
1986;6;26;12;4.633334;205.96088
1986;6;26;18;6.420748;169.19258
1986;6;27;0;6.943335;172.60016
1986;6;27;6;6.9697943;210.81273
1986;6;27;12;7.777641;161.49643
1986;6;27;18;5.1977563;162.87387
1986;6;28;0;3.1856472;215.7081
1986;6;28;6;6.9476914;207.33093
1986;6;28;12;6.611426;195.29105
1986;6;28;18;4.257229;215.42249
1986;6;29;0;1.3414748;82.16022
1986;6;29;6;3.9325995;230.86021
1986;6;29;12;6.2757783;219.28894
1986;6;29;18;4.499309;238.371
1986;6;30;0;4.0178623;128.70845
1986;6;30;6;6.2738843;140.63222
1986;6;30;12;6.299903;137.60703
1986;6;30;18;6.2081895;131.97493
1986;7;1;0;8.069344;144.71948
1986;7;1;6;7.322124;163.85074
1986;7;1;12;5.5095;167.06339
1986;7;1;18;6.004747;144.6897
1986;7;2;0;9.093907;144.17226
1986;7;2;6;11.048068;146.30305
1986;7;2;12;10.765303;149.979
1986;7;2;18;9.905454;160.80716
1986;7;3;0;6.930572;178.11234
1986;7;3;6;5.216323;177.09433
1986;7;3;12;3.0001287;197.40872
1986;7;3;18;0.71515477;286.23468
1986;7;4;0;3.3065841;108.40997
1986;7;4;6;5.6676035;139.93216
1986;7;4;12;3.3066072;140.40245
1986;7;4;18;1.0342212;224.43037
1986;7;5;0;1.0055182;141.48666
1986;7;5;6;4.211263;143.19508
1986;7;5;12;3.0406628;141.9147
1986;7;5;18;3.6942904;149.9556
1986;7;6;0;0.7255583;232.35924
1986;7;6;6;2.1515613;220.11284
1986;7;6;12;1.2170136;169.76918
1986;7;6;18;1.7359905;308.6509
1986;7;7;0;1.2369939;10.043274
1986;7;7;6;3.1275828;138.33281
1986;7;7;12;2.0628848;201.78473
1986;7;7;18;1.5902778;154.8215
1986;7;8;0;2.2252264;116.786804
1986;7;8;6;1.051445;137.37074
1986;7;8;12;1.1743493;89.775085
1986;7;8;18;1.399942;108.390656
1986;7;9;0;5.092177;122.22815
1986;7;9;6;6.002922;143.93246
1986;7;9;12;6.5758677;142.41183
1986;7;9;18;7.726292;144.1499
1986;7;10;0;7.5602374;144.97269
1986;7;10;6;7.5682893;145.80931
1986;7;10;12;6.9093437;149.84991
1986;7;10;18;5.5297074;154.67615
1986;7;11;0;6.2195406;149.23431
1986;7;11;6;5.9179187;174.97777
1986;7;11;12;3.9542534;219.4567
1986;7;11;18;2.6567216;245.74178
1986;7;12;0;4.250967;115.132126
1986;7;12;6;5.4563704;98.738754
1986;7;12;12;5.9594555;100.38536
1986;7;12;18;6.346099;95.22238
1986;7;13;0;6.317394;107.68779
1986;7;13;6;5.997045;118.23656
1986;7;13;12;3.9726;109.36162
1986;7;13;18;0.8999852;59.61322
1986;7;14;0;3.1048887;7.8143005
1986;7;14;6;3.1351175;231.71362
1986;7;14;12;4.1294675;283.18607
1986;7;14;18;2.0628152;299.9942
1986;7;15;0;2.2028472;150.94113
1986;7;15;6;4.620588;179.67798
1986;7;15;12;4.649556;228.40323
1986;7;15;18;7.552488;244.52116
1986;7;16;0;6.8621316;250.10013
1986;7;16;6;6.931346;233.74289
1986;7;16;12;7.700759;212.87419
1986;7;16;18;8.28875;216.1848
1986;7;17;0;8.933738;217.38142
1986;7;17;6;8.90036;224.8114
1986;7;17;12;6.8417315;226.2878
1986;7;17;18;7.3100004;225.01779
1986;7;18;0;4.0433183;195.20288
1986;7;18;6;4.8550987;171.31013
1986;7;18;12;8.218859;251.15436
1986;7;18;18;6.784469;255.92836
1986;7;19;0;7.112445;267.1187
1986;7;19;6;5.1349864;261.66858
1986;7;19;12;7.030589;242.16101
1986;7;19;18;7.383622;245.41731
1986;7;20;0;6.7167616;241.11159
1986;7;20;6;6.16723;216.12437
1986;7;20;12;8.527617;203.42458
1986;7;20;18;10.352976;183.54097
1986;7;21;0;13.961823;199.09096
1986;7;21;6;10.964937;201.11679
1986;7;21;12;5.377726;204.77316
1986;7;21;18;6.8685822;190.4241
1986;7;22;0;4.819349;223.28409
1986;7;22;6;1.2130983;286.99295
1986;7;22;12;2.9836662;325.17538
1986;7;22;18;2.5092707;344.4769
1986;7;23;0;2.825926;48.40088
1986;7;23;6;4.2719374;125.72188
1986;7;23;12;5.2112904;136.191
1986;7;23;18;3.6329885;162.14787
1986;7;24;0;4.6005106;186.85559
1986;7;24;6;4.742058;170.37573
1986;7;24;12;3.0660217;149.02785
1986;7;24;18;3.3294554;167.50366
1986;7;25;0;5.5603604;132.42986
1986;7;25;6;7.2415304;145.3614
1986;7;25;12;6.072977;164.1425
1986;7;25;18;4.229338;178.13931
1986;7;26;0;4.6060963;162.1138
1986;7;26;6;4.460849;169.40762
1986;7;26;12;2.9294713;150.38445
1986;7;26;18;1.7153227;175.51317
1986;7;27;0;2.3794415;139.9777
1986;7;27;6;4.412662;147.13669
1986;7;27;12;3.4605892;129.03831
1986;7;27;18;2.6522374;198.5345
1986;7;28;0;1.5295194;152.88293
1986;7;28;6;4.4668217;126.41171
1986;7;28;12;4.503919;112.59114
1986;7;28;18;4.954351;120.203445
1986;7;29;0;5.843075;143.70229
1986;7;29;6;5.2085843;144.69226
1986;7;29;12;3.4402761;174.61652
1986;7;29;18;2.9949505;201.90091
1986;7;30;0;2.3233182;217.19113
1986;7;30;6;3.8048222;178.91292
1986;7;30;12;4.2541676;174.75146
1986;7;30;18;3.7474527;281.56305
1986;7;31;0;3.5035667;333.77487
1986;7;31;6;1.6343933;3.1404114
1986;7;31;12;1.5732371;335.13574
1986;7;31;18;2.1776946;292.71732
1987;5;1;0;6.932101;142.9273
1987;5;1;6;8.255649;142.60092
1987;5;1;12;9.402681;145.47437
1987;5;1;18;6.7706847;161.58484
1987;5;2;0;8.729416;164.2826
1987;5;2;6;12.575962;164.88004
1987;5;2;12;15.43905;155.17142
1987;5;2;18;13.7414;145.51846
1987;5;3;0;7.996558;166.26074
1987;5;3;6;6.6985483;185.66066
1987;5;3;12;6.846052;196.21127
1987;5;3;18;2.4863663;181.87973
1987;5;4;0;6.3503428;120.21742
1987;5;4;6;6.807663;131.68011
1987;5;4;12;4.504572;188.20648
1987;5;4;18;3.4167087;242.1872
1987;5;5;0;3.7463365;148.24881
1987;5;5;6;6.291459;141.75783
1987;5;5;12;4.3054256;152.37247
1987;5;5;18;4.59874;145.83588
1987;5;6;0;6.58127;150.70958
1987;5;6;6;7.2625256;156.30684
1987;5;6;12;8.036765;151.21692
1987;5;6;18;8.288838;153.77861
1987;5;7;0;8.237672;162.23459
1987;5;7;6;7.2872176;175.63562
1987;5;7;12;8.361051;199.01724
1987;5;7;18;6.9769797;241.90161
1987;5;8;0;4.690716;239.65549
1987;5;8;6;4.619947;205.45224
1987;5;8;12;5.520109;205.81183
1987;5;8;18;6.387881;192.56477
1987;5;9;0;8.460985;170.66702
1987;5;9;6;8.337755;171.24474
1987;5;9;12;10.326678;194.46835
1987;5;9;18;11.239754;202.83298
1987;5;10;0;8.284942;204.87926
1987;5;10;6;6.2739215;196.1309
1987;5;10;12;5.3938985;127.46593
1987;5;10;18;5.616788;127.9984
1987;5;11;0;6.483378;235.67882
1987;5;11;6;7.1793556;291.39868
1987;5;11;12;2.9944005;335.86
1987;5;11;18;5.398056;103.37865
1987;5;12;0;11.1182165;120.24628
1987;5;12;6;15.84391;144.2962
1987;5;12;12;17.167082;147.65588
1987;5;12;18;13.544288;151.87988
1987;5;13;0;5.3146496;252.92569
1987;5;13;6;3.2221487;234.80489
1987;5;13;12;6.1451974;151.19293
1987;5;13;18;7.074411;135.361
1987;5;14;0;13.06723;135.68828
1987;5;14;6;9.554913;183.0295
1987;5;14;12;9.154065;171.29393
1987;5;14;18;9.850538;207.41101
1987;5;15;0;7.283391;223.91473
1987;5;15;6;3.311201;151.94737
1987;5;15;12;6.6457295;127.448425
1987;5;15;18;5.849719;251.03246
1987;5;16;0;3.0421367;270.49387
1987;5;16;6;3.77159;150.39503
1987;5;16;12;6.1589637;147.02211
1987;5;16;18;5.012244;172.87326
1987;5;17;0;5.10313;184.63554
1987;5;17;6;4.1755466;193.4654
1987;5;17;12;5.799205;229.13751
1987;5;17;18;4.0356517;237.61848
1987;5;18;0;5.084009;127.889404
1987;5;18;6;7.355724;154.94165
1987;5;18;12;7.29849;164.92221
1987;5;18;18;8.611914;170.97969
1987;5;19;0;11.1018;203.66083
1987;5;19;6;8.479946;196.8311
1987;5;19;12;9.185203;182.03802
1987;5;19;18;10.562249;182.05518
1987;5;20;0;11.503837;197.6183
1987;5;20;6;12.462488;175.32684
1987;5;20;12;10.809163;190.1423
1987;5;20;18;7.803198;182.73303
1987;5;21;0;9.734682;172.92545
1987;5;21;6;11.120102;155.51274
1987;5;21;12;13.108177;156.99304
1987;5;21;18;7.130936;220.04147
1987;5;22;0;4.3066206;98.73329
1987;5;22;6;12.9955015;145.57802
1987;5;22;12;20.715107;130.68927
1987;5;22;18;24.330853;134.25124
1987;5;23;0;19.548708;147.49026
1987;5;23;6;20.222145;131.34596
1987;5;23;12;20.571754;126.70912
1987;5;23;18;20.781649;130.97269
1987;5;24;0;19.414747;129.98929
1987;5;24;6;18.997696;134.82004
1987;5;24;12;20.949045;127.61009
1987;5;24;18;20.4731;130.18903
1987;5;25;0;14.075656;146.36969
1987;5;25;6;10.258991;160.85909
1987;5;25;12;5.107764;183.48401
1987;5;25;18;16.886116;136.29504
1987;5;26;0;18.262686;129.43834
1987;5;26;6;9.537345;160.92706
1987;5;26;12;6.2740955;167.42935
1987;5;26;18;4.424179;203.20471
1987;5;27;0;4.723147;132.24326
1987;5;27;6;7.9852014;148.90012
1987;5;27;12;8.815808;158.49655
1987;5;27;18;6.9533606;181.93114
1987;5;28;0;6.7546835;157.42926
1987;5;28;6;9.584852;145.35083
1987;5;28;12;8.862062;149.73978
1987;5;28;18;8.564224;154.59555
1987;5;29;0;9.738454;141.5745
1987;5;29;6;10.664792;141.33853
1987;5;29;12;12.052035;139.46906
1987;5;29;18;13.754299;140.26236
1987;5;30;0;15.513084;136.2643
1987;5;30;6;13.923979;142.90106
1987;5;30;12;12.855435;152.25961
1987;5;30;18;12.144453;150.95157
1987;5;31;0;10.722836;150.91556
1987;5;31;6;10.7179575;153.09561
1987;5;31;12;9.388076;157.16235
1987;5;31;18;6.8088827;168.05699
1987;6;1;0;7.8885565;146.06909
1987;6;1;6;8.932553;151.60678
1987;6;1;12;7.122568;161.75269
1987;6;1;18;4.9383736;165.86212
1987;6;2;0;5.241432;159.64914
1987;6;2;6;5.9488463;172.91664
1987;6;2;12;6.623998;208.37695
1987;6;2;18;4.9357176;189.65613
1987;6;3;0;6.0943584;208.27774
1987;6;3;6;5.6242676;219.33499
1987;6;3;12;7.1294885;226.61407
1987;6;3;18;8.433384;239.19786
1987;6;4;0;9.824698;223.25848
1987;6;4;6;9.892653;207.327
1987;6;4;12;9.922428;234.21117
1987;6;4;18;7.3491063;204.80106
1987;6;5;0;8.361126;187.9136
1987;6;5;6;10.295177;226.18195
1987;6;5;12;5.8601713;227.38196
1987;6;5;18;1.8516022;212.94177
1987;6;6;0;3.2331636;157.81888
1987;6;6;6;7.1834884;131.69495
1987;6;6;12;13.973193;144.19904
1987;6;6;18;10.104605;226.2666
1987;6;7;0;9.698303;227.42537
1987;6;7;6;6.9227047;183.93137
1987;6;7;12;7.65295;224.54068
1987;6;7;18;8.412801;233.3092
1987;6;8;0;6.5490823;231.92003
1987;6;8;6;5.852413;213.38507
1987;6;8;12;4.620727;195.0364
1987;6;8;18;5.552341;195.12318
1987;6;9;0;4.9652133;192.58667
1987;6;9;6;5.9314327;162.52383
1987;6;9;12;7.9555044;187.7805
1987;6;9;18;5.709549;193.17947
1987;6;10;0;7.5934978;144.28314
1987;6;10;6;8.27485;169.03578
1987;6;10;12;5.7788405;186.2036
1987;6;10;18;5.4451785;224.72357
1987;6;11;0;3.7881417;139.91536
1987;6;11;6;6.969692;128.85164
1987;6;11;12;10.218448;137.94298
1987;6;11;18;9.904435;143.9521
1987;6;12;0;11.792437;144.66803
1987;6;12;6;12.874412;154.97412
1987;6;12;12;9.314734;167.61272
1987;6;12;18;7.6521435;156.99292
1987;6;13;0;9.219276;142.41495
1987;6;13;6;12.430727;150.93703
1987;6;13;12;8.75343;167.32236
1987;6;13;18;3.6548398;158.7894
1987;6;14;0;7.9244623;121.02109
1987;6;14;6;11.524516;129.67719
1987;6;14;12;17.148317;141.87617
1987;6;14;18;11.314677;160.04388
1987;6;15;0;12.765656;146.40831
1987;6;15;6;8.303164;217.20784
1987;6;15;12;7.0434837;214.52176
1987;6;15;18;5.462038;194.08963
1987;6;16;0;5.241713;167.24963
1987;6;16;6;8.531953;182.3006
1987;6;16;12;5.950136;168.95686
1987;6;16;18;8.826673;153.30157
1987;6;17;0;8.011546;146.70312
1987;6;17;6;11.824271;141.94342
1987;6;17;12;13.421205;150.27621
1987;6;17;18;13.715573;140.00468
1987;6;18;0;14.083801;144.9086
1987;6;18;6;13.421901;149.73828
1987;6;18;12;13.310273;144.72061
1987;6;18;18;11.75436;155.25352
1987;6;19;0;9.707813;160.11832
1987;6;19;6;9.291962;163.2413
1987;6;19;12;7.466321;169.61456
1987;6;19;18;5.2130494;179.6163
1987;6;20;0;3.5343707;164.31146
1987;6;20;6;4.387679;163.33075
1987;6;20;12;2.9733262;175.5373
1987;6;20;18;3.1129687;162.8884
1987;6;21;0;6.018359;141.28279
1987;6;21;6;6.1334085;162.94203
1987;6;21;12;5.4956903;154.5646
1987;6;21;18;3.8346229;146.27469
1987;6;22;0;5.3973575;146.1868
1987;6;22;6;8.307501;144.84583
1987;6;22;12;7.808204;154.83133
1987;6;22;18;7.957322;148.77165
1987;6;23;0;7.9555035;128.93903
1987;6;23;6;8.540996;125.196045
1987;6;23;12;7.6525;130.14627
1987;6;23;18;7.319241;132.82358
1987;6;24;0;8.965351;127.21921
1987;6;24;6;9.219543;128.09256
1987;6;24;12;9.253594;129.7445
1987;6;24;18;6.8472323;139.46323
1987;6;25;0;7.455844;130.5888
1987;6;25;6;6.716282;128.72165
1987;6;25;12;4.9523454;146.04964
1987;6;25;18;3.820624;169.23596
1987;6;26;0;3.4373512;187.7143
1987;6;26;6;4.0046244;166.51146
1987;6;26;12;2.8091486;170.36722
1987;6;26;18;2.8417995;230.00745
1987;6;27;0;2.217541;222.1373
1987;6;27;6;3.878085;223.1618
1987;6;27;12;4.450962;225.94449
1987;6;27;18;5.994152;272.1399
1987;6;28;0;8.004032;242.05583
1987;6;28;6;5.6694703;237.67804
1987;6;28;12;3.505977;181.09155
1987;6;28;18;5.2250867;176.15248
1987;6;29;0;6.7707024;140.31244
1987;6;29;6;6.0465736;141.25146
1987;6;29;12;6.4397645;135.30566
1987;6;29;18;4.079375;145.50006
1987;6;30;0;4.3834157;108.81207
1987;6;30;6;5.4187603;122.6855
1987;6;30;12;8.125168;124.17183
1987;6;30;18;7.821276;148.78072
1987;7;1;0;7.429893;134.69539
1987;7;1;6;9.079994;147.09216
1987;7;1;12;7.4086986;148.27261
1987;7;1;18;5.9826107;169.7907
1987;7;2;0;3.7767851;178.26031
1987;7;2;6;3.6938956;187.04646
1987;7;2;12;4.6563897;214.33401
1987;7;2;18;4.497378;240.07492
1987;7;3;0;2.6814108;260.9411
1987;7;3;6;1.8095772;146.84781
1987;7;3;12;3.0544102;172.73373
1987;7;3;18;2.139081;316.75232
1987;7;4;0;2.446975;12.828033
1987;7;4;6;1.5804455;74.97919
1987;7;4;12;2.0309439;72.18787
1987;7;4;18;1.0098922;71.93567
1987;7;5;0;3.431817;112.106384
1987;7;5;6;4.613693;155.43893
1987;7;5;12;2.1246905;185.29794
1987;7;5;18;2.085315;251.73161
1987;7;6;0;2.537649;206.25165
1987;7;6;6;3.4638011;154.13803
1987;7;6;12;5.5716176;162.9716
1987;7;6;18;4.7295427;191.79347
1987;7;7;0;4.698563;174.55026
1987;7;7;6;6.0502987;172.25668
1987;7;7;12;7.681824;203.67346
1987;7;7;18;4.2767916;193.21396
1987;7;8;0;8.79203;147.15009
1987;7;8;6;7.627582;163.47754
1987;7;8;12;5.747677;188.91925
1987;7;8;18;4.009574;166.74261
1987;7;9;0;3.7397192;199.5173
1987;7;9;6;2.4893713;167.07112
1987;7;9;12;3.140604;156.7746
1987;7;9;18;4.273758;241.74857
1987;7;10;0;2.0807989;207.0185
1987;7;10;6;4.973745;129.46118
1987;7;10;12;7.7606688;131.54135
1987;7;10;18;6.9765663;153.53418
1987;7;11;0;6.8605723;153.46094
1987;7;11;6;7.454648;156.03787
1987;7;11;12;6.2457256;180.58035
1987;7;11;18;4.1945186;187.95306
1987;7;12;0;4.897005;166.81073
1987;7;12;6;5.5704875;175.93555
1987;7;12;12;6.1854825;165.48776
1987;7;12;18;3.5099576;178.08095
1987;7;13;0;4.954567;140.32521
1987;7;13;6;3.5138896;169.33737
1987;7;13;12;1.5502714;190.91042
1987;7;13;18;1.7089186;25.01883
1987;7;14;0;2.5211947;25.262787
1987;7;14;6;2.6145384;131.26021
1987;7;14;12;3.025912;133.61467
1987;7;14;18;2.184752;177.43489
1987;7;15;0;3.5500264;204.16356
1987;7;15;6;2.9719126;214.59402
1987;7;15;12;3.8821287;318.17453
1987;7;15;18;4.1626773;347.86505
1987;7;16;0;1.6353818;359.17642
1987;7;16;6;3.9364612;140.05435
1987;7;16;12;7.8581953;141.97884
1987;7;16;18;7.889822;159.15984
1987;7;17;0;10.052429;144.53262
1987;7;17;6;14.812027;148.25858
1987;7;17;12;9.654886;162.75969
1987;7;17;18;8.304553;156.95505
1987;7;18;0;8.374322;142.32175
1987;7;18;6;6.3167286;137.41954
1987;7;18;12;4.8253727;132.5247
1987;7;18;18;1.3361343;129.23933
1987;7;19;0;1.969023;348.77106
1987;7;19;6;1.7665349;254.015
1987;7;19;12;2.8653047;55.319275
1987;7;19;18;2.0097911;114.79199
1987;7;20;0;6.34477;121.9066
1987;7;20;6;9.664019;138.62003
1987;7;20;12;9.929529;143.37744
1987;7;20;18;7.2522774;149.83237
1987;7;21;0;6.397452;139.96361
1987;7;21;6;3.3651402;184.16348
1987;7;21;12;4.0299215;280.9925
1987;7;21;18;5.084081;302.1431
1987;7;22;0;3.1782308;289.3256
1987;7;22;6;3.5852811;328.51248
1987;7;22;12;3.4638395;305.4578
1987;7;22;18;3.34381;272.54742
1987;7;23;0;2.7432733;209.49931
1987;7;23;6;4.2185817;158.29187
1987;7;23;12;5.2180552;150.5377
1987;7;23;18;5.3188667;154.8391
1987;7;24;0;8.6145315;135.83499
1987;7;24;6;12.275769;137.25395
1987;7;24;12;15.362145;144.22716
1987;7;24;18;12.862954;151.65997
1987;7;25;0;7.440936;154.59427
1987;7;25;6;2.2950997;191.83789
1987;7;25;12;3.2849028;308.18433
1987;7;25;18;1.8810073;316.9342
1987;7;26;0;2.3803427;167.2839
1987;7;26;6;4.6569366;153.54462
1987;7;26;12;5.7665534;160.83072
1987;7;26;18;4.5047407;148.35751
1987;7;27;0;7.28117;155.36835
1987;7;27;6;6.3861203;152.6412
1987;7;27;12;5.1438956;205.44353
1987;7;27;18;5.203723;247.7293
1987;7;28;0;4.8285427;253.741
1987;7;28;6;2.5615973;235.82423
1987;7;28;12;2.4700701;189.92218
1987;7;28;18;3.9852116;149.401
1987;7;29;0;3.5123248;185.4873
1987;7;29;6;4.398045;171.89693
1987;7;29;12;5.622898;243.05215
1987;7;29;18;4.3713098;255.3751
1987;7;30;0;3.1286173;120.18576
1987;7;30;6;4.5753045;138.66673
1987;7;30;12;3.6401594;262.04477
1987;7;30;18;6.0342755;276.30972
1987;7;31;0;5.775786;270.11194
1987;7;31;6;5.9235206;267.361
1987;7;31;12;8.651799;265.18542
1987;7;31;18;6.360394;279.2424
1988;5;1;0;3.7910962;220.30746
1988;5;1;6;3.9036329;233.45586
1988;5;1;12;4.1391435;259.34457
1988;5;1;18;3.9256184;281.8079
1988;5;2;0;3.7724748;174.10378
1988;5;2;6;6.4183927;185.69846
1988;5;2;12;12.216316;198.95525
1988;5;2;18;13.171504;238.34302
1988;5;3;0;10.180495;232.13266
1988;5;3;6;10.462488;226.1725
1988;5;3;12;10.767149;226.87831
1988;5;3;18;8.993718;258.0693
1988;5;4;0;5.687287;322.0641
1988;5;4;6;4.044975;335.39468
1988;5;4;12;5.5375624;345.88092
1988;5;4;18;9.134489;339.10602
1988;5;5;0;7.057658;348.44144
1988;5;5;6;4.913889;9.643005
1988;5;5;12;7.60112;105.37404
1988;5;5;18;11.73998;109.93373
1988;5;6;0;8.902405;114.23175
1988;5;6;6;9.303705;107.362885
1988;5;6;12;8.113503;113.163055
1988;5;6;18;6.1060615;99.89603
1988;5;7;0;6.890413;115.534454
1988;5;7;6;10.890819;110.23924
1988;5;7;12;10.476804;111.47394
1988;5;7;18;3.831444;126.93065
1988;5;8;0;2.991971;40.07788
1988;5;8;6;5.949836;271.66498
1988;5;8;12;2.1531515;227.47804
1988;5;8;18;2.099731;274.09695
1988;5;9;0;1.7813038;88.201294
1988;5;9;6;4.218389;149.82898
1988;5;9;12;4.815619;149.37451
1988;5;9;18;1.512594;169.707
1988;5;10;0;1.4790585;330.70544
1988;5;10;6;4.153533;266.45862
1988;5;10;12;4.4462953;269.87128
1988;5;10;18;2.3563452;280.38614
1988;5;11;0;4.716689;149.87814
1988;5;11;6;7.6961;132.53694
1988;5;11;12;8.868847;138.62651
1988;5;11;18;7.467628;165.18663
1988;5;12;0;9.078214;199.11847
1988;5;12;6;9.343823;174.63614
1988;5;12;12;9.495154;149.5965
1988;5;12;18;8.102904;191.01556
1988;5;13;0;4.1256027;163.52283
1988;5;13;6;3.8652472;166.188
1988;5;13;12;3.8915958;157.643
1988;5;13;18;4.585344;137.83488
1988;5;14;0;9.033692;141.48317
1988;5;14;6;6.226766;186.18347
1988;5;14;12;5.169212;168.42554
1988;5;14;18;7.6043735;133.9529
1988;5;15;0;10.476341;139.88293
1988;5;15;6;12.274098;129.44714
1988;5;15;12;11.739683;115.21152
1988;5;15;18;15.43801;126.44438
1988;5;16;0;16.027576;123.981995
1988;5;16;6;16.465073;126.97072
1988;5;16;12;16.819866;118.08028
1988;5;16;18;17.240915;126.9767
1988;5;17;0;16.041344;125.41705
1988;5;17;6;17.02036;120.77629
1988;5;17;12;11.63854;147.05472
1988;5;17;18;8.649476;155.60912
1988;5;18;0;9.364341;144.70717
1988;5;18;6;10.140524;149.11697
1988;5;18;12;8.111653;180.24396
1988;5;18;18;5.298039;199.56537
1988;5;19;0;3.7783809;180.33713
1988;5;19;6;3.6306221;151.50223
1988;5;19;12;4.97532;145.5701
1988;5;19;18;3.734785;186.75632
1988;5;20;0;7.8349013;128.57785
1988;5;20;6;8.571851;141.87123
1988;5;20;12;6.266236;135.05954
1988;5;20;18;3.4845533;137.45496
1988;5;21;0;3.5739355;121.75336
1988;5;21;6;4.492581;126.6931
1988;5;21;12;5.232141;129.99268
1988;5;21;18;4.101252;125.803314
1988;5;22;0;5.308319;123.18436
1988;5;22;6;6.8015914;126.290344
1988;5;22;12;6.2002196;107.3501
1988;5;22;18;4.2930703;62.068665
1988;5;23;0;8.874304;101.17322
1988;5;23;6;14.267089;122.081406
1988;5;23;12;13.850049;141.80669
1988;5;23;18;8.343961;142.95557
1988;5;24;0;7.749605;145.21439
1988;5;24;6;15.037999;140.99843
1988;5;24;12;16.025866;145.37903
1988;5;24;18;14.471047;140.9758
1988;5;25;0;13.146103;136.26694
1988;5;25;6;13.878536;135.9175
1988;5;25;12;13.411081;138.38919
1988;5;25;18;11.365163;146.01498
1988;5;26;0;9.602765;137.96646
1988;5;26;6;9.986695;132.11311
1988;5;26;12;11.002833;129.57823
1988;5;26;18;8.453073;142.58113
1988;5;27;0;7.1466866;138.23674
1988;5;27;6;6.3864493;137.00154
1988;5;27;12;7.9122643;132.72919
1988;5;27;18;7.993094;155.28976
1988;5;28;0;8.836398;147.22517
1988;5;28;6;8.960671;154.37039
1988;5;28;12;8.004447;158.571
1988;5;28;18;6.77172;176.55011
1988;5;29;0;5.1983976;179.27429
1988;5;29;6;5.6767693;174.25647
1988;5;29;12;3.6081662;171.33472
1988;5;29;18;2.6649334;209.99619
1988;5;30;0;2.8430245;193.40588
1988;5;30;6;3.2576578;171.90028
1988;5;30;12;3.444208;143.16939
1988;5;30;18;4.588396;149.56299
1988;5;31;0;6.8932095;137.97916
1988;5;31;6;9.723504;143.39847
1988;5;31;12;8.329611;148.1414
1988;5;31;18;7.0319653;140.4727
1988;6;1;0;6.5276966;134.09877
1988;6;1;6;7.645609;126.90251
1988;6;1;12;7.841723;143.36499
1988;6;1;18;4.9050803;169.26694
1988;6;2;0;4.459855;189.89215
1988;6;2;6;4.6659904;189.02638
1988;6;2;12;2.8832436;189.18115
1988;6;2;18;3.0380318;196.00635
1988;6;3;0;4.5933657;166.46402
1988;6;3;6;5.1336026;191.74953
1988;6;3;12;7.000564;220.67801
1988;6;3;18;6.8297257;236.49924
1988;6;4;0;1.3814422;164.3879
1988;6;4;6;3.5260417;198.75314
1988;6;4;12;5.1895638;197.05112
1988;6;4;18;5.3489203;214.23735
1988;6;5;0;3.2302868;194.20184
1988;6;5;6;4.4257984;195.50996
1988;6;5;12;3.316122;211.20938
1988;6;5;18;3.3571594;238.64415
1988;6;6;0;0.572255;225.80968
1988;6;6;6;3.387957;231.08447
1988;6;6;12;3.7508385;248.18945
1988;6;6;18;6.347322;285.95187
1988;6;7;0;1.0152706;87.94238
1988;6;7;6;8.313124;121.24335
1988;6;7;12;8.244948;220.58379
1988;6;7;18;6.250636;217.89691
1988;6;8;0;6.02326;180.63126
1988;6;8;6;7.981874;164.05167
1988;6;8;12;9.431068;174.17967
1988;6;8;18;8.977998;200.66005
1988;6;9;0;6.233667;197.64972
1988;6;9;6;10.570472;125.01776
1988;6;9;12;15.008874;137.39764
1988;6;9;18;13.850312;144.15173
1988;6;10;0;10.765563;155.22296
1988;6;10;6;9.13613;147.07199
1988;6;10;12;8.6684885;180.77191
1988;6;10;18;3.7535462;188.10133
1988;6;11;0;5.0200295;142.87506
1988;6;11;6;7.926079;158.22375
1988;6;11;12;7.235327;165.77437
1988;6;11;18;7.5885935;166.90741
1988;6;12;0;10.608269;141.86092
1988;6;12;6;15.568938;133.98105
1988;6;12;12;15.426811;144.04813
1988;6;12;18;10.387444;155.4291
1988;6;13;0;5.2171726;167.0983
1988;6;13;6;2.3637595;238.06317
1988;6;13;12;9.142534;135.52495
1988;6;13;18;7.4489694;190.62521
1988;6;14;0;5.1532893;216.95038
1988;6;14;6;2.8548348;205.02792
1988;6;14;12;4.3774285;257.0994
1988;6;14;18;5.64248;251.01584
1988;6;15;0;5.090457;240.27261
1988;6;15;6;6.8864083;239.88115
1988;6;15;12;7.527415;248.24559
1988;6;15;18;7.094606;247.03499
1988;6;16;0;2.9007194;197.62244
1988;6;16;6;6.9267745;145.63022
1988;6;16;12;5.426777;254.37259
1988;6;16;18;5.401618;274.29422
1988;6;17;0;2.6561956;251.75053
1988;6;17;6;4.747994;124.11557
1988;6;17;12;4.7896414;110.18869
1988;6;17;18;1.8298618;288.6329
1988;6;18;0;3.9605796;303.94482
1988;6;18;6;4.759465;302.3641
1988;6;18;12;8.095143;317.09
1988;6;18;18;10.820569;332.24356
1988;6;19;0;9.227234;326.03595
1988;6;19;6;8.6584;318.0097
1988;6;19;12;9.468599;311.50327
1988;6;19;18;9.524601;320.8107
1988;6;20;0;5.4681635;324.3625
1988;6;20;6;3.1861415;312.95636
1988;6;20;12;5.184558;313.42746
1988;6;20;18;4.642857;0.9049072
1988;6;21;0;3.8884811;64.0387
1988;6;21;6;6.7437463;111.504074
1988;6;21;12;8.23907;140.79655
1988;6;21;18;7.38673;162.93677
1988;6;22;0;3.3253505;264.2032
1988;6;22;6;3.7796743;230.24905
1988;6;22;12;3.340516;202.71376
1988;6;22;18;3.6091297;200.20596
1988;6;23;0;4.757704;137.9397
1988;6;23;6;6.7362823;126.1759
1988;6;23;12;8.054305;119.97304
1988;6;23;18;6.2495117;148.67744
1988;6;24;0;4.79586;207.66174
1988;6;24;6;5.27721;155.27826
1988;6;24;12;8.237799;118.15291
1988;6;24;18;13.903052;141.22858
1988;6;25;0;7.5512395;190.16962
1988;6;25;6;3.917306;195.64832
1988;6;25;12;6.5797415;261.1045
1988;6;25;18;8.571273;257.60318
1988;6;26;0;6.651362;260.30173
1988;6;26;6;5.8534093;276.41885
1988;6;26;12;6.243141;306.66452
1988;6;26;18;5.3864207;326.90012
1988;6;27;0;3.4914265;30.06482
1988;6;27;6;2.7261088;100.08685
1988;6;27;12;1.5795985;130.86313
1988;6;27;18;1.2575469;341.33197
1988;6;28;0;1.8906533;62.82849
1988;6;28;6;4.3918524;125.486755
1988;6;28;12;4.59376;127.96881
1988;6;28;18;3.622948;124.63393
1988;6;29;0;4.8792243;122.18167
1988;6;29;6;6.4720654;122.426895
1988;6;29;12;5.7481036;126.15538
1988;6;29;18;4.8868566;152.45108
1988;6;30;0;5.267008;124.116745
1988;6;30;6;5.7446804;129.00902
1988;6;30;12;4.468148;123.35628
1988;6;30;18;4.531545;140.67545
1988;7;1;0;5.2931623;137.05061
1988;7;1;6;5.9198327;136.68314
1988;7;1;12;6.2685366;144.98782
1988;7;1;18;5.1865945;163.76216
1988;7;2;0;5.2359257;172.26602
1988;7;2;6;5.3111577;153.28943
1988;7;2;12;4.516959;153.99088
1988;7;2;18;4.3590293;149.06274
1988;7;3;0;5.83607;156.14209
1988;7;3;6;6.869994;151.288
1988;7;3;12;7.5375576;167.1503
1988;7;3;18;6.789861;166.1233
1988;7;4;0;8.264438;154.45053
1988;7;4;6;7.8389945;179.12143
1988;7;4;12;11.158352;163.84714
1988;7;4;18;12.083526;161.19838
1988;7;5;0;10.9840555;180.71292
1988;7;5;6;12.8443365;210.19646
1988;7;5;12;9.571541;225.66559
1988;7;5;18;4.884702;204.74069
1988;7;6;0;5.3782387;151.63792
1988;7;6;6;8.1448765;150.03806
1988;7;6;12;7.453473;164.18623
1988;7;6;18;9.19354;150.15945
1988;7;7;0;8.482207;147.76659
1988;7;7;6;9.922724;144.34094
1988;7;7;12;6.464628;158.93636
1988;7;7;18;3.3684905;178.41977
1988;7;8;0;0.9143406;7.964447
1988;7;8;6;5.5259414;131.7228
1988;7;8;12;6.874285;121.00461
1988;7;8;18;7.66283;134.469
1988;7;9;0;9.284073;121.0468
1988;7;9;6;8.132933;127.03409
1988;7;9;12;8.4838295;145.56874
1988;7;9;18;6.7813897;146.17465
1988;7;10;0;6.773303;122.09007
1988;7;10;6;6.9140005;143.42221
1988;7;10;12;5.8191853;145.41275
1988;7;10;18;3.3362792;142.68011
1988;7;11;0;5.6938424;134.17264
1988;7;11;6;6.6264315;146.78088
1988;7;11;12;5.737168;147.71986
1988;7;11;18;3.3923147;178.82922
1988;7;12;0;4.130114;179.21701
1988;7;12;6;4.3237367;195.34625
1988;7;12;12;3.1484768;167.46411
1988;7;12;18;2.890555;149.94247
1988;7;13;0;5.4042068;138.12794
1988;7;13;6;6.394489;145.73552
1988;7;13;12;6.3857765;151.59598
1988;7;13;18;5.2426095;160.05438
1988;7;14;0;6.0089006;151.32632
1988;7;14;6;7.321967;161.99518
1988;7;14;12;7.7042294;161.91252
1988;7;14;18;8.138493;159.84845
1988;7;15;0;8.023292;153.49731
1988;7;15;6;6.5145636;161.61661
1988;7;15;12;6.1033344;168.28566
1988;7;15;18;3.1939955;179.31671
1988;7;16;0;5.5252337;154.05513
1988;7;16;6;6.331859;138.42918
1988;7;16;12;9.280741;131.88907
1988;7;16;18;9.78841;140.47871
1988;7;17;0;11.455573;140.81383
1988;7;17;6;11.263055;142.90666
1988;7;17;12;12.71895;142.22319
1988;7;17;18;7.9023905;150.90512
1988;7;18;0;6.3793836;126.5983
1988;7;18;6;4.540718;138.00958
1988;7;18;12;3.9435453;153.42023
1988;7;18;18;3.422519;144.09932
1988;7;19;0;5.7976093;130.69739
1988;7;19;6;6.3421674;124.99518
1988;7;19;12;6.1334686;130.87581
1988;7;19;18;4.9067903;135.9874
1988;7;20;0;5.1923547;116.25011
1988;7;20;6;5.1038985;118.01599
1988;7;20;12;4.1239834;135.79771
1988;7;20;18;2.5927868;111.098465
1988;7;21;0;4.498856;150.70186
1988;7;21;6;4.6741233;132.33522
1988;7;21;12;5.038266;127.537704
1988;7;21;18;4.6230545;135.80603
1988;7;22;0;4.955829;132.44032
1988;7;22;6;3.8888228;123.66226
1988;7;22;12;1.8616667;115.97113
1988;7;22;18;1.4811512;134.15886
1988;7;23;0;2.426379;128.00958
1988;7;23;6;3.76378;158.1044
1988;7;23;12;5.3652678;134.67986
1988;7;23;18;6.3062773;146.39474
1988;7;24;0;7.9163294;139.01945
1988;7;24;6;8.635702;140.57654
1988;7;24;12;5.968756;139.64368
1988;7;24;18;2.674035;154.17055
1988;7;25;0;1.4190198;197.97565
1988;7;25;6;2.0741684;232.58388
1988;7;25;12;0.9688983;239.53778
1988;7;25;18;1.7773677;343.4644
1988;7;26;0;3.038648;101.93115
1988;7;26;6;3.831868;144.73431
1988;7;26;12;2.5599113;153.58792
1988;7;26;18;2.3973246;171.1083
1988;7;27;0;4.2712073;144.24918
1988;7;27;6;4.923252;133.09491
1988;7;27;12;4.907476;143.25827
1988;7;27;18;3.7174985;154.49767
1988;7;28;0;4.7062945;143.77362
1988;7;28;6;5.7210927;135.4759
1988;7;28;12;4.279148;136.60301
1988;7;28;18;3.9552329;167.60138
1988;7;29;0;3.120284;212.052
1988;7;29;6;3.2841282;199.62903
1988;7;29;12;4.259036;175.50262
1988;7;29;18;5.0607495;195.81323
1988;7;30;0;5.321259;165.46631
1988;7;30;6;7.1827188;161.28754
1988;7;30;12;9.60835;159.72797
1988;7;30;18;10.00901;219.01193
1988;7;31;0;8.75696;223.7171
1988;7;31;6;5.9349504;203.09592
1988;7;31;12;6.5554814;151.62299
1988;7;31;18;10.81492;140.67827
