Year;Month;Day;Hour(utc);301;365
2008;5;1;0;6.003467;250.67116
2008;5;1;6;4.4432135;270.15988
2008;5;1;12;5.7841907;286.85828
2008;5;1;18;8.306929;292.8718
2008;5;2;0;7.2573743;312.17493
2008;5;2;6;4.2579517;9.452393
2008;5;2;12;5.1952763;61.56372
2008;5;2;18;5.640318;92.349075
2008;5;3;0;7.4407587;100.40036
2008;5;3;6;8.710737;117.023895
2008;5;3;12;8.221084;125.645584
2008;5;3;18;6.5271473;137.83179
2008;5;4;0;6.9434485;146.5729
2008;5;4;6;6.248717;149.3659
2008;5;4;12;4.3981676;146.69469
2008;5;4;18;4.4552875;113.98088
2008;5;5;0;6.1096845;96.38057
2008;5;5;6;8.008242;97.20694
2008;5;5;12;8.872077;103.913025
2008;5;5;18;6.4561777;126.0733
2008;5;6;0;6.010454;124.805725
2008;5;6;6;5.7678943;127.17993
2008;5;6;12;3.7895336;142.9638
2008;5;6;18;3.0121236;108.11969
2008;5;7;0;5.712114;92.650665
2008;5;7;6;5.7298975;101.507095
2008;5;7;12;3.3090765;105.08852
2008;5;7;18;2.6188068;133.96893
2008;5;8;0;1.7796378;146.75945
2008;5;8;6;4.8353863;199.51923
2008;5;8;12;3.955053;224.48898
2008;5;8;18;4.532309;234.74535
2008;5;9;0;4.799511;237.0903
2008;5;9;6;4.5327163;242.53975
2008;5;9;12;4.037202;266.49603
2008;5;9;18;3.782915;66.48477
2008;5;10;0;8.2490635;86.09311
2008;5;10;6;10.186955;96.6535
2008;5;10;12;8.756083;105.554214
2008;5;10;18;6.4680195;113.81705
2008;5;11;0;7.9378858;107.68251
2008;5;11;6;7.686205;120.675
2008;5;11;12;10.0981455;115.8219
2008;5;11;18;11.639196;135.33905
2008;5;12;0;10.553501;151.6607
2008;5;12;6;10.154548;158.155
2008;5;12;12;9.8371725;161.73181
2008;5;12;18;9.123254;162.38693
2008;5;13;0;8.862091;155.91217
2008;5;13;6;8.902477;164.08844
2008;5;13;12;8.9186735;168.71487
2008;5;13;18;7.2799845;173.91074
2008;5;14;0;6.7824645;165.22592
2008;5;14;6;5.966378;156.27155
2008;5;14;12;6.6518197;140.02878
2008;5;14;18;5.575902;161.1561
2008;5;15;0;5.2914596;149.4519
2008;5;15;6;5.2836514;146.14948
2008;5;15;12;4.8619695;169.43356
2008;5;15;18;3.7153292;300.62488
2008;5;16;0;3.4439783;341.78876
2008;5;16;6;1.7762967;335.4863
2008;5;16;12;6.6963053;352.04974
2008;5;16;18;6.418391;334.34753
2008;5;17;0;4.5822377;334.0385
2008;5;17;6;1.4024066;340.78595
2008;5;17;12;1.5280839;63.87195
2008;5;17;18;1.3151209;180.2312
2008;5;18;0;4.045033;169.93857
2008;5;18;6;4.249161;203.9596
2008;5;18;12;4.6179876;249.61539
2008;5;18;18;7.1103277;270.94577
2008;5;19;0;5.30294;268.68048
2008;5;19;6;6.5255456;264.48227
2008;5;19;12;7.410818;266.96158
2008;5;19;18;6.7150464;268.59885
2008;5;20;0;4.9128084;258.2674
2008;5;20;6;7.9409;264.8832
2008;5;20;12;8.056648;260.42892
2008;5;20;18;6.8546467;270.66748
2008;5;21;0;5.8988338;254.18668
2008;5;21;6;6.403596;242.57967
2008;5;21;12;6.937995;237.0502
2008;5;21;18;5.07881;254.577
2008;5;22;0;0.47449696;100.26218
2008;5;22;6;2.3940034;25.306427
2008;5;22;12;5.305876;336.17056
2008;5;22;18;4.900572;353.60345
2008;5;23;0;4.896276;59.370483
2008;5;23;6;5.2218246;93.39462
2008;5;23;12;5.131079;138.84229
2008;5;23;18;8.0765915;167.80402
2008;5;24;0;7.4327497;164.28255
2008;5;24;6;9.647886;157.97772
2008;5;24;12;9.4699335;171.24864
2008;5;24;18;7.438017;171.39612
2008;5;25;0;10.129887;144.41223
2008;5;25;6;12.946584;143.77946
2008;5;25;12;14.570231;142.19467
2008;5;25;18;14.398783;150.94962
2008;5;26;0;12.054805;147.51176
2008;5;26;6;11.086456;141.57826
2008;5;26;12;11.791385;159.24753
2008;5;26;18;10.004749;173.27286
2008;5;27;0;6.7492456;156.07132
2008;5;27;6;7.157477;149.37405
2008;5;27;12;8.211445;151.34222
2008;5;27;18;8.546713;166.48831
2008;5;28;0;9.968999;138.86783
2008;5;28;6;9.745786;159.46478
2008;5;28;12;11.947577;149.9372
2008;5;28;18;14.588354;143.77075
2008;5;29;0;16.568071;136.21379
2008;5;29;6;20.095028;133.11565
2008;5;29;12;24.821508;126.49657
2008;5;29;18;27.456617;137.3226
2008;5;30;0;20.235992;132.4166
2008;5;30;6;16.321352;125.17912
2008;5;30;12;13.445819;152.93448
2008;5;30;18;4.972148;257.09424
2008;5;31;0;1.4100709;258.73645
2008;5;31;6;2.4044197;53.656555
2008;5;31;12;4.264831;94.59871
2008;5;31;18;2.3189056;176.36469
2008;6;1;0;4.7918653;133.29105
2008;6;1;6;5.705781;144.02748
2008;6;1;12;6.2693872;134.63818
2008;6;1;18;3.0085225;166.51987
2008;6;2;0;3.7500422;97.434616
2008;6;2;6;4.1723986;111.09369
2008;6;2;12;2.088449;160.33923
2008;6;2;18;3.4477863;186.91803
2008;6;3;0;5.645456;138.79095
2008;6;3;6;5.8093596;130.47037
2008;6;3;12;4.178926;95.5562
2008;6;3;18;3.9519649;62.097717
2008;6;4;0;5.8494773;99.87836
2008;6;4;6;6.53209;99.01169
2008;6;4;12;7.3219404;84.3974
2008;6;4;18;7.7485924;119.37732
2008;6;5;0;9.7724695;144.2378
2008;6;5;6;7.356707;118.51218
2008;6;5;12;4.8260317;92.29808
2008;6;5;18;3.323094;69.158936
2008;6;6;0;5.730041;95.8206
2008;6;6;6;6.0543356;111.16536
2008;6;6;12;4.559297;107.67029
2008;6;6;18;6.2883973;118.590866
2008;6;7;0;7.7850604;119.33081
2008;6;7;6;8.461197;122.377975
2008;6;7;12;6.8598313;134.65143
2008;6;7;18;3.1083853;135.92522
2008;6;8;0;3.3748465;147.62863
2008;6;8;6;3.6624556;139.07126
2008;6;8;12;2.583032;128.5397
2008;6;8;18;3.4413784;101.454056
2008;6;9;0;6.081024;106.43678
2008;6;9;6;6.728629;108.66092
2008;6;9;12;7.514045;107.419174
2008;6;9;18;7.346018;107.884674
2008;6;10;0;7.500953;116.15149
2008;6;10;6;7.4614806;115.72206
2008;6;10;12;6.29056;133.51169
2008;6;10;18;3.6832025;163.09186
2008;6;11;0;3.762063;152.08035
2008;6;11;6;4.3384337;129.07605
2008;6;11;12;3.8781717;159.47382
2008;6;11;18;3.2617352;148.36249
2008;6;12;0;4.272634;149.58801
2008;6;12;6;4.9955177;123.92236
2008;6;12;12;5.1414685;126.05878
2008;6;12;18;5.5738745;138.65614
2008;6;13;0;5.763852;136.34401
2008;6;13;6;6.184297;138.20126
2008;6;13;12;5.1760015;153.34055
2008;6;13;18;4.214598;157.01683
2008;6;14;0;4.8021636;157.6254
2008;6;14;6;7.4596233;187.7842
2008;6;14;12;7.767062;253.96399
2008;6;14;18;6.1128035;281.79166
2008;6;15;0;4.8758664;308.10016
2008;6;15;6;4.92705;327.40286
2008;6;15;12;7.362671;332.46027
2008;6;15;18;7.579413;322.86707
2008;6;16;0;4.789445;327.3104
2008;6;16;6;1.562263;37.6084
2008;6;16;12;2.941192;119.686005
2008;6;16;18;2.5216208;141.0199
2008;6;17;0;2.6698234;169.27193
2008;6;17;6;2.666146;260.5753
2008;6;17;12;1.6177633;334.15985
2008;6;17;18;0.80245084;350.62903
2008;6;18;0;1.0466751;93.92589
2008;6;18;6;3.871753;130.16702
2008;6;18;12;5.7931323;154.78323
2008;6;18;18;6.441327;256.4471
2008;6;19;0;8.714095;247.26328
2008;6;19;6;5.3266973;299.70538
2008;6;19;12;6.8680863;331.14987
2008;6;19;18;8.469576;345.57507
2008;6;20;0;5.944539;338.49863
2008;6;20;6;1.9409906;349.3887
2008;6;20;12;1.5419153;155.8381
2008;6;20;18;3.7445652;214.41257
2008;6;21;0;3.287616;261.93765
2008;6;21;6;4.147045;271.78827
2008;6;21;12;4.088111;290.2432
2008;6;21;18;5.757741;320.35855
2008;6;22;0;3.9738014;359.8235
2008;6;22;6;5.422809;98.25127
2008;6;22;12;4.4899464;96.75783
2008;6;22;18;1.7186023;86.345184
2008;6;23;0;3.131623;93.02606
2008;6;23;6;4.2601876;96.53743
2008;6;23;12;4.4851437;100.52362
2008;6;23;18;4.353046;94.1938
2008;6;24;0;5.8715377;99.70006
2008;6;24;6;6.3950667;97.256775
2008;6;24;12;5.7560306;104.45311
2008;6;24;18;5.226092;108.112854
2008;6;25;0;6.1862516;116.065796
2008;6;25;6;6.3743787;122.646515
2008;6;25;12;5.1946125;123.26039
2008;6;25;18;4.049369;121.843185
2008;6;26;0;4.958002;103.60664
2008;6;26;6;6.1425476;98.59187
2008;6;26;12;6.934598;94.1895
2008;6;26;18;6.3197503;92.53375
2008;6;27;0;6.1378503;92.96083
2008;6;27;6;8.537567;92.08769
2008;6;27;12;9.460875;98.272644
2008;6;27;18;7.2312994;110.67749
2008;6;28;0;6.817894;123.78378
2008;6;28;6;5.925036;123.31125
2008;6;28;12;4.2292647;136.39874
2008;6;28;18;3.936001;171.96988
2008;6;29;0;4.431789;157.40334
2008;6;29;6;4.6420302;124.06906
2008;6;29;12;3.7650397;114.00635
2008;6;29;18;2.7319307;99.75772
2008;6;30;0;4.476947;94.407074
2008;6;30;6;5.7932878;98.53511
2008;6;30;12;5.602583;99.5721
2008;6;30;18;3.5179198;96.82378
2008;7;1;0;4.0280104;87.917725
2008;7;1;6;3.446446;110.19444
2008;7;1;12;3.4092286;123.77043
2008;7;1;18;2.5849395;108.70961
2008;7;2;0;4.6309743;101.30577
2008;7;2;6;7.559201;105.440475
2008;7;2;12;6.802139;113.236725
2008;7;2;18;5.4833627;124.09932
2008;7;3;0;5.4310703;97.61191
2008;7;3;6;6.1076446;85.95831
2008;7;3;12;8.176225;119.931656
2008;7;3;18;8.261211;109.168976
2008;7;4;0;8.109303;115.04257
2008;7;4;6;7.638823;125.97363
2008;7;4;12;6.5285;123.11264
2008;7;4;18;5.260525;127.13626
2008;7;5;0;6.2697496;119.8472
2008;7;5;6;6.843498;124.72867
2008;7;5;12;6.726806;130.19101
2008;7;5;18;4.188902;153.23962
2008;7;6;0;5.027368;158.8216
2008;7;6;6;4.9907756;142.74562
2008;7;6;12;5.565744;154.29515
2008;7;6;18;2.5377102;189.65918
2008;7;7;0;3.773119;117.517334
2008;7;7;6;3.8698938;106.83664
2008;7;7;12;5.1109257;100.77554
2008;7;7;18;4.6581874;121.82213
2008;7;8;0;5.7289762;129.06763
2008;7;8;6;7.003275;135.47104
2008;7;8;12;7.4721932;148.51852
2008;7;8;18;7.7488823;159.87979
2008;7;9;0;8.166985;154.10968
2008;7;9;6;7.6759343;147.87402
2008;7;9;12;8.950569;143.96138
2008;7;9;18;7.570104;157.5654
2008;7;10;0;6.101222;150.17336
2008;7;10;6;6.354687;137.07683
2008;7;10;12;4.8157663;159.9325
2008;7;10;18;4.8306303;303.2016
2008;7;11;0;5.4415445;296.52026
2008;7;11;6;3.2802267;281.73416
2008;7;11;12;1.9974728;216.73952
2008;7;11;18;4.58014;129.01497
2008;7;12;0;7.963459;126.087006
2008;7;12;6;9.586866;131.69537
2008;7;12;12;10.384949;144.53825
2008;7;12;18;8.800844;160.23605
2008;7;13;0;4.8849125;147.75552
2008;7;13;6;3.3158064;122.4868
2008;7;13;12;1.4667027;8.564819
2008;7;13;18;2.4218988;12.219879
2008;7;14;0;2.3748899;352.53284
2008;7;14;6;2.6454399;1.4197998
2008;7;14;12;6.111973;342.0889
2008;7;14;18;6.011371;338.2337
2008;7;15;0;4.843947;340.37787
2008;7;15;6;2.8624601;33.56845
2008;7;15;12;2.5378766;72.188995
2008;7;15;18;2.1524804;121.270004
2008;7;16;0;3.162116;147.34897
2008;7;16;6;3.796304;131.89214
2008;7;16;12;4.89056;123.992386
2008;7;16;18;3.6389132;124.14392
2008;7;17;0;5.389696;124.641174
2008;7;17;6;5.70256;117.01843
2008;7;17;12;3.7134302;123.146774
2008;7;17;18;0.64896953;186.70535
2008;7;18;0;1.292777;331.8765
2008;7;18;6;1.5495031;111.639786
2008;7;18;12;2.5619678;60.140503
2008;7;18;18;2.6300566;93.04878
2008;7;19;0;3.7069533;126.812775
2008;7;19;6;3.66323;135.00027
2008;7;19;12;2.772862;129.52017
2008;7;19;18;2.6630259;126.618195
2008;7;20;0;4.198653;122.61154
2008;7;20;6;4.4977484;110.81163
2008;7;20;12;3.492258;119.02196
2008;7;20;18;2.1144204;165.0766
2008;7;21;0;2.5331233;209.3941
2008;7;21;6;3.9351892;222.21048
2008;7;21;12;7.2447467;225.9161
2008;7;21;18;7.5364637;298.60934
2008;7;22;0;5.840321;293.6726
2008;7;22;6;5.898476;279.78522
2008;7;22;12;7.406193;304.5847
2008;7;22;18;9.700072;323.26108
2008;7;23;0;11.686429;331.79532
2008;7;23;6;7.0351477;3.3839111
2008;7;23;12;10.304392;72.00693
2008;7;23;18;6.3382874;59.450836
2008;7;24;0;8.407944;88.36011
2008;7;24;6;8.258176;102.054596
2008;7;24;12;9.027879;122.78827
2008;7;24;18;7.6688395;122.9545
2008;7;25;0;7.1951065;129.17397
2008;7;25;6;6.1769667;130.61095
2008;7;25;12;4.9857645;147.89679
2008;7;25;18;2.3976002;159.36949
2008;7;26;0;1.3528326;124.20233
2008;7;26;6;3.6676025;98.5213
2008;7;26;12;3.1296904;113.72296
2008;7;26;18;5.5142655;125.48929
2008;7;27;0;7.5398283;138.16469
2008;7;27;6;7.6792083;139.72179
2008;7;27;12;8.183151;133.54338
2008;7;27;18;5.0058093;138.14978
2008;7;28;0;4.6508493;117.56923
2008;7;28;6;5.171279;105.37979
2008;7;28;12;4.5542555;112.753876
2008;7;28;18;4.787879;125.26958
2008;7;29;0;6.687614;136.42372
2008;7;29;6;7.659993;139.01305
2008;7;29;12;7.843782;144.28226
2008;7;29;18;4.510217;162.73358
2008;7;30;0;4.4797997;119.0358
2008;7;30;6;2.8272674;109.30116
2008;7;30;12;3.1904044;84.36127
2008;7;30;18;3.3620467;113.52756
2008;7;31;0;5.0625353;129.89351
2008;7;31;6;5.856267;141.31593
2008;7;31;12;6.120348;143.25377
2008;7;31;18;6.381098;158.94101
2009;5;1;0;5.819518;124.42946
2009;5;1;6;5.126904;125.67943
2009;5;1;12;2.3822954;105.79921
2009;5;1;18;1.7590102;54.31604
2009;5;2;0;1.249486;94.1877
2009;5;2;6;4.811747;125.600525
2009;5;2;12;7.2074122;126.516525
2009;5;2;18;9.784394;149.02612
2009;5;3;0;11.205846;152.23083
2009;5;3;6;8.014662;162.33774
2009;5;3;12;6.2725472;145.37738
2009;5;3;18;4.343209;173.66595
2009;5;4;0;3.3293705;276.69803
2009;5;4;6;6.6224904;305.79626
2009;5;4;12;7.310966;312.17007
2009;5;4;18;6.9496636;327.0165
2009;5;5;0;3.528653;331.50983
2009;5;5;6;1.811992;53.013306
2009;5;5;12;4.1106086;152.6587
2009;5;5;18;2.4788501;144.41586
2009;5;6;0;7.1170635;111.052124
2009;5;6;6;6.9489384;115.20451
2009;5;6;12;5.4865875;109.11299
2009;5;6;18;2.9792347;119.86365
2009;5;7;0;3.9727247;114.04927
2009;5;7;6;2.7277;115.35535
2009;5;7;12;2.1855962;100.09854
2009;5;7;18;0.495466;102.3253
2009;5;8;0;3.4681115;101.50351
2009;5;8;6;5.9202757;121.60864
2009;5;8;12;9.202278;137.76642
2009;5;8;18;16.627563;159.97273
2009;5;9;0;12.55695;170.39914
2009;5;9;6;9.388845;182.73743
2009;5;9;12;7.5147552;195.62433
2009;5;9;18;4.89842;236.76273
2009;5;10;0;2.4663439;262.8267
2009;5;10;6;1.0243379;88.60327
2009;5;10;12;5.4667363;92.149994
2009;5;10;18;3.6610942;125.16783
2009;5;11;0;5.327855;168.56458
2009;5;11;6;2.9359095;154.73845
2009;5;11;12;1.4921002;96.27995
2009;5;11;18;0.81433177;256.75308
2009;5;12;0;4.7333627;139.0029
2009;5;12;6;6.999005;135.26518
2009;5;12;12;8.668073;141.87636
2009;5;12;18;4.569842;124.74083
2009;5;13;0;3.9419053;114.68242
2009;5;13;6;8.182272;138.77821
2009;5;13;12;15.668635;133.90994
2009;5;13;18;15.961956;127.1532
2009;5;14;0;15.791505;127.348465
2009;5;14;6;15.041524;114.93045
2009;5;14;12;13.678299;118.1066
2009;5;14;18;13.173806;134.85867
2009;5;15;0;10.593272;145.76935
2009;5;15;6;8.625365;150.69165
2009;5;15;12;11.008719;155.03687
2009;5;15;18;9.825092;167.03934
2009;5;16;0;7.024449;140.37868
2009;5;16;6;7.9756804;113.869965
2009;5;16;12;8.159318;127.879974
2009;5;16;18;8.227519;124.878876
2009;5;17;0;9.749763;126.51929
2009;5;17;6;11.024719;126.03899
2009;5;17;12;8.199453;116.31137
2009;5;17;18;7.305093;128.35379
2009;5;18;0;5.9655046;131.19707
2009;5;18;6;5.9536614;123.07767
2009;5;18;12;7.050393;136.86621
2009;5;18;18;9.128249;149.02496
2009;5;19;0;10.518981;147.60602
2009;5;19;6;10.644251;149.00952
2009;5;19;12;11.768746;146.7794
2009;5;19;18;9.907412;156.86172
2009;5;20;0;6.3507185;146.55566
2009;5;20;6;4.4855967;140.79051
2009;5;20;12;3.9416423;127.01451
2009;5;20;18;5.614773;145.56682
2009;5;21;0;5.578423;133.30598
2009;5;21;6;7.2614512;136.62744
2009;5;21;12;9.459027;140.43808
2009;5;21;18;9.529561;142.67041
2009;5;22;0;8.383381;126.16672
2009;5;22;6;9.549506;116.656006
2009;5;22;12;10.839841;122.60387
2009;5;22;18;10.554282;124.80521
2009;5;23;0;8.797568;115.38893
2009;5;23;6;10.039772;106.30586
2009;5;23;12;11.291263;107.11565
2009;5;23;18;10.170472;100.5016
2009;5;24;0;12.05624;101.031006
2009;5;24;6;11.067581;96.28931
2009;5;24;12;8.298369;98.07861
2009;5;24;18;3.6996415;80.90253
2009;5;25;0;4.6770854;74.53464
2009;5;25;6;4.444566;99.93083
2009;5;25;12;2.8683183;67.32544
2009;5;25;18;4.3240633;88.79593
2009;5;26;0;5.9094176;103.08835
2009;5;26;6;5.089118;123.97052
2009;5;26;12;2.280039;111.36136
2009;5;26;18;0.7972298;318.2163
2009;5;27;0;2.4422235;2.3886414
2009;5;27;6;2.5785594;94.671906
2009;5;27;12;3.6211822;103.49219
2009;5;27;18;7.364552;134.43394
2009;5;28;0;8.465147;135.57297
2009;5;28;6;7.558098;121.82747
2009;5;28;12;4.8998904;116.38722
2009;5;28;18;1.0786619;146.5925
2009;5;29;0;1.8575879;318.80075
2009;5;29;6;3.5768182;311.51227
2009;5;29;12;2.9663062;343.4556
2009;5;29;18;3.4032986;332.41324
2009;5;30;0;3.81697;35.80429
2009;5;30;6;5.0671144;81.6488
2009;5;30;12;3.9579728;98.362595
2009;5;30;18;3.2733712;130.24718
2009;5;31;0;4.657119;142.37195
2009;5;31;6;4.917741;155.41537
2009;5;31;12;4.1651177;178.7143
2009;5;31;18;4.1367726;191.961
2009;6;1;0;5.1498547;171.3005
2009;6;1;6;5.6537833;164.26892
2009;6;1;12;6.2239995;159.00021
2009;6;1;18;6.510425;179.34103
2009;6;2;0;5.2210274;183.65442
2009;6;2;6;5.05878;207.83804
2009;6;2;12;5.006689;176.95193
2009;6;2;18;5.33442;157.24875
2009;6;3;0;4.2402205;163.45908
2009;6;3;6;4.721134;116.0358
2009;6;3;12;8.116179;93.59697
2009;6;3;18;8.260766;126.68671
2009;6;4;0;9.991405;129.2199
2009;6;4;6;8.274973;144.06891
2009;6;4;12;9.438259;150.97119
2009;6;4;18;9.203357;166.90802
2009;6;5;0;9.827844;178.53532
2009;6;5;6;9.054016;191.10526
2009;6;5;12;8.326942;194.17706
2009;6;5;18;7.1782017;193.24422
2009;6;6;0;6.975359;167.41081
2009;6;6;6;7.0160055;164.51562
2009;6;6;12;7.5401206;164.83345
2009;6;6;18;6.621598;175.16957
2009;6;7;0;6.6596875;159.9873
2009;6;7;6;6.941941;155.9715
2009;6;7;12;5.8779078;190.45422
2009;6;7;18;3.6748807;216.66891
2009;6;8;0;2.9124372;131.0747
2009;6;8;6;4.212203;163.72055
2009;6;8;12;5.9985185;186.97809
2009;6;8;18;4.90306;190.00143
2009;6;9;0;4.912581;161.32756
2009;6;9;6;5.333861;142.19214
2009;6;9;12;5.1381745;178.28136
2009;6;9;18;7.286806;250.04268
2009;6;10;0;2.6800911;252.74013
2009;6;10;6;1.7490509;154.1155
2009;6;10;12;3.771281;127.855865
2009;6;10;18;1.0808406;242.33536
2009;6;11;0;2.345245;353.70862
2009;6;11;6;3.51744;85.967896
2009;6;11;12;3.0706286;101.21861
2009;6;11;18;4.5096345;122.77193
2009;6;12;0;5.688873;136.30405
2009;6;12;6;5.3999443;146.8963
2009;6;12;12;4.1402464;152.50604
2009;6;12;18;1.9764727;193.80339
2009;6;13;0;1.3364834;153.57828
2009;6;13;6;2.972777;126.56366
2009;6;13;12;4.215902;125.73114
2009;6;13;18;4.728006;151.29446
2009;6;14;0;6.502462;153.41078
2009;6;14;6;8.824498;152.82657
2009;6;14;12;10.632219;159.99266
2009;6;14;18;7.72321;173.37668
2009;6;15;0;6.710969;152.58391
2009;6;15;6;6.418148;147.16077
2009;6;15;12;6.849031;138.36137
2009;6;15;18;5.0758457;130.08131
2009;6;16;0;5.5577836;125.57239
2009;6;16;6;5.3838115;121.25362
2009;6;16;12;4.353035;119.09543
2009;6;16;18;3.4847784;109.59163
2009;6;17;0;4.7031145;118.28284
2009;6;17;6;4.5384164;114.23247
2009;6;17;12;3.496839;114.29089
2009;6;17;18;2.4952743;107.073105
2009;6;18;0;3.4373908;121.05066
2009;6;18;6;5.0467978;106.647095
2009;6;18;12;5.7393537;109.4962
2009;6;18;18;7.2328353;145.94406
2009;6;19;0;8.419636;153.27402
2009;6;19;6;9.50836;150.63608
2009;6;19;12;12.157886;150.16032
2009;6;19;18;12.438138;141.60202
2009;6;20;0;10.480257;130.26617
2009;6;20;6;8.202452;121.690216
2009;6;20;12;6.3488507;133.85616
2009;6;20;18;0.28126252;271.3937
2009;6;21;0;5.3971334;9.305817
2009;6;21;6;2.5645366;347.41202
2009;6;21;12;5.9919033;347.00897
2009;6;21;18;7.5176644;325.47638
2009;6;22;0;6.604044;329.70605
2009;6;22;6;4.9259343;314.4217
2009;6;22;12;4.40054;333.56424
2009;6;22;18;4.0105357;327.09756
2009;6;23;0;2.5530903;71.52542
2009;6;23;6;5.0489;123.93419
2009;6;23;12;5.725356;134.52953
2009;6;23;18;5.6197944;131.4286
2009;6;24;0;6.418287;138.75621
2009;6;24;6;6.81691;136.17943
2009;6;24;12;6.378877;139.79398
2009;6;24;18;5.5931463;149.9992
2009;6;25;0;5.8002377;157.65828
2009;6;25;6;5.896947;145.42572
2009;6;25;12;7.040833;141.70366
2009;6;25;18;10.475334;154.48093
2009;6;26;0;12.6502695;150.8909
2009;6;26;6;14.570142;151.16626
2009;6;26;12;13.009481;159.53648
2009;6;26;18;10.625018;168.94283
2009;6;27;0;5.0362043;188.0949
2009;6;27;6;3.863511;197.75153
2009;6;27;12;3.1541142;242.30095
2009;6;27;18;3.416519;305.08813
2009;6;28;0;1.9901817;359.3912
2009;6;28;6;1.2723275;55.76349
2009;6;28;12;3.0740833;122.76958
2009;6;28;18;3.462644;149.88707
2009;6;29;0;5.065079;157.88704
2009;6;29;6;5.196599;148.58412
2009;6;29;12;6.984791;148.98352
2009;6;29;18;7.3011045;164.94885
2009;6;30;0;8.391705;175.11044
2009;6;30;6;7.420382;186.36136
2009;6;30;12;7.9482617;192.78171
2009;6;30;18;10.235531;188.80786
2009;7;1;0;7.194851;232.20607
2009;7;1;6;4.4378166;277.3598
2009;7;1;12;4.3550005;341.20477
2009;7;1;18;7.4271493;333.518
2009;7;2;0;6.5235515;329.53616
2009;7;2;6;4.9345875;320.77286
2009;7;2;12;4.4659615;308.63596
2009;7;2;18;2.4364545;246.09396
2009;7;3;0;3.338022;145.51413
2009;7;3;6;4.4607263;140.6075
2009;7;3;12;6.9608374;165.83194
2009;7;3;18;6.5772095;171.23135
2009;7;4;0;7.5740895;151.34521
2009;7;4;6;7.5005116;155.91394
2009;7;4;12;6.7185044;157.36661
2009;7;4;18;4.8844385;151.74658
2009;7;5;0;3.600538;112.93494
2009;7;5;6;3.0144908;122.11284
2009;7;5;12;2.7775037;139.68802
2009;7;5;18;6.1262856;128.49722
2009;7;6;0;6.494389;116.671326
2009;7;6;6;9.199278;107.517975
2009;7;6;12;6.8249226;126.88942
2009;7;6;18;5.6671968;127.413315
2009;7;7;0;5.4913597;124.72861
2009;7;7;6;6.037106;128.44597
2009;7;7;12;5.1010056;137.30545
2009;7;7;18;5.4257298;175.6965
2009;7;8;0;7.5250607;163.05142
2009;7;8;6;7.04013;161.08096
2009;7;8;12;7.968705;146.32956
2009;7;8;18;8.526114;137.58232
2009;7;9;0;7.6731606;151.62296
2009;7;9;6;6.802137;151.07129
2009;7;9;12;6.150684;156.05829
2009;7;9;18;6.771661;155.6362
2009;7;10;0;7.5052776;158.02457
2009;7;10;6;6.1316404;163.58475
2009;7;10;12;5.0481014;153.89745
2009;7;10;18;3.5886867;162.92645
2009;7;11;0;3.944026;141.20428
2009;7;11;6;4.625568;150.37814
2009;7;11;12;6.117736;168.22006
2009;7;11;18;4.9115353;163.17502
2009;7;12;0;5.192888;147.81454
2009;7;12;6;5.167294;136.52698
2009;7;12;12;4.511522;136.84938
2009;7;12;18;2.865158;169.45676
2009;7;13;0;3.4485312;115.52933
2009;7;13;6;3.891333;114.93042
2009;7;13;12;4.3439455;117.17833
2009;7;13;18;3.6581986;135.22485
2009;7;14;0;3.7878091;147.90002
2009;7;14;6;4.538976;138.8485
2009;7;14;12;3.867431;147.59323
2009;7;14;18;1.7376131;123.97928
2009;7;15;0;3.712984;98.01018
2009;7;15;6;5.9040813;108.83676
2009;7;15;12;6.438616;106.178955
2009;7;15;18;5.998412;117.598206
2009;7;16;0;5.843704;110.22539
2009;7;16;6;7.053041;104.04056
2009;7;16;12;7.037945;116.49983
2009;7;16;18;6.0991583;147.42702
2009;7;17;0;5.6618114;143.69887
2009;7;17;6;5.159081;140.6532
2009;7;17;12;4.354866;122.83966
2009;7;17;18;3.9949741;111.653534
2009;7;18;0;3.9447708;124.34865
2009;7;18;6;4.713639;118.31859
2009;7;18;12;3.7580504;127.33278
2009;7;18;18;3.104708;133.68153
2009;7;19;0;4.6222076;119.69226
2009;7;19;6;5.436377;117.03494
2009;7;19;12;5.8115263;118.60405
2009;7;19;18;4.1156907;134.41338
2009;7;20;0;5.1452146;119.100815
2009;7;20;6;5.3323684;129.06976
2009;7;20;12;4.3560066;118.65689
2009;7;20;18;3.7829602;119.84993
2009;7;21;0;3.7110462;115.41731
2009;7;21;6;3.8349543;109.42229
2009;7;21;12;0.7008069;79.42871
2009;7;21;18;0.78317076;57.775635
2009;7;22;0;1.7237322;348.69144
2009;7;22;6;2.2254915;100.729614
2009;7;22;12;1.0504999;89.28012
2009;7;22;18;2.5146194;49.362976
2009;7;23;0;6.5828404;86.12201
2009;7;23;6;8.853634;86.49646
2009;7;23;12;7.475705;102.99098
2009;7;23;18;4.806199;101.51877
2009;7;24;0;5.3863354;104.6095
2009;7;24;6;5.9386983;105.630554
2009;7;24;12;6.04318;105.56741
2009;7;24;18;6.3907466;92.192474
2009;7;25;0;6.7045813;106.91806
2009;7;25;6;4.9183345;91.11734
2009;7;25;12;5.104603;80.79315
2009;7;25;18;3.898866;74.737
2009;7;26;0;5.3646517;92.37579
2009;7;26;6;5.381874;108.598816
2009;7;26;12;4.2911277;115.984665
2009;7;26;18;5.5325794;132.62529
2009;7;27;0;6.9581985;144.99402
2009;7;27;6;7.1900215;140.48965
2009;7;27;12;6.130133;121.07182
2009;7;27;18;3.9805849;91.9438
2009;7;28;0;5.3919334;85.321625
2009;7;28;6;6.3208466;90.36537
2009;7;28;12;5.433312;98.63599
2009;7;28;18;3.5787485;97.64447
2009;7;29;0;4.509352;111.51651
2009;7;29;6;4.4166403;108.496
2009;7;29;12;3.073996;125.86963
2009;7;29;18;1.1420214;168.34146
2009;7;30;0;2.899258;157.81491
2009;7;30;6;3.7076304;120.1087
2009;7;30;12;4.0607047;117.626205
2009;7;30;18;3.453963;126.364456
2009;7;31;0;5.373526;121.67352
2009;7;31;6;6.978848;126.10123
2009;7;31;12;7.8333526;130.05273
2009;7;31;18;7.5106993;129.42271
2010;5;1;0;4.919969;170.51743
2010;5;1;6;5.278446;177.39465
2010;5;1;12;6.195156;179.69675
2010;5;1;18;7.97666;192.2935
2010;5;2;0;7.216269;185.51399
2010;5;2;6;7.959901;187.68555
2010;5;2;12;8.912951;169.46552
2010;5;2;18;8.12342;166.94308
2010;5;3;0;10.488748;153.71509
2010;5;3;6;7.7505436;182.96957
2010;5;3;12;6.2994337;189.47334
2010;5;3;18;6.1930466;171.89233
2010;5;4;0;8.620684;150.97958
2010;5;4;6;9.561737;152.46112
2010;5;4;12;12.457044;145.28899
2010;5;4;18;12.572328;165.89743
2010;5;5;0;12.158584;164.99222
2010;5;5;6;13.239734;166.31622
2010;5;5;12;8.929966;202.02048
2010;5;5;18;8.125907;210.29428
2010;5;6;0;5.2817736;236.81778
2010;5;6;6;4.8531165;212.94179
2010;5;6;12;4.6685076;210.49255
2010;5;6;18;4.243304;194.59213
2010;5;7;0;4.8864756;160.85597
2010;5;7;6;6.549185;159.20895
2010;5;7;12;8.839229;169.54591
2010;5;7;18;9.242601;187.73209
2010;5;8;0;6.1124177;188.22214
2010;5;8;6;5.067074;163.86713
2010;5;8;12;6.596523;144.06035
2010;5;8;18;7.6410427;164.83595
2010;5;9;0;6.868053;165.16484
2010;5;9;6;5.097289;159.47577
2010;5;9;12;6.6584907;147.75409
2010;5;9;18;5.7486115;147.91238
2010;5;10;0;6.181558;148.71548
2010;5;10;6;6.6118236;128.7744
2010;5;10;12;8.06404;134.6001
2010;5;10;18;9.821022;151.8338
2010;5;11;0;12.687619;154.78802
2010;5;11;6;13.010325;167.79822
2010;5;11;12;9.068158;200.40201
2010;5;11;18;7.033286;244.45079
2010;5;12;0;8.9463415;267.96112
2010;5;12;6;8.603405;273.1571
2010;5;12;12;8.450084;282.2106
2010;5;12;18;8.047901;293.5065
2010;5;13;0;6.9887447;299.60196
2010;5;13;6;6.2150197;284.01917
2010;5;13;12;8.952719;322.59967
2010;5;13;18;9.492958;327.82224
2010;5;14;0;6.569827;323.3908
2010;5;14;6;4.414985;333.96194
2010;5;14;12;3.2091527;38.36441
2010;5;14;18;5.0233555;119.69641
2010;5;15;0;6.199274;121.50589
2010;5;15;6;6.64543;119.85562
2010;5;15;12;7.2611957;134.08678
2010;5;15;18;3.7810652;155.63611
2010;5;16;0;4.535019;359.8503
2010;5;16;6;5.243247;69.68854
2010;5;16;12;3.3148227;74.22742
2010;5;16;18;3.6069794;61.129883
2010;5;17;0;4.1678;98.99675
2010;5;17;6;4.0121803;115.02635
2010;5;17;12;2.6454368;150.3522
2010;5;17;18;1.1674697;183.16208
2010;5;18;0;0.63822776;25.576477
2010;5;18;6;2.7356253;12.5486145
2010;5;18;12;3.100815;325.21875
2010;5;18;18;3.2264292;316.07135
2010;5;19;0;1.1624733;179.6514
2010;5;19;6;3.9418428;152.46341
2010;5;19;12;4.4771924;151.60255
2010;5;19;18;3.5726936;162.65276
2010;5;20;0;3.8511631;164.03654
2010;5;20;6;3.857075;163.57309
2010;5;20;12;5.066782;129.48851
2010;5;20;18;6.8900514;147.93497
2010;5;21;0;8.857366;150.32391
2010;5;21;6;9.898223;153.20169
2010;5;21;12;8.312758;173.82735
2010;5;21;18;7.7855515;169.06686
2010;5;22;0;9.172162;141.4568
2010;5;22;6;8.587988;136.47803
2010;5;22;12;9.020098;132.54462
2010;5;22;18;9.777485;132.71579
2010;5;23;0;9.15073;122.91492
2010;5;23;6;9.164905;120.721054
2010;5;23;12;9.457848;116.54205
2010;5;23;18;8.495338;125.080185
2010;5;24;0;8.26545;115.49913
2010;5;24;6;8.761585;116.402954
2010;5;24;12;7.981293;115.082
2010;5;24;18;5.9570236;114.842834
2010;5;25;0;6.7001495;110.569
2010;5;25;6;5.6710277;124.77022
2010;5;25;12;4.476126;126.656815
2010;5;25;18;3.8664553;146.1005
2010;5;26;0;4.6167607;109.087524
2010;5;26;6;5.1130333;107.899765
2010;5;26;12;4.923402;103.538284
2010;5;26;18;5.620673;133.26648
2010;5;27;0;4.750825;145.31393
2010;5;27;6;4.8803086;152.11972
2010;5;27;12;2.6660836;184.58984
2010;5;27;18;0.7515064;226.92578
2010;5;28;0;3.1090977;81.5766
2010;5;28;6;4.3365245;101.243484
2010;5;28;12;2.8139784;108.52841
2010;5;28;18;3.3812957;154.53284
2010;5;29;0;3.4549387;179.31775
2010;5;29;6;3.226448;194.466
2010;5;29;12;1.1933187;213.1322
2010;5;29;18;1.8887781;102.35158
2010;5;30;0;5.1584787;106.84653
2010;5;30;6;7.1820235;115.08107
2010;5;30;12;7.046969;134.43478
2010;5;30;18;7.004691;156.04883
2010;5;31;0;6.1158347;160.2724
2010;5;31;6;5.7065563;152.93936
2010;5;31;12;3.740117;153.537
2010;5;31;18;3.3295002;153.73282
2010;6;1;0;4.2279005;129.76561
2010;6;1;6;6.725719;114.01106
2010;6;1;12;5.6780996;126.44803
2010;6;1;18;3.914724;136.75981
2010;6;2;0;4.0218763;137.87663
2010;6;2;6;3.6714222;115.05296
2010;6;2;12;4.0294185;109.62137
2010;6;2;18;4.846954;118.008286
2010;6;3;0;6.3458605;136.04012
2010;6;3;6;6.9464526;145.24791
2010;6;3;12;6.6416135;149.89232
2010;6;3;18;6.011581;140.39929
2010;6;4;0;6.7705607;130.82684
2010;6;4;6;7.503384;117.85617
2010;6;4;12;9.05821;123.270035
2010;6;4;18;9.9419565;134.60866
2010;6;5;0;5.2290287;137.9555
2010;6;5;6;6.466025;116.03613
2010;6;5;12;6.9090242;127.98721
2010;6;5;18;4.856513;141.41391
2010;6;6;0;3.5224898;115.777145
2010;6;6;6;4.0527086;103.92241
2010;6;6;12;4.7816324;123.55939
2010;6;6;18;5.624016;139.70683
2010;6;7;0;6.614098;137.06558
2010;6;7;6;6.6804166;143.60748
2010;6;7;12;5.4613037;139.25136
2010;6;7;18;2.7836037;140.92935
2010;6;8;0;3.751357;112.0793
2010;6;8;6;4.048681;123.75725
2010;6;8;12;5.076132;139.50517
2010;6;8;18;5.565563;194.97556
2010;6;9;0;3.6419296;185.81442
2010;6;9;6;4.357798;174.51001
2010;6;9;12;6.3173075;183.3486
2010;6;9;18;4.094622;217.60797
2010;6;10;0;3.5807607;238.62045
2010;6;10;6;3.5138087;250.36687
2010;6;10;12;5.4402537;255.10155
2010;6;10;18;3.2228167;181.76385
2010;6;11;0;8.112495;134.52782
2010;6;11;6;9.695074;141.67587
2010;6;11;12;10.919139;144.85483
2010;6;11;18;10.610308;138.19301
2010;6;12;0;10.333131;136.3324
2010;6;12;6;7.489725;119.84146
2010;6;12;12;7.3296328;128.56685
2010;6;12;18;6.5856457;153.22998
2010;6;13;0;4.345694;137.51447
2010;6;13;6;6.9528704;136.73352
2010;6;13;12;8.54326;156.71219
2010;6;13;18;6.4086986;141.90456
2010;6;14;0;7.2760973;151.58624
2010;6;14;6;5.1180887;128.58351
2010;6;14;12;5.5456247;121.37756
2010;6;14;18;5.1654496;87.208496
2010;6;15;0;8.62759;110.906906
2010;6;15;6;4.1635947;131.20586
2010;6;15;12;6.5881653;290.20877
2010;6;15;18;10.790321;293.17795
2010;6;16;0;8.004296;293.66843
2010;6;16;6;6.0621095;289.80563
2010;6;16;12;6.9740033;294.7433
2010;6;16;18;4.1811514;334.09717
2010;6;17;0;5.050347;81.488525
2010;6;17;6;9.851422;115.30821
2010;6;17;12;15.098214;144.51822
2010;6;17;18;18.271128;143.28568
2010;6;18;0;14.969403;143.40823
2010;6;18;6;11.9421215;134.22198
2010;6;18;12;15.841289;142.99702
2010;6;18;18;14.845054;148.93466
2010;6;19;0;11.179926;147.58978
2010;6;19;6;4.3332477;123.94324
2010;6;19;12;5.8711023;272.4888
2010;6;19;18;9.191322;281.83856
2010;6;20;0;4.356508;308.6309
2010;6;20;6;1.7149966;334.61658
2010;6;20;12;2.0600176;24.426819
2010;6;20;18;1.9863359;185.90964
2010;6;21;0;5.0288186;154.10023
2010;6;21;6;7.31155;157.88391
2010;6;21;12;9.359018;162.19719
2010;6;21;18;7.7634053;171.85452
2010;6;22;0;7.1945324;161.99768
2010;6;22;6;6.4262557;138.46121
2010;6;22;12;5.7133465;143.69406
2010;6;22;18;3.4464154;142.28622
2010;6;23;0;4.354261;134.62552
2010;6;23;6;3.9835713;125.35985
2010;6;23;12;4.2966003;115.99251
2010;6;23;18;3.505027;125.397385
2010;6;24;0;4.3738003;147.80777
2010;6;24;6;5.7812123;155.4271
2010;6;24;12;6.785231;158.26205
2010;6;24;18;6.4115562;195.65994
2010;6;25;0;4.542716;163.04689
2010;6;25;6;5.729187;155.72238
2010;6;25;12;5.590134;148.36975
2010;6;25;18;3.7645373;139.70102
2010;6;26;0;4.863362;104.19385
2010;6;26;6;7.0897636;103.56679
2010;6;26;12;7.715257;107.49826
2010;6;26;18;7.29888;125.10272
2010;6;27;0;8.3013315;136.62831
2010;6;27;6;10.307428;155.11874
2010;6;27;12;9.47557;144.15787
2010;6;27;18;7.763722;161.3016
2010;6;28;0;6.339575;158.34448
2010;6;28;6;6.561966;174.6918
2010;6;28;12;5.5373034;174.05234
2010;6;28;18;3.9176583;182.77162
2010;6;29;0;3.1668756;172.32043
2010;6;29;6;3.2100427;148.62856
2010;6;29;12;2.7212956;136.37706
2010;6;29;18;2.1069365;140.58766
2010;6;30;0;2.0763838;128.73856
2010;6;30;6;3.403225;131.31259
2010;6;30;12;4.1605153;149.74051
2010;6;30;18;4.679428;161.80222
2010;7;1;0;6.0434513;146.15619
2010;7;1;6;6.78077;141.91106
2010;7;1;12;6.9915056;160.98094
2010;7;1;18;4.805639;160.99734
2010;7;2;0;4.075207;129.22438
2010;7;2;6;4.020161;112.96333
2010;7;2;12;3.4478955;108.63211
2010;7;2;18;3.401268;123.38585
2010;7;3;0;4.2725067;116.873856
2010;7;3;6;4.644348;114.66058
2010;7;3;12;3.746258;104.39183
2010;7;3;18;2.3472712;65.32788
2010;7;4;0;4.7904406;90.61841
2010;7;4;6;6.728941;126.7632
2010;7;4;12;3.3280175;117.76781
2010;7;4;18;3.5514457;114.72208
2010;7;5;0;3.9932761;146.80064
2010;7;5;6;5.1445694;110.6472
2010;7;5;12;4.281798;105.904434
2010;7;5;18;3.7591224;101.30617
2010;7;6;0;5.0628;104.555115
2010;7;6;6;5.553439;113.280136
2010;7;6;12;3.9290862;118.2639
2010;7;6;18;0.7057132;64.80319
2010;7;7;0;3.2234447;350.53128
2010;7;7;6;2.782167;338.46088
2010;7;7;12;2.605509;57.826477
2010;7;7;18;3.3758981;106.7608
2010;7;8;0;3.7509465;106.844025
2010;7;8;6;2.9516335;117.28293
2010;7;8;12;3.5597084;108.77663
2010;7;8;18;3.120236;135.80103
2010;7;9;0;3.6434119;135.86678
2010;7;9;6;3.2598815;161.97679
2010;7;9;12;1.6019301;181.28667
2010;7;9;18;1.3227558;316.96155
2010;7;10;0;1.888595;27.10144
2010;7;10;6;0.56971335;87.21484
2010;7;10;12;0.8175681;77.25122
2010;7;10;18;2.1422856;278.65683
2010;7;11;0;1.427324;9.993195
2010;7;11;6;1.2709743;245.58948
2010;7;11;12;1.5789639;353.6232
2010;7;11;18;3.0929067;301.69727
2010;7;12;0;1.9042683;24.233429
2010;7;12;6;0.4048464;327.60992
2010;7;12;12;1.923853;304.25092
2010;7;12;18;2.374325;312.76257
2010;7;13;0;1.5101041;63.978577
2010;7;13;6;2.8898027;117.39365
2010;7;13;12;3.248205;131.61964
2010;7;13;18;3.5264192;142.56976
2010;7;14;0;4.9519973;153.6376
2010;7;14;6;4.2882524;150.50642
2010;7;14;12;4.436931;164.00443
2010;7;14;18;4.172907;157.05287
2010;7;15;0;3.9704432;143.41501
2010;7;15;6;4.9378176;130.4179
2010;7;15;12;3.1214304;138.08241
2010;7;15;18;1.9559777;145.07626
2010;7;16;0;7.071664;140.35185
2010;7;16;6;8.603391;145.34276
2010;7;16;12;8.272732;147.34195
2010;7;16;18;8.583003;143.56094
2010;7;17;0;7.081714;142.38292
2010;7;17;6;5.968494;130.6901
2010;7;17;12;4.43723;126.97604
2010;7;17;18;4.053476;107.63052
2010;7;18;0;4.0403523;124.294464
2010;7;18;6;3.6789653;128.78621
2010;7;18;12;2.537817;144.09671
2010;7;18;18;2.9435754;135.15268
2010;7;19;0;4.030425;129.81685
2010;7;19;6;4.5713625;129.17564
2010;7;19;12;3.895348;150.93628
2010;7;19;18;3.689442;175.0676
2010;7;20;0;3.7241354;178.76505
2010;7;20;6;3.6373432;162.39172
2010;7;20;12;4.4702525;123.91885
2010;7;20;18;6.096971;129.1964
2010;7;21;0;9.167094;156.72247
2010;7;21;6;7.443937;168.31827
2010;7;21;12;3.8467185;176.6972
2010;7;21;18;2.195806;188.66754
2010;7;22;0;3.676608;120.66348
2010;7;22;6;4.822574;103.3009
2010;7;22;12;5.0114746;124.594925
2010;7;22;18;5.195498;141.92488
2010;7;23;0;6.8877597;157.0763
2010;7;23;6;5.67597;160.20276
2010;7;23;12;4.461799;189.70341
2010;7;23;18;2.7251027;197.21954
2010;7;24;0;2.716652;152.34207
2010;7;24;6;3.1768112;109.13733
2010;7;24;12;2.4987316;127.08136
2010;7;24;18;2.1296554;129.1361
2010;7;25;0;4.878175;151.95522
2010;7;25;6;5.328982;155.20767
2010;7;25;12;5.8031855;165.71246
2010;7;25;18;4.589601;206.68033
2010;7;26;0;2.8089008;169.57124
2010;7;26;6;3.2767656;174.20145
2010;7;26;12;2.8088105;205.35403
2010;7;26;18;2.8772752;233.92499
2010;7;27;0;1.0056341;146.19324
2010;7;27;6;2.6273305;191.0856
2010;7;27;12;2.0923893;222.04465
2010;7;27;18;2.146636;183.69463
2010;7;28;0;5.2034674;152.38593
2010;7;28;6;9.880314;173.38544
2010;7;28;12;10.911684;164.0722
2010;7;28;18;11.051234;161.24889
2010;7;29;0;10.45988;165.2004
2010;7;29;6;7.6384144;164.381
2010;7;29;12;7.273299;151.53418
2010;7;29;18;4.6215425;135.98007
2010;7;30;0;7.2750573;114.45114
2010;7;30;6;7.9112988;138.80727
2010;7;30;12;10.066251;140.38031
2010;7;30;18;10.415213;148.22719
2010;7;31;0;9.610789;144.72682
2010;7;31;6;7.838169;147.38565
2010;7;31;12;5.7703886;175.06656
2010;7;31;18;2.9081335;285.35663
2011;5;1;0;6.033436;126.60515
2011;5;1;6;6.735494;119.61453
2011;5;1;12;7.7739396;115.496
2011;5;1;18;5.505362;127.517
2011;5;2;0;5.401282;129.5424
2011;5;2;6;4.2983108;140.36128
2011;5;2;12;2.501598;147.15083
2011;5;2;18;3.54203;129.76166
2011;5;3;0;6.3381267;120.13745
2011;5;3;6;8.11764;122.96271
2011;5;3;12;8.335799;134.89203
2011;5;3;18;8.679338;153.68884
2011;5;4;0;8.036881;148.47221
2011;5;4;6;9.010551;139.6985
2011;5;4;12;8.694568;153.69061
2011;5;4;18;6.330592;171.66496
2011;5;5;0;5.1136646;153.25102
2011;5;5;6;3.5515628;150.28746
2011;5;5;12;4.355963;140.62543
2011;5;5;18;7.0380416;145.18372
2011;5;6;0;7.28019;145.54242
2011;5;6;6;7.9521017;138.64145
2011;5;6;12;8.235176;167.42914
2011;5;6;18;5.6045127;240.22446
2011;5;7;0;2.5713654;170.18768
2011;5;7;6;4.181655;152.00954
2011;5;7;12;4.48686;123.3015
2011;5;7;18;5.291634;140.29152
2011;5;8;0;5.751077;145.77295
2011;5;8;6;6.641273;141.58913
2011;5;8;12;5.953152;143.26239
2011;5;8;18;5.6866527;147.03198
2011;5;9;0;5.0579042;127.612656
2011;5;9;6;6.6800485;118.53009
2011;5;9;12;4.2857575;133.79897
2011;5;9;18;2.8427942;143.0375
2011;5;10;0;4.499875;105.809235
2011;5;10;6;6.007527;110.60947
2011;5;10;12;5.339821;132.28252
2011;5;10;18;6.082016;165.47807
2011;5;11;0;6.3837547;165.78491
2011;5;11;6;3.3605;163.34265
2011;5;11;12;1.0703217;123.57199
2011;5;11;18;3.0865223;339.20276
2011;5;12;0;4.3397455;22.172302
2011;5;12;6;3.5476763;85.7912
2011;5;12;12;2.6039097;53.389557
2011;5;12;18;3.841262;139.06319
2011;5;13;0;5.324928;138.19676
2011;5;13;6;7.714748;131.05682
2011;5;13;12;8.263643;131.09023
2011;5;13;18;7.4186997;141.84706
2011;5;14;0;8.298528;120.68053
2011;5;14;6;8.16428;109.88298
2011;5;14;12;6.551031;86.2399
2011;5;14;18;7.506106;87.54608
2011;5;15;0;5.8201027;83.73456
2011;5;15;6;6.4248157;95.41136
2011;5;15;12;6.395214;110.902084
2011;5;15;18;4.578098;123.3398
2011;5;16;0;2.4139297;98.892395
2011;5;16;6;3.8023336;149.7514
2011;5;16;12;5.819447;124.90262
2011;5;16;18;7.609366;135.67024
2011;5;17;0;8.575803;138.50557
2011;5;17;6;7.27966;134.3991
2011;5;17;12;6.1784077;130.18402
2011;5;17;18;4.693476;141.67607
2011;5;18;0;3.7178822;121.37555
2011;5;18;6;5.123425;102.23338
2011;5;18;12;5.9464693;122.8979
2011;5;18;18;3.2806747;101.00075
2011;5;19;0;4.259955;86.23816
2011;5;19;6;4.848891;93.07808
2011;5;19;12;3.9690027;98.2021
2011;5;19;18;3.605542;104.59444
2011;5;20;0;3.7946692;111.20921
2011;5;20;6;3.7157423;114.985916
2011;5;20;12;3.3233552;94.92145
2011;5;20;18;4.3795295;80.74585
2011;5;21;0;4.8303633;73.33368
2011;5;21;6;5.7686462;95.44922
2011;5;21;12;4.8595076;108.20647
2011;5;21;18;4.3882236;114.15355
2011;5;22;0;5.4642243;124.90761
2011;5;22;6;7.385573;135.28108
2011;5;22;12;7.1421256;160.82294
2011;5;22;18;6.297669;174.12671
2011;5;23;0;5.370384;158.95982
2011;5;23;6;5.1641436;146.03532
2011;5;23;12;4.977629;148.97238
2011;5;23;18;3.238135;142.44409
2011;5;24;0;4.02969;104.72511
2011;5;24;6;3.5359151;102.99289
2011;5;24;12;1.920422;91.568436
2011;5;24;18;1.2600591;161.927
2011;5;25;0;4.627746;125.47766
2011;5;25;6;7.6148467;137.39287
2011;5;25;12;10.883247;146.47604
2011;5;25;18;14.371556;145.5618
2011;5;26;0;13.867382;149.22684
2011;5;26;6;13.76616;148.9499
2011;5;26;12;11.622817;152.487
2011;5;26;18;9.896342;176.30458
2011;5;27;0;5.9740167;168.72629
2011;5;27;6;3.3542032;174.54422
2011;5;27;12;2.7957432;289.5388
2011;5;27;18;4.661341;311.19278
2011;5;28;0;2.906163;20.036316
2011;5;28;6;2.5356061;56.698547
2011;5;28;12;2.5842912;17.704987
2011;5;28;18;4.2114983;325.82578
2011;5;29;0;3.238984;345.18472
2011;5;29;6;0.7115286;57.687927
2011;5;29;12;2.0512908;83.35693
2011;5;29;18;0.74563164;200.93086
2011;5;30;0;3.916548;115.4832
2011;5;30;6;4.0752754;140.87422
2011;5;30;12;3.8700805;134.28929
2011;5;30;18;3.3014665;163.5894
2011;5;31;0;4.816308;153.36469
2011;5;31;6;5.2725244;138.27858
2011;5;31;12;4.133828;144.15805
2011;5;31;18;1.7215854;167.83775
2011;6;1;0;2.7296913;127.56235
2011;6;1;6;3.477747;143.75345
2011;6;1;12;2.5474625;146.03693
2011;6;1;18;1.6055026;173.90112
2011;6;2;0;3.9793754;127.42218
2011;6;2;6;4.034139;142.64536
2011;6;2;12;2.681517;148.94502
2011;6;2;18;2.497443;234.5681
2011;6;3;0;3.390455;241.26653
2011;6;3;6;1.4548672;208.00943
2011;6;3;12;1.9963574;179.34325
2011;6;3;18;4.2497177;206.23541
2011;6;4;0;7.017531;235.05798
2011;6;4;6;8.286174;234.28572
2011;6;4;12;11.259908;240.71217
2011;6;4;18;11.642256;258.85428
2011;6;5;0;7.9341974;314.11475
2011;6;5;6;3.5144067;315.78986
2011;6;5;12;1.5746915;76.95087
2011;6;5;18;1.4338932;192.57355
2011;6;6;0;4.423369;126.632965
2011;6;6;6;5.858063;132.40099
2011;6;6;12;4.1066985;131.64783
2011;6;6;18;3.1278956;153.5892
2011;6;7;0;2.5567698;149.05978
2011;6;7;6;1.713457;141.30156
2011;6;7;12;1.2966542;114.86624
2011;6;7;18;1.671451;110.09947
2011;6;8;0;2.8151796;141.27711
2011;6;8;6;2.7377434;131.14494
2011;6;8;12;2.5352297;128.40996
2011;6;8;18;2.760951;126.19441
2011;6;9;0;6.078019;126.36673
2011;6;9;6;6.786426;128.61113
2011;6;9;12;6.0703387;123.967606
2011;6;9;18;5.5435076;120.55208
2011;6;10;0;7.1241894;110.82355
2011;6;10;6;7.950053;106.631424
2011;6;10;12;8.912634;100.42325
2011;6;10;18;10.709044;109.49321
2011;6;11;0;8.976924;131.51942
2011;6;11;6;8.421866;126.63718
2011;6;11;12;6.0962834;128.32309
2011;6;11;18;3.7378137;123.54762
2011;6;12;0;4.172903;110.485886
2011;6;12;6;5.9165;106.259125
2011;6;12;12;5.8747606;115.17401
2011;6;12;18;4.6408644;123.85161
2011;6;13;0;5.0346828;104.03198
2011;6;13;6;6.714235;106.75064
2011;6;13;12;6.5585485;115.560715
2011;6;13;18;6.0765123;116.63063
2011;6;14;0;6.223743;119.59706
2011;6;14;6;5.3556743;82.87665
2011;6;14;12;6.2368693;88.28677
2011;6;14;18;4.53468;99.85034
2011;6;15;0;5.697439;95.56755
2011;6;15;6;6.460042;103.038925
2011;6;15;12;4.0837603;97.059326
2011;6;15;18;2.8119137;82.436035
2011;6;16;0;2.6811702;92.93971
2011;6;16;6;2.9904642;97.39363
2011;6;16;12;1.1921825;35.099823
2011;6;16;18;3.0333793;308.37335
2011;6;17;0;2.7349012;306.53122
2011;6;17;6;0.6594054;318.36273
2011;6;17;12;1.5803499;95.75287
2011;6;17;18;1.6712606;157.17038
2011;6;18;0;2.980466;139.05325
2011;6;18;6;4.373034;140.34706
2011;6;18;12;3.166669;147.2328
2011;6;18;18;1.7978039;149.63878
2011;6;19;0;2.8738797;92.30412
2011;6;19;6;3.9834096;107.88376
2011;6;19;12;2.9877932;106.439896
2011;6;19;18;2.9583375;117.413956
2011;6;20;0;3.891516;128.28557
2011;6;20;6;4.8371353;120.5412
2011;6;20;12;3.498869;129.53525
2011;6;20;18;3.5296466;137.24677
2011;6;21;0;4.1372285;140.91554
2011;6;21;6;3.8937104;135.75891
2011;6;21;12;3.434963;135.52461
2011;6;21;18;3.6431372;126.169174
2011;6;22;0;4.692715;109.8837
2011;6;22;6;5.2140102;111.05525
2011;6;22;12;4.1730027;107.833786
2011;6;22;18;3.5704849;115.06529
2011;6;23;0;4.421371;107.64043
2011;6;23;6;5.370731;113.404205
2011;6;23;12;3.5664923;110.99652
2011;6;23;18;2.9518855;110.8582
2011;6;24;0;4.8625617;112.62659
2011;6;24;6;5.5415773;109.90518
2011;6;24;12;4.9831243;117.25162
2011;6;24;18;4.9685135;122.15611
2011;6;25;0;6.2084875;130.9184
2011;6;25;6;6.468377;134.4815
2011;6;25;12;5.1675687;126.84279
2011;6;25;18;4.1707234;130.5215
2011;6;26;0;4.958068;127.507935
2011;6;26;6;5.2650514;128.03258
2011;6;26;12;4.7043643;126.593094
2011;6;26;18;5.225223;141.47221
2011;6;27;0;6.3906183;127.24353
2011;6;27;6;7.1513257;129.0884
2011;6;27;12;6.5396657;118.93326
2011;6;27;18;6.265352;115.99873
2011;6;28;0;6.9856586;116.1396
2011;6;28;6;6.9308543;117.070755
2011;6;28;12;5.5862894;123.01648
2011;6;28;18;4.180582;129.0152
2011;6;29;0;5.47304;122.1806
2011;6;29;6;5.8507357;130.25262
2011;6;29;12;5.0424833;142.19633
2011;6;29;18;4.8762956;153.98956
2011;6;30;0;5.330907;145.90292
2011;6;30;6;5.1204114;146.34045
2011;6;30;12;4.6447325;132.2152
2011;6;30;18;4.265533;131.64563
2011;7;1;0;4.559822;116.90039
2011;7;1;6;5.5791655;110.1691
2011;7;1;12;4.8661575;116.44052
2011;7;1;18;3.738732;138.50198
2011;7;2;0;4.1577415;136.9243
2011;7;2;6;5.878385;118.033005
2011;7;2;12;5.508111;113.928345
2011;7;2;18;4.31004;118.335205
2011;7;3;0;5.6367393;109.833786
2011;7;3;6;6.87845;118.22484
2011;7;3;12;6.301173;121.95581
2011;7;3;18;4.664923;126.43768
2011;7;4;0;6.2926807;134.18489
2011;7;4;6;7.2905674;133.20387
2011;7;4;12;6.611494;136.34465
2011;7;4;18;5.167652;156.26953
2011;7;5;0;5.79108;162.14423
2011;7;5;6;5.500462;151.14319
2011;7;5;12;4.992083;143.22014
2011;7;5;18;5.6325517;134.07448
2011;7;6;0;5.9856696;137.77538
2011;7;6;6;7.5113707;152.19342
2011;7;6;12;6.244402;185.90259
2011;7;6;18;5.479304;186.28268
2011;7;7;0;5.4498997;160.59589
2011;7;7;6;7.150517;142.31323
2011;7;7;12;6.365737;125.09157
2011;7;7;18;6.752507;125.09831
2011;7;8;0;5.3451266;132.49261
2011;7;8;6;5.4705844;132.59787
2011;7;8;12;4.6373878;161.0549
2011;7;8;18;4.9927654;173.55295
2011;7;9;0;4.912315;169.33801
2011;7;9;6;4.771891;165.61823
2011;7;9;12;5.0533886;155.09799
2011;7;9;18;5.199183;141.63004
2011;7;10;0;6.491319;145.80505
2011;7;10;6;6.9071455;143.63327
2011;7;10;12;7.095478;144.12228
2011;7;10;18;5.663524;160.0672
2011;7;11;0;4.9851923;148.97147
2011;7;11;6;6.984857;141.92259
2011;7;11;12;7.8979516;144.92786
2011;7;11;18;7.4326205;145.68448
2011;7;12;0;7.595106;134.18153
2011;7;12;6;8.240694;129.77301
2011;7;12;12;7.7117505;140.37144
2011;7;12;18;6.4671006;134.91852
2011;7;13;0;5.455264;133.2382
2011;7;13;6;3.5920432;125.48697
2011;7;13;12;2.292039;124.6582
2011;7;13;18;1.1031069;125.30989
2011;7;14;0;3.0473113;122.59398
2011;7;14;6;3.292332;136.77325
2011;7;14;12;3.6938112;141.84471
2011;7;14;18;2.2938738;175.54965
2011;7;15;0;2.957947;144.78658
2011;7;15;6;3.5491495;162.91391
2011;7;15;12;2.3143144;199.45154
2011;7;15;18;1.7957083;279.8226
2011;7;16;0;1.6591249;297.10553
2011;7;16;6;0.35701385;227.73631
2011;7;16;12;3.8624809;155.9363
2011;7;16;18;4.3961062;204.10736
2011;7;17;0;7.3089533;284.23602
2011;7;17;6;6.5546227;299.25098
2011;7;17;12;4.4470396;11.98468
2011;7;17;18;3.4284604;156.63924
2011;7;18;0;6.0114307;156.45132
2011;7;18;6;7.6690106;163.48239
2011;7;18;12;5.379487;183.39545
2011;7;18;18;5.2027383;181.78276
2011;7;19;0;4.8933325;179.11511
2011;7;19;6;5.1642203;147.06824
2011;7;19;12;6.560111;141.34726
2011;7;19;18;8.540805;141.33931
2011;7;20;0;10.039162;153.20488
2011;7;20;6;8.649226;170.26971
2011;7;20;12;3.8696826;185.67215
2011;7;20;18;0.22692946;350.8534
2011;7;21;0;3.4284434;45.505127
2011;7;21;6;6.5844045;125.34747
2011;7;21;12;7.5056715;141.65025
2011;7;21;18;10.507465;158.67433
2011;7;22;0;9.968084;153.7687
2011;7;22;6;9.384636;139.24521
2011;7;22;12;10.326915;138.78577
2011;7;22;18;10.121666;139.78732
2011;7;23;0;10.328685;123.07503
2011;7;23;6;12.944251;119.69333
2011;7;23;12;12.890391;113.130295
2011;7;23;18;17.188574;109.81822
2011;7;24;0;16.114738;113.82733
2011;7;24;6;16.156914;114.50159
2011;7;24;12;15.490341;111.330505
2011;7;24;18;13.134493;123.30751
2011;7;25;0;10.810491;134.37979
2011;7;25;6;10.389898;148.79012
2011;7;25;12;10.712182;154.74898
2011;7;25;18;8.614934;163.80307
2011;7;26;0;5.3798976;133.07458
2011;7;26;6;6.1668367;123.66051
2011;7;26;12;4.6937566;124.425064
2011;7;26;18;3.5188518;111.35689
2011;7;27;0;2.4620287;78.78323
2011;7;27;6;3.3881075;140.34523
2011;7;27;12;2.019543;284.81332
2011;7;27;18;3.5322855;277.4176
2011;7;28;0;1.5620031;10.374573
2011;7;28;6;2.202808;264.73596
2011;7;28;12;4.937176;283.3246
2011;7;28;18;5.846898;301.8284
2011;7;29;0;5.592965;319.48923
2011;7;29;6;2.8471086;315.09778
2011;7;29;12;1.0625756;308.36618
2011;7;29;18;0.85102165;356.5157
2011;7;30;0;2.0278068;116.87489
2011;7;30;6;4.522416;111.75899
2011;7;30;12;2.933814;112.85472
2011;7;30;18;3.542464;111.623566
2011;7;31;0;4.635614;101.31549
2011;7;31;6;5.9778104;106.04166
2011;7;31;12;7.3904457;111.2661
2011;7;31;18;7.4427853;115.46866
2012;5;1;0;7.8497186;274.28943
2012;5;1;6;3.1639438;251.16573
2012;5;1;12;4.394423;101.411026
2012;5;1;18;6.8179636;114.44934
2012;5;2;0;5.5935583;137.0944
2012;5;2;6;4.034256;157.33989
2012;5;2;12;2.49231;163.9202
2012;5;2;18;1.8839177;161.96939
2012;5;3;0;5.325569;116.88663
2012;5;3;6;6.7458615;120.709305
2012;5;3;12;6.4852543;127.90912
2012;5;3;18;4.2019205;171.10867
2012;5;4;0;3.1006277;205.00241
2012;5;4;6;1.3208355;176.8577
2012;5;4;12;2.9395688;123.64493
2012;5;4;18;3.767973;126.560455
2012;5;5;0;5.490997;136.96767
2012;5;5;6;5.3071814;188.19412
2012;5;5;12;3.5568419;193.96385
2012;5;5;18;4.2078576;248.99243
2012;5;6;0;3.1056864;258.05542
2012;5;6;6;3.25043;234.30484
2012;5;6;12;3.37364;259.70844
2012;5;6;18;4.557377;294.02438
2012;5;7;0;3.447387;297.67667
2012;5;7;6;1.2296512;246.14664
2012;5;7;12;3.9733443;261.564
2012;5;7;18;6.3959084;283.3325
2012;5;8;0;4.6427855;329.13568
2012;5;8;6;2.344366;58.675507
2012;5;8;12;3.0525632;131.13437
2012;5;8;18;2.9503202;159.90405
2012;5;9;0;4.3844633;161.6062
2012;5;9;6;3.4572215;163.97238
2012;5;9;12;1.8263992;159.44199
2012;5;9;18;2.9422443;131.13063
2012;5;10;0;5.938499;117.53583
2012;5;10;6;6.600512;136.43393
2012;5;10;12;5.833058;178.077
2012;5;10;18;3.2689517;227.92107
2012;5;11;0;1.9642727;81.54425
2012;5;11;6;5.752729;78.289246
2012;5;11;12;4.5686045;120.43024
2012;5;11;18;2.9576714;209.62592
2012;5;12;0;2.2707584;275.2019
2012;5;12;6;1.6826737;319.24503
2012;5;12;12;4.6156845;353.5665
2012;5;12;18;9.435434;334.4334
2012;5;13;0;8.654325;327.60944
2012;5;13;6;4.9469986;340.7898
2012;5;13;12;3.4031816;329.3378
2012;5;13;18;3.2969406;320.76312
2012;5;14;0;3.0624423;69.32065
2012;5;14;6;5.69117;106.60092
2012;5;14;12;6.7871003;118.13068
2012;5;14;18;8.915046;126.66591
2012;5;15;0;11.045453;135.43657
2012;5;15;6;11.575735;158.22353
2012;5;15;12;10.933161;174.24672
2012;5;15;18;6.258102;184.80923
2012;5;16;0;3.6289449;210.27997
2012;5;16;6;4.626312;162.75763
2012;5;16;12;8.325502;166.51959
2012;5;16;18;4.337688;236.86682
2012;5;17;0;2.700546;183.46974
2012;5;17;6;4.515812;158.02495
2012;5;17;12;10.474115;144.0574
2012;5;17;18;12.405409;145.74887
2012;5;18;0;11.024761;163.81433
2012;5;18;6;5.2260723;176.52805
2012;5;18;12;6.8543406;177.61462
2012;5;18;18;7.3694134;172.17815
2012;5;19;0;8.315327;159.33221
2012;5;19;6;8.520768;158.25943
2012;5;19;12;9.204434;173.49658
2012;5;19;18;7.4976554;182.52408
2012;5;20;0;6.644165;175.96329
2012;5;20;6;6.366635;166.70074
2012;5;20;12;6.71598;165.79218
2012;5;20;18;6.897856;179.44666
2012;5;21;0;5.497408;166.21396
2012;5;21;6;5.9604616;154.72627
2012;5;21;12;6.178091;167.93637
2012;5;21;18;5.803869;180.98181
2012;5;22;0;5.2623634;188.60776
2012;5;22;6;3.4650176;166.7423
2012;5;22;12;5.8949084;173.19034
2012;5;22;18;4.0896435;182.96619
2012;5;23;0;6.1916337;140.77275
2012;5;23;6;10.130683;139.11674
2012;5;23;12;17.15189;156.08427
2012;5;23;18;14.3030405;164.4187
2012;5;24;0;9.461023;157.069
2012;5;24;6;6.005287;142.85104
2012;5;24;12;5.1854873;159.00815
2012;5;24;18;3.2540395;284.36755
2012;5;25;0;4.395395;350.02332
2012;5;25;6;5.9217076;327.45398
2012;5;25;12;7.838045;315.15558
2012;5;25;18;5.1696725;302.14902
2012;5;26;0;2.0867417;136.59915
2012;5;26;6;4.6556134;131.49922
2012;5;26;12;3.8332922;167.49796
2012;5;26;18;2.367579;181.88852
2012;5;27;0;7.4928603;132.0497
2012;5;27;6;12.069211;160.61914
2012;5;27;12;11.192395;168.78177
2012;5;27;18;11.267415;165.12628
2012;5;28;0;6.865091;170.23874
2012;5;28;6;5.049963;136.0001
2012;5;28;12;6.4483614;132.45496
2012;5;28;18;6.1286674;133.95406
2012;5;29;0;6.793853;128.18524
2012;5;29;6;6.0253053;128.62637
2012;5;29;12;5.773282;125.54712
2012;5;29;18;4.7477345;122.92224
2012;5;30;0;6.0139656;111.34418
2012;5;30;6;6.833874;112.71588
2012;5;30;12;5.8388777;110.35068
2012;5;30;18;5.938334;110.6765
2012;5;31;0;7.6195745;131.78302
2012;5;31;6;6.793794;160.97498
2012;5;31;12;4.4879594;135.59503
2012;5;31;18;4.7882495;110.34921
2012;6;1;0;6.3636546;106.288086
2012;6;1;6;8.1110935;108.618164
2012;6;1;12;7.4543896;122.126755
2012;6;1;18;6.01489;129.78331
2012;6;2;0;5.8733697;124.133026
2012;6;2;6;6.0051103;125.1194
2012;6;2;12;5.046387;120.70535
2012;6;2;18;4.0239964;128.42508
2012;6;3;0;4.6199017;119.706436
2012;6;3;6;4.575138;123.48285
2012;6;3;12;3.354768;113.76956
2012;6;3;18;3.3754544;119.31055
2012;6;4;0;4.455222;115.12155
2012;6;4;6;4.687107;118.43025
2012;6;4;12;2.7268455;137.18558
2012;6;4;18;1.4694667;172.6191
2012;6;5;0;2.5870752;69.98996
2012;6;5;6;5.495082;105.11026
2012;6;5;12;4.9964375;115.84401
2012;6;5;18;3.611523;134.90639
2012;6;6;0;2.7347028;157.57562
2012;6;6;6;0.45169127;195.57794
2012;6;6;12;1.4888043;12.252136
2012;6;6;18;3.592968;336.56976
2012;6;7;0;2.6767426;35.128845
2012;6;7;6;5.0133314;113.4837
2012;6;7;12;6.4618587;140.78294
2012;6;7;18;8.395023;159.70195
2012;6;8;0;8.739145;147.26337
2012;6;8;6;7.6069126;134.89833
2012;6;8;12;6.8763967;128.95526
2012;6;8;18;4.2418404;138.0921
2012;6;9;0;3.7605739;116.430084
2012;6;9;6;3.7092633;106.491135
2012;6;9;12;3.8201284;115.7641
2012;6;9;18;3.0489426;140.73045
2012;6;10;0;4.602603;124.276245
2012;6;10;6;5.138685;140.92232
2012;6;10;12;4.2561536;146.68481
2012;6;10;18;3.3753514;152.4008
2012;6;11;0;4.160854;136.49615
2012;6;11;6;4.09342;117.66087
2012;6;11;12;3.0329819;105.35103
2012;6;11;18;3.3757038;89.85095
2012;6;12;0;5.4651127;114.23929
2012;6;12;6;5.4129143;129.20787
2012;6;12;12;4.5314565;136.88968
2012;6;12;18;3.3525689;143.72572
2012;6;13;0;4.2392106;139.72374
2012;6;13;6;3.9404817;142.36517
2012;6;13;12;2.461902;146.45833
2012;6;13;18;2.682054;139.60785
2012;6;14;0;4.105653;116.628815
2012;6;14;6;5.3335085;107.91907
2012;6;14;12;5.9616838;124.79913
2012;6;14;18;4.9919024;137.0884
2012;6;15;0;3.863328;160.448
2012;6;15;6;3.3481941;141.32526
2012;6;15;12;0.30007106;302.20776
2012;6;15;18;1.4127272;25.015167
2012;6;16;0;3.706189;65.453
2012;6;16;6;5.3904;117.474945
2012;6;16;12;3.3429887;119.77367
2012;6;16;18;2.2534876;135.52086
2012;6;17;0;2.4708366;110.77467
2012;6;17;6;3.0171027;104.991425
2012;6;17;12;3.4851842;67.585815
2012;6;17;18;3.7400854;87.2265
2012;6;18;0;4.528852;110.984146
2012;6;18;6;4.5386715;110.38368
2012;6;18;12;3.841296;126.09172
2012;6;18;18;2.397126;121.9521
2012;6;19;0;4.1650834;104.37558
2012;6;19;6;5.801095;105.48251
2012;6;19;12;5.178406;106.25328
2012;6;19;18;4.45836;114.32837
2012;6;20;0;5.478626;110.26375
2012;6;20;6;5.2725186;123.74156
2012;6;20;12;4.274169;120.85072
2012;6;20;18;3.8964117;138.9379
2012;6;21;0;3.752653;140.25934
2012;6;21;6;2.9870691;158.94247
2012;6;21;12;0.05485381;48.56952
2012;6;21;18;1.0261865;231.09517
2012;6;22;0;1.9716263;241.58867
2012;6;22;6;3.500613;216.89919
2012;6;22;12;2.8572593;207.93726
2012;6;22;18;5.9119005;235.0817
2012;6;23;0;4.2259912;311.42258
2012;6;23;6;2.2519557;1.4147949
2012;6;23;12;1.9299489;305.6703
2012;6;23;18;2.5487692;331.82413
2012;6;24;0;3.1728768;72.32257
2012;6;24;6;5.1985826;109.650604
2012;6;24;12;4.184126;118.61261
2012;6;24;18;3.5202932;133.47977
2012;6;25;0;4.719686;130.03302
2012;6;25;6;4.054749;144.52792
2012;6;25;12;0.5270725;191.27686
2012;6;25;18;2.0426748;14.140747
2012;6;26;0;3.8938847;61.628082
2012;6;26;6;5.367448;85.58865
2012;6;26;12;5.290109;95.240845
2012;6;26;18;3.561682;101.84572
2012;6;27;0;5.231244;113.3053
2012;6;27;6;5.043369;133.97623
2012;6;27;12;2.8251634;175.7598
2012;6;27;18;2.1053717;244.69121
2012;6;28;0;0.9874563;69.417725
2012;6;28;6;1.5100884;117.04506
2012;6;28;12;2.920461;83.8811
2012;6;28;18;1.6841284;51.46643
2012;6;29;0;2.8320732;102.55246
2012;6;29;6;4.35068;125.77258
2012;6;29;12;4.684;123.736206
2012;6;29;18;4.904275;146.34023
2012;6;30;0;5.758181;142.79268
2012;6;30;6;6.356231;144.78734
2012;6;30;12;5.405286;147.09628
2012;6;30;18;3.9717264;196.13098
2012;7;1;0;2.565247;232.80698
2012;7;1;6;2.3616567;230.44257
2012;7;1;12;2.1662378;274.38763
2012;7;1;18;3.0011435;276.51736
2012;7;2;0;3.984558;281.18768
2012;7;2;6;1.8357617;285.68707
2012;7;2;12;4.789142;268.74835
2012;7;2;18;5.0279584;242.974
2012;7;3;0;3.869831;280.86932
2012;7;3;6;2.847736;285.7254
2012;7;3;12;2.6010523;272.98068
2012;7;3;18;4.2815175;277.65305
2012;7;4;0;1.7673035;258.0565
2012;7;4;6;2.4253433;132.95007
2012;7;4;12;7.121373;142.99275
2012;7;4;18;7.520702;157.66885
2012;7;5;0;6.4694996;156.94191
2012;7;5;6;5.7632375;163.71635
2012;7;5;12;5.9353395;167.33313
2012;7;5;18;5.3307047;225.50304
2012;7;6;0;6.7967935;157.82578
2012;7;6;6;9.385752;175.45773
2012;7;6;12;10.124981;199.83415
2012;7;6;18;8.93585;199.48103
2012;7;7;0;5.810898;223.37
2012;7;7;6;2.405216;251.6133
2012;7;7;12;2.548884;254.36145
2012;7;7;18;4.574678;294.74146
2012;7;8;0;1.7217675;9.6736145
2012;7;8;6;2.8730636;112.59772
2012;7;8;12;5.4780226;123.51828
2012;7;8;18;6.513726;153.87744
2012;7;9;0;6.670518;169.86728
2012;7;9;6;6.1371565;159.79738
2012;7;9;12;6.420055;213.66376
2012;7;9;18;4.8589864;191.16504
2012;7;10;0;6.254214;158.98611
2012;7;10;6;6.686662;137.96237
2012;7;10;12;9.584834;149.65794
2012;7;10;18;8.593498;156.51366
2012;7;11;0;8.097718;145.77039
2012;7;11;6;6.853008;137.86366
2012;7;11;12;5.8231087;111.82091
2012;7;11;18;4.874875;81.3938
2012;7;12;0;5.6938305;103.62808
2012;7;12;6;5.6617546;114.892685
2012;7;12;12;4.7571774;116.66736
2012;7;12;18;3.9504857;119.60892
2012;7;13;0;5.256252;127.2041
2012;7;13;6;5.997615;128.3947
2012;7;13;12;6.051707;120.18588
2012;7;13;18;4.239329;127.900894
2012;7;14;0;4.8053927;112.66853
2012;7;14;6;4.608993;112.41635
2012;7;14;12;4.220508;117.92464
2012;7;14;18;3.6764014;144.50421
2012;7;15;0;4.6683574;144.09052
2012;7;15;6;4.737874;139.45435
2012;7;15;12;3.9672682;139.79507
2012;7;15;18;3.7145956;154.22354
2012;7;16;0;4.8725524;157.49101
2012;7;16;6;5.020103;158.93405
2012;7;16;12;3.5766518;184.05621
2012;7;16;18;2.9772437;198.11235
2012;7;17;0;2.4612792;180.89565
2012;7;17;6;3.9493082;141.49461
2012;7;17;12;2.9079375;130.4445
2012;7;17;18;2.6015797;134.37492
2012;7;18;0;2.9777968;142.53679
2012;7;18;6;3.2666194;134.76749
2012;7;18;12;2.3645132;166.47197
2012;7;18;18;2.4027317;223.81671
2012;7;19;0;0.90125567;246.23178
2012;7;19;6;1.4251935;205.5723
2012;7;19;12;2.050368;101.35791
2012;7;19;18;2.1924376;168.82742
2012;7;20;0;2.853353;118.34155
2012;7;20;6;4.889019;136.67245
2012;7;20;12;5.0064206;136.968
2012;7;20;18;7.831572;167.88026
2012;7;21;0;9.108126;162.77515
2012;7;21;6;9.129045;160.72523
2012;7;21;12;7.258083;150.33566
2012;7;21;18;4.8724227;150.32693
2012;7;22;0;4.384643;148.36627
2012;7;22;6;3.4744878;125.819046
2012;7;22;12;3.9329817;98.491684
2012;7;22;18;3.24012;0.6608887
2012;7;23;0;3.3593135;12.720093
2012;7;23;6;2.9855587;41.93164
2012;7;23;12;3.4065473;9.873352
2012;7;23;18;4.555672;8.035522
2012;7;24;0;4.7340884;46.88806
2012;7;24;6;5.1678157;96.63858
2012;7;24;12;5.1537333;98.0607
2012;7;24;18;3.4403048;116.65259
2012;7;25;0;3.9106185;125.89406
2012;7;25;6;3.4599643;139.59514
2012;7;25;12;2.401778;203.08047
2012;7;25;18;2.098602;231.87628
2012;7;26;0;3.2985876;180.29745
2012;7;26;6;4.9024725;117.778046
2012;7;26;12;5.913083;120.78841
2012;7;26;18;6.52358;132.76431
2012;7;27;0;8.488047;131.63554
2012;7;27;6;11.179429;132.10352
2012;7;27;12;12.253007;156.75693
2012;7;27;18;14.554838;152.97133
2012;7;28;0;15.001511;162.03186
2012;7;28;6;12.218105;169.19887
2012;7;28;12;7.54641;165.427
2012;7;28;18;7.088777;163.85742
2012;7;29;0;7.664593;165.60487
2012;7;29;6;6.682964;165.88116
2012;7;29;12;6.139079;154.17479
2012;7;29;18;4.341323;139.14531
2012;7;30;0;7.054088;156.50253
2012;7;30;6;6.857983;162.59517
2012;7;30;12;6.0901275;165.57272
2012;7;30;18;5.7990446;161.28783
2012;7;31;0;6.47358;152.22934
2012;7;31;6;6.5871124;148.43716
2012;7;31;12;6.008874;164.86903
2012;7;31;18;2.7251432;155.2144
2013;5;1;0;4.44046;11.7473755
2013;5;1;6;4.6697073;75.73248
2013;5;1;12;2.3114586;154.62135
2013;5;1;18;7.021959;229.70566
2013;5;2;0;8.76944;251.57831
2013;5;2;6;7.6000695;244.17935
2013;5;2;12;9.636646;226.27
2013;5;2;18;15.108987;237.19824
2013;5;3;0;9.865825;256.3556
2013;5;3;6;9.038933;276.6311
2013;5;3;12;6.97601;305.32684
2013;5;3;18;9.727444;323.05157
2013;5;4;0;12.816153;330.1502
2013;5;4;6;11.917432;323.89862
2013;5;4;12;11.838015;329.45782
2013;5;4;18;10.260813;335.7047
2013;5;5;0;5.928111;332.80682
2013;5;5;6;0.4104907;290.0744
2013;5;5;12;7.0997777;157.1196
2013;5;5;18;7.708871;168.4654
2013;5;6;0;6.7909107;166.26744
2013;5;6;6;5.318532;143.57962
2013;5;6;12;9.781321;159.576
2013;5;6;18;11.77333;175.07092
2013;5;7;0;12.644213;167.39026
2013;5;7;6;13.047285;173.24448
2013;5;7;12;12.785148;175.47859
2013;5;7;18;12.539943;167.78702
2013;5;8;0;13.508071;163.24265
2013;5;8;6;13.159442;166.03549
2013;5;8;12;14.49408;168.58264
2013;5;8;18;14.002209;174.87134
2013;5;9;0;12.226651;166.4365
2013;5;9;6;12.017157;157.7126
2013;5;9;12;13.848506;144.76181
2013;5;9;18;13.19619;148.72397
2013;5;10;0;10.71484;140.49956
2013;5;10;6;8.36572;155.82816
2013;5;10;12;3.4652174;225.54433
2013;5;10;18;4.3900657;304.18127
2013;5;11;0;5.398895;342.9842
2013;5;11;6;6.685984;334.97525
2013;5;11;12;11.150284;328.87833
2013;5;11;18;12.326042;326.71146
2013;5;12;0;10.750742;334.43515
2013;5;12;6;9.605359;333.47852
2013;5;12;12;9.009573;339.00394
2013;5;12;18;8.4517;328.3813
2013;5;13;0;5.663284;342.7893
2013;5;13;6;1.0538211;27.134247
2013;5;13;12;5.901315;165.35942
2013;5;13;18;7.807392;174.29399
2013;5;14;0;10.689053;160.0775
2013;5;14;6;12.33337;160.10278
2013;5;14;12;18.408884;160.06522
2013;5;14;18;18.34534;169.68387
2013;5;15;0;8.142995;195.3904
2013;5;15;6;4.467225;214.58334
2013;5;15;12;5.049088;258.29306
2013;5;15;18;5.8749413;288.11505
2013;5;16;0;2.9151053;224.46283
2013;5;16;6;6.1576014;142.5928
2013;5;16;12;14.030367;149.72632
2013;5;16;18;15.888421;156.81393
2013;5;17;0;19.3174;166.7475
2013;5;17;6;16.929483;162.16528
2013;5;17;12;19.316063;158.6601
2013;5;17;18;16.473242;156.75354
2013;5;18;0;11.1985655;152.84172
2013;5;18;6;2.4651995;116.25864
2013;5;18;12;5.5517983;59.3692
2013;5;18;18;1.7844497;107.174835
2013;5;19;0;5.4679847;154.94862
2013;5;19;6;4.514978;73.765686
2013;5;19;12;5.3516746;57.08072
2013;5;19;18;2.851872;76.62311
2013;5;20;0;5.4050374;73.84332
2013;5;20;6;1.7384787;48.03708
2013;5;20;12;4.480189;298.87863
2013;5;20;18;6.637915;297.24844
2013;5;21;0;4.2647905;279.4782
2013;5;21;6;2.2003074;220.27736
2013;5;21;12;2.0405433;170.24103
2013;5;21;18;3.005213;169.40167
2013;5;22;0;4.8830223;162.3969
2013;5;22;6;6.641711;165.34085
2013;5;22;12;6.886674;163.35286
2013;5;22;18;8.620733;161.9544
2013;5;23;0;10.550109;145.78827
2013;5;23;6;9.567246;163.80371
2013;5;23;12;9.228133;177.19945
2013;5;23;18;7.0174003;205.89012
2013;5;24;0;2.6652648;196.78781
2013;5;24;6;0.8115364;185.86905
2013;5;24;12;1.8434731;86.844025
2013;5;24;18;1.722076;9.715973
2013;5;25;0;2.4105272;74.25433
2013;5;25;6;3.5268352;103.66812
2013;5;25;12;4.2616906;121.433716
2013;5;25;18;4.196474;136.96309
2013;5;26;0;4.8387165;163.71915
2013;5;26;6;3.4715652;153.54353
2013;5;26;12;2.5513597;246.48648
2013;5;26;18;7.296822;306.77948
2013;5;27;0;4.4471126;320.67526
2013;5;27;6;2.1474628;334.82285
2013;5;27;12;3.4137447;33.650635
2013;5;27;18;4.1480675;114.37518
2013;5;28;0;8.61565;141.11035
2013;5;28;6;10.984497;150.3406
2013;5;28;12;11.180289;150.32747
2013;5;28;18;8.036305;157.13528
2013;5;29;0;6.4909244;139.60457
2013;5;29;6;5.7635484;125.62286
2013;5;29;12;4.899928;127.11014
2013;5;29;18;4.387084;136.46407
2013;5;30;0;4.549555;117.93298
2013;5;30;6;4.9768915;118.723434
2013;5;30;12;4.3281827;119.60516
2013;5;30;18;3.4744804;106.824615
2013;5;31;0;4.896883;101.164536
2013;5;31;6;5.582807;122.4751
2013;5;31;12;5.470188;136.551
2013;5;31;18;3.6962962;141.51103
2013;6;1;0;4.705248;122.47789
2013;6;1;6;5.3843927;125.845856
2013;6;1;12;4.78076;153.52933
2013;6;1;18;3.9732935;169.37352
2013;6;2;0;4.9263043;148.5662
2013;6;2;6;6.340704;132.714
2013;6;2;12;7.6125197;129.61615
2013;6;2;18;8.237202;155.45412
2013;6;3;0;8.602566;158.2251
2013;6;3;6;8.091251;140.23366
2013;6;3;12;8.325747;128.68137
2013;6;3;18;5.761324;139.06573
2013;6;4;0;5.304018;156.61282
2013;6;4;6;4.793857;135.64963
2013;6;4;12;3.733669;141.99126
2013;6;4;18;2.154027;203.48816
2013;6;5;0;5.9274063;146.11508
2013;6;5;6;8.176559;156.08969
2013;6;5;12;8.77277;156.91681
2013;6;5;18;6.7725787;166.99261
2013;6;6;0;6.9925284;139.20856
2013;6;6;6;7.9267244;147.2587
2013;6;6;12;9.268079;140.56258
2013;6;6;18;7.00951;140.22171
2013;6;7;0;6.8178988;133.34749
2013;6;7;6;6.210605;121.33275
2013;6;7;12;6.86182;127.96271
2013;6;7;18;6.678673;122.72119
2013;6;8;0;6.246309;107.901855
2013;6;8;6;6.129247;120.80536
2013;6;8;12;3.9402514;105.60968
2013;6;8;18;2.5335274;77.8378
2013;6;9;0;5.0719695;74.71539
2013;6;9;6;6.4165354;94.95447
2013;6;9;12;6.8771276;106.026474
2013;6;9;18;5.3591833;120.368744
2013;6;10;0;5.5395555;108.71878
2013;6;10;6;5.3774843;103.96408
2013;6;10;12;5.817067;105.82384
2013;6;10;18;6.877408;108.89604
2013;6;11;0;7.8977256;110.32268
2013;6;11;6;7.613699;114.02472
2013;6;11;12;6.7938986;119.71802
2013;6;11;18;5.5018907;99.20744
2013;6;12;0;6.126919;103.39641
2013;6;12;6;6.6914577;113.55203
2013;6;12;12;6.8706336;116.94577
2013;6;12;18;6.572461;118.05467
2013;6;13;0;6.19653;130.6816
2013;6;13;6;5.0207243;137.43327
2013;6;13;12;3.1376798;145.69928
2013;6;13;18;0.9763395;357.34186
2013;6;14;0;3.450888;9.759125
2013;6;14;6;3.9189873;31.022186
2013;6;14;12;3.3394015;47.180023
2013;6;14;18;2.0751228;112.11238
2013;6;15;0;1.7264292;220.05557
2013;6;15;6;1.95206;170.57843
2013;6;15;12;0.70799017;206.88843
2013;6;15;18;1.460156;203.58418
2013;6;16;0;1.2478817;44.103455
2013;6;16;6;3.6203911;153.13832
2013;6;16;12;4.2883186;134.48843
2013;6;16;18;5.3558817;162.75229
2013;6;17;0;7.749664;145.97424
2013;6;17;6;6.8824563;158.60854
2013;6;17;12;5.2959776;141.45372
2013;6;17;18;3.195051;139.12141
2013;6;18;0;3.3275185;97.394684
2013;6;18;6;3.9663754;85.48807
2013;6;18;12;2.1926272;26.958435
2013;6;18;18;3.003686;343.23718
2013;6;19;0;3.5383887;2.458313
2013;6;19;6;2.1530643;78.756714
2013;6;19;12;1.8756523;120.78125
2013;6;19;18;1.1148175;174.39107
2013;6;20;0;2.0484645;224.30814
2013;6;20;6;0.88109016;120.93776
2013;6;20;12;1.4024025;130.8246
2013;6;20;18;1.3286186;164.68918
2013;6;21;0;3.6714985;158.01382
2013;6;21;6;4.138663;152.25359
2013;6;21;12;4.2664986;137.02788
2013;6;21;18;2.640612;192.72635
2013;6;22;0;4.064723;141.47197
2013;6;22;6;5.1878786;141.71013
2013;6;22;12;6.7375197;142.52994
2013;6;22;18;9.158585;145.23265
2013;6;23;0;7.7125626;164.88034
2013;6;23;6;6.1017966;140.18504
2013;6;23;12;6.8555946;138.96895
2013;6;23;18;8.960182;138.97731
2013;6;24;0;8.41259;148.96326
2013;6;24;6;8.114083;131.15674
2013;6;24;12;8.608043;127.29477
2013;6;24;18;7.681023;129.32628
2013;6;25;0;7.9736686;127.90982
2013;6;25;6;7.3709035;111.61006
2013;6;25;12;8.426143;103.52055
2013;6;25;18;7.0533032;100.77428
2013;6;26;0;11.120396;83.055725
2013;6;26;6;14.023115;91.74115
2013;6;26;12;12.177115;90.241974
2013;6;26;18;5.0085373;110.51073
2013;6;27;0;2.6155727;77.022095
2013;6;27;6;0.8743052;72.29797
2013;6;27;12;6.886618;311.7865
2013;6;27;18;10.01722;310.5827
2013;6;28;0;7.48775;305.49417
2013;6;28;6;7.0068703;286.18106
2013;6;28;12;7.136058;290.75552
2013;6;28;18;4.597568;311.1078
2013;6;29;0;3.8004956;351.58597
2013;6;29;6;2.726483;71.79462
2013;6;29;12;1.2206804;169.26752
2013;6;29;18;4.8233333;313.22095
2013;6;30;0;4.414235;298.228
2013;6;30;6;6.1624374;307.8723
2013;6;30;12;9.8745;337.5553
2013;6;30;18;7.7857094;338.99408
2013;7;1;0;4.344229;338.86942
2013;7;1;6;2.2097504;344.66614
2013;7;1;12;1.1887562;21.41336
2013;7;1;18;0.6702208;228.58496
2013;7;2;0;3.1348178;128.48079
2013;7;2;6;4.699126;124.14377
2013;7;2;12;5.007324;121.70827
2013;7;2;18;4.025906;134.14795
2013;7;3;0;5.29156;117.38632
2013;7;3;6;6.366891;121.62515
2013;7;3;12;6.614669;130.9197
2013;7;3;18;6.553364;149.90298
2013;7;4;0;6.816634;144.06703
2013;7;4;6;5.7409186;119.46881
2013;7;4;12;5.5836225;119.745544
2013;7;4;18;1.2801875;122.210785
2013;7;5;0;3.318393;116.365005
2013;7;5;6;3.5459807;101.14697
2013;7;5;12;3.2621398;94.27493
2013;7;5;18;2.0765786;68.06549
2013;7;6;0;2.8854756;90.2401
2013;7;6;6;1.9278045;91.44913
2013;7;6;12;0.57835466;288.05353
2013;7;6;18;2.9027154;302.98694
2013;7;7;0;2.6494217;91.76842
2013;7;7;6;3.9234803;112.79401
2013;7;7;12;5.402381;132.2889
2013;7;7;18;6.927241;144.55786
2013;7;8;0;7.3222995;154.58987
2013;7;8;6;6.541095;139.29811
2013;7;8;12;8.6014;142.3977
2013;7;8;18;9.406314;155.87265
2013;7;9;0;10.591578;158.2619
2013;7;9;6;10.61689;155.61298
2013;7;9;12;11.462106;145.63957
2013;7;9;18;9.176026;137.96222
2013;7;10;0;8.059838;144.94012
2013;7;10;6;8.010402;132.62885
2013;7;10;12;4.0467696;113.58612
2013;7;10;18;3.59067;295.77795
2013;7;11;0;4.5146246;294.34198
2013;7;11;6;3.624622;293.3931
2013;7;11;12;5.889946;325.41235
2013;7;11;18;7.1809506;313.60287
2013;7;12;0;5.191243;291.46176
2013;7;12;6;1.0178195;167.46094
2013;7;12;12;5.7800164;134.90775
2013;7;12;18;7.226383;134.5644
2013;7;13;0;7.0703483;150.26743
2013;7;13;6;5.1562934;125.352325
2013;7;13;12;3.6269913;125.5977
2013;7;13;18;2.2315238;135.79909
2013;7;14;0;4.263719;104.39816
2013;7;14;6;5.9852643;96.82593
2013;7;14;12;5.1398854;96.49144
2013;7;14;18;4.7164035;108.98599
2013;7;15;0;5.4741473;113.88713
2013;7;15;6;5.8500814;122.61786
2013;7;15;12;4.5846653;122.51549
2013;7;15;18;1.7109444;97.984055
2013;7;16;0;2.97202;75.53162
2013;7;16;6;2.9863029;102.93436
2013;7;16;12;1.3968852;125.36371
2013;7;16;18;1.9206526;276.27036
2013;7;17;0;2.9400148;281.80606
2013;7;17;6;2.0833583;166.07896
2013;7;17;12;4.463636;138.60507
2013;7;17;18;6.6857667;172.07626
2013;7;18;0;8.22505;177.5521
2013;7;18;6;8.177809;172.40161
2013;7;18;12;8.051708;170.16632
2013;7;18;18;6.332412;181.13112
2013;7;19;0;5.813501;150.68456
2013;7;19;6;5.7894287;142.7129
2013;7;19;12;4.0013;158.65555
2013;7;19;18;3.0843642;153.12325
2013;7;20;0;5.620421;145.96138
2013;7;20;6;7.378085;144.50098
2013;7;20;12;8.291968;149.6658
2013;7;20;18;7.322398;152.99695
2013;7;21;0;6.277732;151.7503
2013;7;21;6;5.343742;153.38773
2013;7;21;12;3.72107;152.00383
2013;7;21;18;2.5971851;155.03613
2013;7;22;0;4.9318876;132.34317
2013;7;22;6;5.8255982;129.81721
2013;7;22;12;6.3636513;148.64325
2013;7;22;18;6.785997;156.88834
2013;7;23;0;6.7397976;151.23416
2013;7;23;6;6.4062123;142.35419
2013;7;23;12;5.977391;138.05133
2013;7;23;18;5.9191093;134.73407
2013;7;24;0;6.7337866;138.29413
2013;7;24;6;6.9428477;134.68837
2013;7;24;12;7.2209754;133.04895
2013;7;24;18;7.401979;147.95847
2013;7;25;0;5.7098465;162.27957
2013;7;25;6;5.0565333;146.20297
2013;7;25;12;6.1226225;180.06409
2013;7;25;18;3.849889;145.90436
2013;7;26;0;9.76566;141.63501
2013;7;26;6;10.9952545;163.58527
2013;7;26;12;8.453081;159.04065
2013;7;26;18;7.731949;161.44061
2013;7;27;0;5.199186;149.77478
2013;7;27;6;1.1061968;343.75638
2013;7;27;12;4.5041075;337.65485
2013;7;27;18;4.688245;338.98767
2013;7;28;0;3.8474636;342.86487
2013;7;28;6;2.1540616;12.123474
2013;7;28;12;1.9803909;132.82678
2013;7;28;18;1.1742073;309.99008
2013;7;29;0;1.8378446;357.5891
2013;7;29;6;1.4162023;40.173737
2013;7;29;12;1.6600308;266.01352
2013;7;29;18;5.5905747;284.95422
2013;7;30;0;4.6269765;295.4553
2013;7;30;6;2.4164708;329.1736
2013;7;30;12;4.0658264;311.8378
2013;7;30;18;4.4869;343.7586
2013;7;31;0;3.2749307;76.15619
2013;7;31;6;6.6254706;135.70189
2013;7;31;12;7.4257503;159.3132
2013;7;31;18;4.98;197.03925
2014;5;1;0;7.675111;155.06381
2014;5;1;6;6.3744574;151.4659
2014;5;1;12;6.290039;156.2782
2014;5;1;18;6.230575;156.82791
2014;5;2;0;7.3159566;148.54187
2014;5;2;6;7.8886995;142.86978
2014;5;2;12;7.708058;154.09435
2014;5;2;18;8.484304;149.626
2014;5;3;0;9.232842;149.69168
2014;5;3;6;8.481336;147.50404
2014;5;3;12;7.2502794;158.5288
2014;5;3;18;6.2370634;156.55948
2014;5;4;0;5.401109;159.41202
2014;5;4;6;4.3851724;153.22849
2014;5;4;12;4.64433;162.62927
2014;5;4;18;4.9773774;204.00735
2014;5;5;0;3.8887215;223.41998
2014;5;5;6;2.1826358;211.88513
2014;5;5;12;4.275678;214.94052
2014;5;5;18;2.4336488;350.7271
2014;5;6;0;5.472105;96.59563
2014;5;6;6;5.947281;135.29408
2014;5;6;12;6.8081923;160.35281
2014;5;6;18;5.4395943;168.7237
2014;5;7;0;5.73741;158.19731
2014;5;7;6;5.005464;137.3793
2014;5;7;12;5.0099845;145.6995
2014;5;7;18;6.2155657;138.48175
2014;5;8;0;8.679282;139.83662
2014;5;8;6;9.020888;122.583496
2014;5;8;12;7.0842423;120.041565
2014;5;8;18;5.2864313;125.88634
2014;5;9;0;4.126023;108.53572
2014;5;9;6;5.4953957;82.368195
2014;5;9;12;6.234218;86.05606
2014;5;9;18;6.0057864;90.062515
2014;5;10;0;5.842619;101.10524
2014;5;10;6;5.721493;106.95389
2014;5;10;12;5.4577303;102.39967
2014;5;10;18;5.089805;117.72377
2014;5;11;0;5.4218764;131.58107
2014;5;11;6;4.549993;141.64719
2014;5;11;12;2.4808612;173.13773
2014;5;11;18;2.5641272;240.53009
2014;5;12;0;1.0857424;193.7069
2014;5;12;6;2.813716;145.81703
2014;5;12;12;3.36083;144.30566
2014;5;12;18;5.398922;169.05347
2014;5;13;0;7.8567247;178.9161
2014;5;13;6;9.071972;184.48431
2014;5;13;12;7.7172337;175.07068
2014;5;13;18;5.7591987;152.95412
2014;5;14;0;5.913349;135.73476
2014;5;14;6;5.0755363;128.78503
2014;5;14;12;4.468328;131.35205
2014;5;14;18;3.7206235;194.02798
2014;5;15;0;4.390157;215.15851
2014;5;15;6;5.155221;223.03558
2014;5;15;12;5.1997724;202.21323
2014;5;15;18;5.744393;174.76202
2014;5;16;0;7.067439;153.71474
2014;5;16;6;7.0203004;160.34581
2014;5;16;12;4.839293;207.93475
2014;5;16;18;7.0069737;308.67593
2014;5;17;0;7.4940634;326.45068
2014;5;17;6;4.644846;316.21753
2014;5;17;12;5.237102;293.758
2014;5;17;18;6.603935;278.9806
2014;5;18;0;4.3964114;281.69443
2014;5;18;6;3.5938401;226.80765
2014;5;18;12;4.6108418;226.41058
2014;5;18;18;4.8260045;199.34085
2014;5;19;0;8.776853;230.76712
2014;5;19;6;14.112921;250.1315
2014;5;19;12;11.489168;255.44597
2014;5;19;18;8.319872;259.75046
2014;5;20;0;6.5909023;260.6956
2014;5;20;6;3.7851825;238.84691
2014;5;20;12;4.0210767;187.20985
2014;5;20;18;4.7320795;172.53188
2014;5;21;0;4.7481813;166.35483
2014;5;21;6;6.8157306;199.16177
2014;5;21;12;7.420813;238.72044
2014;5;21;18;7.726121;237.4381
2014;5;22;0;8.028912;253.43835
2014;5;22;6;1.6023619;276.6876
2014;5;22;12;4.381592;122.94441
2014;5;22;18;6.157005;117.30809
2014;5;23;0;8.241924;115.9989
2014;5;23;6;6.9433765;137.8604
2014;5;23;12;6.145576;122.08899
2014;5;23;18;3.6532893;325.38794
2014;5;24;0;5.3118267;340.10074
2014;5;24;6;4.044763;8.138367
2014;5;24;12;4.236823;41.504395
2014;5;24;18;2.3575287;97.152374
2014;5;25;0;3.9393153;35.979065
2014;5;25;6;4.3685536;107.13942
2014;5;25;12;4.497898;96.055115
2014;5;25;18;2.620783;134.25504
2014;5;26;0;5.17836;137.29329
2014;5;26;6;6.547478;142.8967
2014;5;26;12;5.2865124;142.54948
2014;5;26;18;2.630283;207.09941
2014;5;27;0;1.9440888;3.0081482
2014;5;27;6;1.8048936;2.08844
2014;5;27;12;3.5533197;304.9696
2014;5;27;18;2.654098;296.9487
2014;5;28;0;2.9220507;151.40347
2014;5;28;6;5.3965564;155.33923
2014;5;28;12;4.8177757;159.40735
2014;5;28;18;3.5496783;149.64992
2014;5;29;0;4.38842;138.63904
2014;5;29;6;4.4045324;117.12811
2014;5;29;12;4.528164;113.149216
2014;5;29;18;4.743431;127.0383
2014;5;30;0;6.430595;131.89005
2014;5;30;6;8.020668;138.27655
2014;5;30;12;8.989848;147.36249
2014;5;30;18;8.081858;152.39514
2014;5;31;0;7.073482;152.21861
2014;5;31;6;5.444152;141.18495
2014;5;31;12;3.5669248;127.76999
2014;5;31;18;2.3979099;100.147964
2014;6;1;0;4.5379257;88.61667
2014;6;1;6;4.997544;90.243835
2014;6;1;12;5.6658273;95.193665
2014;6;1;18;6.878642;99.16475
2014;6;2;0;8.513111;134.14655
2014;6;2;6;9.814586;149.88635
2014;6;2;12;9.47919;145.4826
2014;6;2;18;8.130967;150.84097
2014;6;3;0;7.978183;147.9776
2014;6;3;6;8.779151;144.46562
2014;6;3;12;8.35919;147.27989
2014;6;3;18;7.210761;169.2219
2014;6;4;0;5.0121427;164.02446
2014;6;4;6;3.7973402;146.20505
2014;6;4;12;1.156132;108.64607
2014;6;4;18;1.4919584;66.99136
2014;6;5;0;4.2621355;116.59648
2014;6;5;6;7.615595;124.40042
2014;6;5;12;9.087855;139.6952
2014;6;5;18;10.603395;162.39151
2014;6;6;0;12.206009;169.44057
2014;6;6;6;12.657565;160.01527
2014;6;6;12;10.642244;170.27916
2014;6;6;18;7.105248;200.55116
2014;6;7;0;3.3859532;189.79338
2014;6;7;6;4.635297;163.64832
2014;6;7;12;5.304526;184.31955
2014;6;7;18;4.939528;278.4407
2014;6;8;0;3.402764;261.41345
2014;6;8;6;4.1535707;270.66284
2014;6;8;12;6.66688;286.41046
2014;6;8;18;4.065315;357.6125
2014;6;9;0;1.7880136;103.60217
2014;6;9;6;4.1458926;114.28635
2014;6;9;12;3.2279143;139.07018
2014;6;9;18;2.693996;107.97255
2014;6;10;0;5.103253;116.429276
2014;6;10;6;7.1027393;116.77629
2014;6;10;12;7.015366;119.765045
2014;6;10;18;5.5846505;127.33472
2014;6;11;0;5.705347;120.37286
2014;6;11;6;5.8769016;110.60161
2014;6;11;12;5.9109983;119.323364
2014;6;11;18;5.888272;145.90437
2014;6;12;0;6.0177255;144.55392
2014;6;12;6;5.6465554;145.11424
2014;6;12;12;3.564559;132.6266
2014;6;12;18;2.7000315;108.80267
2014;6;13;0;3.5305624;99.86978
2014;6;13;6;4.230784;112.59317
2014;6;13;12;3.518913;136.02173
2014;6;13;18;2.9736106;127.64989
2014;6;14;0;3.9774609;118.981186
2014;6;14;6;4.7162676;112.25723
2014;6;14;12;4.153843;124.63762
2014;6;14;18;3.0515268;126.34744
2014;6;15;0;5.1241155;110.037155
2014;6;15;6;6.5804067;108.79031
2014;6;15;12;6.670254;116.16528
2014;6;15;18;6.2022266;112.41791
2014;6;16;0;6.7845664;123.081894
2014;6;16;6;6.0739884;123.031784
2014;6;16;12;4.371941;126.499115
2014;6;16;18;2.9817867;146.97119
2014;6;17;0;3.8432784;190.24802
2014;6;17;6;3.8013346;205.09853
2014;6;17;12;2.446593;183.4327
2014;6;17;18;2.7402608;283.22122
2014;6;18;0;2.227917;40.5365
2014;6;18;6;3.7013264;106.259384
2014;6;18;12;8.505629;90.241776
2014;6;18;18;7.9697843;139.06906
2014;6;19;0;7.2191997;150.09555
2014;6;19;6;2.9906023;193.10175
2014;6;19;12;3.5881515;320.86432
2014;6;19;18;5.5441146;338.53516
2014;6;20;0;4.2074037;8.402405
2014;6;20;6;3.9764612;61.245667
2014;6;20;12;4.3513002;102.99979
2014;6;20;18;4.791339;129.69489
2014;6;21;0;6.6884284;127.14053
2014;6;21;6;7.816408;129.10294
2014;6;21;12;7.545706;147.81412
2014;6;21;18;5.3015695;184.3258
2014;6;22;0;3.8191745;198.64339
2014;6;22;6;3.3874054;153.97307
2014;6;22;12;5.2907352;115.13104
2014;6;22;18;8.079122;144.83403
2014;6;23;0;10.062515;146.1065
2014;6;23;6;10.73612;146.34023
2014;6;23;12;9.841047;149.20192
2014;6;23;18;9.096554;139.89761
2014;6;24;0;9.411843;133.38701
2014;6;24;6;8.234796;121.98073
2014;6;24;12;9.866932;138.28943
2014;6;24;18;9.374154;147.88907
2014;6;25;0;10.226896;145.41336
2014;6;25;6;12.84593;146.71442
2014;6;25;12;15.593566;153.43604
2014;6;25;18;13.012723;156.117
2014;6;26;0;11.73211;150.60553
2014;6;26;6;8.208938;144.05394
2014;6;26;12;10.019946;130.05222
2014;6;26;18;9.092536;154.60332
2014;6;27;0;5.9572473;151.21178
2014;6;27;6;8.302702;155.72269
2014;6;27;12;14.691386;156.78677
2014;6;27;18;8.322345;188.32886
2014;6;28;0;6.45005;158.33727
2014;6;28;6;8.394722;152.73161
2014;6;28;12;10.613163;151.93454
2014;6;28;18;12.139852;154.49498
2014;6;29;0;12.121817;160.96124
2014;6;29;6;10.461584;149.60663
2014;6;29;12;10.947498;150.64026
2014;6;29;18;8.899382;140.6421
2014;6;30;0;6.7473497;129.37967
2014;6;30;6;6.399005;111.847244
2014;6;30;12;6.373573;112.407425
2014;6;30;18;5.2739534;108.842926
2014;7;1;0;3.9709644;101.19328
2014;7;1;6;3.8047378;74.90021
2014;7;1;12;4.049122;34.749023
2014;7;1;18;4.543968;39.896423
2014;7;2;0;5.649858;28.92456
2014;7;2;6;4.6516995;72.88464
2014;7;2;12;2.9853222;43.52722
2014;7;2;18;4.0582795;10.3446045
2014;7;3;0;3.5122046;42.54312
2014;7;3;6;5.0447927;87.34747
2014;7;3;12;4.1619697;82.122986
2014;7;3;18;4.9152937;99.416
2014;7;4;0;5.984877;130.08684
2014;7;4;6;6.554667;133.71284
2014;7;4;12;5.9619904;139.97072
2014;7;4;18;5.1054864;138.73058
2014;7;5;0;6.0032415;136.67645
2014;7;5;6;8.02693;134.21352
2014;7;5;12;7.9109573;145.32144
2014;7;5;18;7.163263;150.12903
2014;7;6;0;6.2442813;153.73334
2014;7;6;6;5.1011443;136.99251
2014;7;6;12;2.8970914;146.00906
2014;7;6;18;0.8000483;349.8521
2014;7;7;0;2.0642872;341.21814
2014;7;7;6;4.448233;116.33678
2014;7;7;12;7.062533;134.71257
2014;7;7;18;10.591567;149.9946
2014;7;8;0;12.599842;147.5173
2014;7;8;6;9.531551;138.88474
2014;7;8;12;7.547501;116.632416
2014;7;8;18;6.118166;113.57979
2014;7;9;0;6.2927313;133.36769
2014;7;9;6;7.432493;159.63104
2014;7;9;12;7.455443;167.38083
2014;7;9;18;5.9418645;200.85022
2014;7;10;0;2.492496;173.40273
2014;7;10;6;2.9078429;352.99298
2014;7;10;12;6.805105;12.126099
2014;7;10;18;4.4994564;18.505005
2014;7;11;0;5.6072693;92.59706
2014;7;11;6;7.1430717;107.37482
2014;7;11;12;6.791685;117.76471
2014;7;11;18;5.0932627;129.18803
2014;7;12;0;5.3445277;128.33136
2014;7;12;6;4.820752;116.00964
2014;7;12;12;5.814817;118.97847
2014;7;12;18;5.235293;118.33894
2014;7;13;0;5.6655583;121.158035
2014;7;13;6;5.38156;123.47359
2014;7;13;12;3.1965187;136.79692
2014;7;13;18;1.1717851;183.22906
2014;7;14;0;1.1567827;332.73264
2014;7;14;6;1.7954012;102.099594
2014;7;14;12;0.9514847;68.15912
2014;7;14;18;2.5005095;305.95724
2014;7;15;0;2.320569;332.81305
2014;7;15;6;1.3345556;93.6212
2014;7;15;12;2.6362107;112.6158
2014;7;15;18;3.0272517;160.20822
2014;7;16;0;3.686587;144.81165
2014;7;16;6;2.9144597;150.02065
2014;7;16;12;1.396785;215.40094
2014;7;16;18;5.0317125;297.17136
2014;7;17;0;5.321081;306.40695
2014;7;17;6;4.9735775;303.45984
2014;7;17;12;4.9899793;330.04443
2014;7;17;18;5.067857;315.87292
2014;7;18;0;2.1903932;330.4227
2014;7;18;6;3.3807626;82.2005
2014;7;18;12;1.580672;112.874954
2014;7;18;18;0.86001354;63.261353
2014;7;19;0;3.6475577;132.28464
2014;7;19;6;5.85191;123.67882
2014;7;19;12;7.335486;136.91425
2014;7;19;18;5.320406;143.80182
2014;7;20;0;5.5671105;138.45552
2014;7;20;6;5.5306325;116.83438
2014;7;20;12;5.7845144;115.27034
2014;7;20;18;5.4529576;126.95383
2014;7;21;0;5.8953123;131.39948
2014;7;21;6;5.0440335;126.97023
2014;7;21;12;3.9835925;124.17235
2014;7;21;18;3.5189824;112.98393
2014;7;22;0;5.0287633;112.6561
2014;7;22;6;6.350279;112.56966
2014;7;22;12;6.8900867;133.78072
2014;7;22;18;6.6714725;151.44061
2014;7;23;0;7.2095094;138.5537
2014;7;23;6;5.340322;147.46956
2014;7;23;12;3.8364468;138.57875
2014;7;23;18;1.7713584;112.98187
2014;7;24;0;3.1385229;87.61752
2014;7;24;6;4.1261773;91.53784
2014;7;24;12;2.8296504;97.84502
2014;7;24;18;4.1231613;122.772644
2014;7;25;0;4.0666475;133.85692
2014;7;25;6;5.0239697;129.53395
2014;7;25;12;4.154755;140.28317
2014;7;25;18;3.0714598;178.81302
2014;7;26;0;2.577348;171.35184
2014;7;26;6;3.9866686;123.95015
2014;7;26;12;3.848095;119.42198
2014;7;26;18;4.380347;125.941925
2014;7;27;0;6.336253;125.00447
2014;7;27;6;7.327895;122.59943
2014;7;27;12;6.7972074;124.70183
2014;7;27;18;5.56844;148.92004
2014;7;28;0;4.366842;170.40509
2014;7;28;6;3.1081932;223.96164
2014;7;28;12;3.6105688;309.13773
2014;7;28;18;5.385407;329.4126
2014;7;29;0;3.7584283;7.7236633
2014;7;29;6;1.4266486;72.53656
2014;7;29;12;0.8275711;311.851
2014;7;29;18;2.6371663;318.9542
2014;7;30;0;1.5052927;293.35138
2014;7;30;6;1.5397465;260.03754
2014;7;30;12;3.2323978;351.2256
2014;7;30;18;1.5900743;61.463867
2014;7;31;0;3.4899502;134.979
2014;7;31;6;4.1381664;125.54126
2014;7;31;12;3.9050775;170.75726
2014;7;31;18;4.6307898;263.5793
2015;5;1;0;5.1317716;204.86673
2015;5;1;6;3.287455;218.94922
2015;5;1;12;4.258672;219.53981
2015;5;1;18;5.175129;185.41524
2015;5;2;0;5.6542315;138.00867
2015;5;2;6;7.3936915;132.73369
2015;5;2;12;5.939708;107.18616
2015;5;2;18;5.56455;129.57515
2015;5;3;0;5.0299544;112.70438
2015;5;3;6;9.376003;141.22472
2015;5;3;12;11.031283;163.37375
2015;5;3;18;10.5254;186.75064
2015;5;4;0;5.5723953;215.25398
2015;5;4;6;4.5629506;211.55397
2015;5;4;12;4.425395;233.1229
2015;5;4;18;2.6227515;228.58347
2015;5;5;0;3.6810338;142.08438
2015;5;5;6;5.76841;127.8353
2015;5;5;12;5.821341;148.24435
2015;5;5;18;7.0274644;154.03827
2015;5;6;0;6.7649817;159.5009
2015;5;6;6;6.1891055;151.67926
2015;5;6;12;6.223496;152.38628
2015;5;6;18;5.655728;172.6498
2015;5;7;0;4.3125944;177.25232
2015;5;7;6;3.7008488;199.6682
2015;5;7;12;2.3351533;285.06705
2015;5;7;18;2.3934314;313.97205
2015;5;8;0;3.7603602;49.007294
2015;5;8;6;3.7435186;81.952576
2015;5;8;12;5.3939853;91.422226
2015;5;8;18;3.5695858;123.29433
2015;5;9;0;5.769779;126.28937
2015;5;9;6;6.984736;153.98227
2015;5;9;12;5.0353765;203.71286
2015;5;9;18;3.7625809;272.69482
2015;5;10;0;0.60335547;135.5005
2015;5;10;6;4.827533;141.30179
2015;5;10;12;7.072938;154.331
2015;5;10;18;6.436605;170.62704
2015;5;11;0;6.847498;154.28302
2015;5;11;6;7.703732;150.09485
2015;5;11;12;10.38852;164.70032
2015;5;11;18;7.1539664;177.18552
2015;5;12;0;5.4161415;156.08118
2015;5;12;6;5.1471868;139.39334
2015;5;12;12;4.187063;147.44821
2015;5;12;18;2.0306044;166.52574
2015;5;13;0;5.40836;151.53773
2015;5;13;6;7.5893536;144.82523
2015;5;13;12;8.326818;131.02325
2015;5;13;18;9.303918;123.74008
2015;5;14;0;12.408961;106.1255
2015;5;14;6;13.696825;111.283844
2015;5;14;12;14.135557;111.088684
2015;5;14;18;10.17375;132.14449
2015;5;15;0;7.8831973;136.1004
2015;5;15;6;5.6234403;125.08948
2015;5;15;12;5.114118;106.53502
2015;5;15;18;1.6502643;35.403625
2015;5;16;0;3.6845162;49.048645
2015;5;16;6;2.4282963;40.885315
2015;5;16;12;1.9929318;339.7924
2015;5;16;18;4.733373;313.7638
2015;5;17;0;2.318565;214.65276
2015;5;17;6;5.5356183;190.90414
2015;5;17;12;9.466357;242.83292
2015;5;17;18;9.290876;254.15251
2015;5;18;0;8.918305;247.79059
2015;5;18;6;6.5172286;183.63516
2015;5;18;12;8.877105;181.7102
2015;5;18;18;15.125114;152.6337
2015;5;19;0;9.240249;174.49745
2015;5;19;6;3.9824862;51.724426
2015;5;19;12;6.403751;117.70517
2015;5;19;18;9.328068;107.48093
2015;5;20;0;7.0044737;89.42856
2015;5;20;6;7.797842;68.485535
2015;5;20;12;9.421893;63.678406
2015;5;20;18;9.345332;89.94653
2015;5;21;0;5.913171;60.78958
2015;5;21;6;7.3589063;91.452774
2015;5;21;12;3.4102921;107.610535
2015;5;21;18;3.8281808;132.47855
2015;5;22;0;9.319106;144.78024
2015;5;22;6;15.444952;152.678
2015;5;22;12;17.980198;152.30997
2015;5;22;18;14.330098;157.87762
2015;5;23;0;6.374275;156.63339
2015;5;23;6;2.3412871;216.35706
2015;5;23;12;7.3357773;295.778
2015;5;23;18;7.140114;308.59506
2015;5;24;0;4.2599273;329.76904
2015;5;24;6;4.3596635;61.611816
2015;5;24;12;5.7269816;107.799484
2015;5;24;18;11.018629;151.77718
2015;5;25;0;12.961825;150.20743
2015;5;25;6;11.351228;144.98523
2015;5;25;12;8.525163;147.7254
2015;5;25;18;3.8122447;208.00473
2015;5;26;0;1.7896436;98.03343
2015;5;26;6;3.0275073;95.9415
2015;5;26;12;3.038883;88.19116
2015;5;26;18;2.3626192;119.78529
2015;5;27;0;4.730766;133.77968
2015;5;27;6;6.9895153;147.77104
2015;5;27;12;8.526837;145.26942
2015;5;27;18;7.1740346;163.05933
2015;5;28;0;5.365097;148.6582
2015;5;28;6;6.1700892;114.2977
2015;5;28;12;6.492113;114.3766
2015;5;28;18;9.061009;146.41624
2015;5;29;0;14.435135;139.37698
2015;5;29;6;19.66347;140.73006
2015;5;29;12;20.61327;135.18661
2015;5;29;18;14.383572;123.561066
2015;5;30;0;12.851106;111.56006
2015;5;30;6;12.876161;110.81038
2015;5;30;12;10.576664;106.50682
2015;5;30;18;10.504604;112.04625
2015;5;31;0;10.155391;114.56062
2015;5;31;6;9.375169;108.602295
2015;5;31;12;7.0997343;107.358
2015;5;31;18;4.3033566;106.58046
2015;6;1;0;4.5473304;105.15639
2015;6;1;6;4.2909946;106.5276
2015;6;1;12;3.0656974;105.40384
2015;6;1;18;3.4602132;110.282394
2015;6;2;0;4.975883;125.80144
2015;6;2;6;4.957431;120.08165
2015;6;2;12;3.5711565;133.80426
2015;6;2;18;2.6701756;126.49307
2015;6;3;0;4.386965;134.04602
2015;6;3;6;4.634561;123.08034
2015;6;3;12;2.7805998;131.08904
2015;6;3;18;1.2376525;114.37793
2015;6;4;0;2.6952598;120.12041
2015;6;4;6;3.4297473;113.26019
2015;6;4;12;3.839548;131.20714
2015;6;4;18;5.0252676;146.73141
2015;6;5;0;6.87946;137.25719
2015;6;5;6;8.331324;136.33142
2015;6;5;12;9.197265;140.93898
2015;6;5;18;8.258162;147.7597
2015;6;6;0;7.349945;142.1098
2015;6;6;6;6.250211;140.40668
2015;6;6;12;4.164134;145.09271
2015;6;6;18;3.7510016;153.88513
2015;6;7;0;4.8831267;158.39511
2015;6;7;6;7.2535086;145.09842
2015;6;7;12;9.515412;153.04816
2015;6;7;18;10.73179;146.95757
2015;6;8;0;10.067805;167.62238
2015;6;8;6;5.8200707;236.05688
2015;6;8;12;4.5908575;257.13443
2015;6;8;18;9.744291;311.41653
2015;6;9;0;8.510115;306.79984
2015;6;9;6;8.075371;312.7895
2015;6;9;12;9.405599;329.8337
2015;6;9;18;7.1672516;346.01218
2015;6;10;0;4.3719172;336.4836
2015;6;10;6;2.3219113;82.339386
2015;6;10;12;2.5283782;121.921555
2015;6;10;18;2.6493413;149.28275
2015;6;11;0;3.252684;158.49632
2015;6;11;6;3.8139303;140.72816
2015;6;11;12;3.9159892;126.97127
2015;6;11;18;5.0940814;125.33502
2015;6;12;0;6.6390285;119.82263
2015;6;12;6;7.668338;120.20744
2015;6;12;12;6.9366536;127.690674
2015;6;12;18;5.932621;148.80634
2015;6;13;0;6.5828543;150.67685
2015;6;13;6;7.144981;145.29243
2015;6;13;12;6.172191;152.9405
2015;6;13;18;5.131911;170.2875
2015;6;14;0;5.3202705;166.68292
2015;6;14;6;5.233195;159.65665
2015;6;14;12;5.0867395;176.12323
2015;6;14;18;3.394573;200.28741
2015;6;15;0;3.5569115;180.15172
2015;6;15;6;5.094463;128.53606
2015;6;15;12;6.740525;141.99994
2015;6;15;18;9.465143;151.96167
2015;6;16;0;8.885952;135.6575
2015;6;16;6;8.140228;130.91183
2015;6;16;12;5.3628836;110.90065
2015;6;16;18;6.540372;127.601
2015;6;17;0;5.023291;148.90952
2015;6;17;6;3.1549025;151.61765
2015;6;17;12;3.311066;168.16867
2015;6;17;18;3.385635;193.76123
2015;6;18;0;4.9064198;146.18044
2015;6;18;6;7.9046955;152.0409
2015;6;18;12;10.387705;161.27469
2015;6;18;18;9.507124;168.25122
2015;6;19;0;6.832144;169.46307
2015;6;19;6;4.1932464;146.67755
2015;6;19;12;6.2059407;137.20384
2015;6;19;18;5.3995905;155.32549
2015;6;20;0;5.8124204;155.34518
2015;6;20;6;6.3445816;150.40063
2015;6;20;12;8.309109;160.87244
2015;6;20;18;7.744962;162.49306
2015;6;21;0;6.58644;154.1094
2015;6;21;6;5.764883;141.79182
2015;6;21;12;5.3145328;170.20737
2015;6;21;18;4.4409795;180.02896
2015;6;22;0;3.974133;144.17274
2015;6;22;6;5.650848;135.45921
2015;6;22;12;6.2720175;156.57748
2015;6;22;18;5.3311586;154.36127
2015;6;23;0;4.708527;139.40398
2015;6;23;6;5.577256;129.68329
2015;6;23;12;5.5116334;145.03091
2015;6;23;18;5.627263;157.48909
2015;6;24;0;5.6768456;151.86462
2015;6;24;6;5.3181267;144.55188
2015;6;24;12;3.7258062;128.54448
2015;6;24;18;3.3376262;100.78615
2015;6;25;0;5.697382;110.50708
2015;6;25;6;6.130928;115.510345
2015;6;25;12;4.9519553;114.23509
2015;6;25;18;4.824965;105.653015
2015;6;26;0;6.5792446;101.43581
2015;6;26;6;7.5435433;106.04706
2015;6;26;12;7.006899;121.67178
2015;6;26;18;5.9543567;125.850494
2015;6;27;0;7.0583577;120.26933
2015;6;27;6;7.780876;121.611786
2015;6;27;12;6.769416;118.86606
2015;6;27;18;5.5927644;116.228714
2015;6;28;0;6.508479;113.228775
2015;6;28;6;7.180566;117.74945
2015;6;28;12;6.6802716;119.23634
2015;6;28;18;5.153872;131.74718
2015;6;29;0;4.7035174;119.81967
2015;6;29;6;4.126559;99.81166
2015;6;29;12;3.293231;85.496185
2015;6;29;18;3.5383613;122.88893
2015;6;30;0;2.1336699;202.35526
2015;6;30;6;2.6621912;140.64836
2015;6;30;12;2.4556243;70.97232
2015;6;30;18;0.42442474;329.17712
2015;7;1;0;3.961769;57.150635
2015;7;1;6;5.1152945;87.95178
2015;7;1;12;6.2614584;91.18808
2015;7;1;18;6.687711;96.117065
2015;7;2;0;7.8726945;108.15752
2015;7;2;6;7.5429907;109.23941
2015;7;2;12;6.3073454;108.44333
2015;7;2;18;5.9999228;101.74654
2015;7;3;0;6.653706;105.31627
2015;7;3;6;7.277878;109.64865
2015;7;3;12;6.9085703;110.02458
2015;7;3;18;6.201385;123.64406
2015;7;4;0;4.9526196;108.28563
2015;7;4;6;6.4613767;109.49866
2015;7;4;12;5.249825;114.42326
2015;7;4;18;4.436982;121.29251
2015;7;5;0;5.457802;140.41391
2015;7;5;6;5.396705;133.41473
2015;7;5;12;4.2209764;103.787704
2015;7;5;18;3.6498594;116.60341
2015;7;6;0;4.743405;131.51749
2015;7;6;6;6.71639;120.56308
2015;7;6;12;5.1740785;120.21794
2015;7;6;18;4.7055974;107.033844
2015;7;7;0;5.4592032;95.92267
2015;7;7;6;7.1573076;112.23552
2015;7;7;12;5.1318626;140.42235
2015;7;7;18;3.3407516;155.46017
2015;7;8;0;4.0429597;102.54794
2015;7;8;6;4.786739;106.21016
2015;7;8;12;5.0616317;106.85272
2015;7;8;18;5.973893;112.002884
2015;7;9;0;6.18985;114.82062
2015;7;9;6;5.808707;114.12973
2015;7;9;12;4.426213;107.87068
2015;7;9;18;4.4696903;102.20941
2015;7;10;0;6.893321;102.02382
2015;7;10;6;8.615712;116.31932
2015;7;10;12;7.6456203;126.27835
2015;7;10;18;5.489575;134.62035
2015;7;11;0;5.7138276;114.85654
2015;7;11;6;5.144793;87.90869
2015;7;11;12;5.566094;81.80551
2015;7;11;18;3.7553627;91.12508
2015;7;12;0;3.4697123;105.412445
2015;7;12;6;3.4815392;101.60248
2015;7;12;12;3.544101;103.50203
2015;7;12;18;2.6671913;86.44165
2015;7;13;0;4.370176;125.32831
2015;7;13;6;6.032053;117.64479
2015;7;13;12;3.9915109;114.39456
2015;7;13;18;1.725711;119.080536
2015;7;14;0;2.7078254;151.23286
2015;7;14;6;3.957404;128.18472
2015;7;14;12;3.5949912;115.34694
2015;7;14;18;1.3720622;323.32053
2015;7;15;0;3.1071498;45.71692
2015;7;15;6;5.2467813;124.27974
2015;7;15;12;5.9536653;134.54147
2015;7;15;18;4.3680334;151.41507
2015;7;16;0;4.1692443;139.1833
2015;7;16;6;4.161837;103.491165
2015;7;16;12;4.052138;85.712585
2015;7;16;18;4.624793;100.89781
2015;7;17;0;7.8418446;120.879074
2015;7;17;6;6.9351587;121.57799
2015;7;17;12;4.468316;115.28659
2015;7;17;18;2.254839;85.95422
2015;7;18;0;2.5023136;327.11676
2015;7;18;6;5.462534;108.4548
2015;7;18;12;6.1584334;139.6804
2015;7;18;18;4.3814607;134.29607
2015;7;19;0;1.7141122;100.6319
2015;7;19;6;4.8539777;89.80148
2015;7;19;12;6.925757;94.24597
2015;7;19;18;6.9505186;89.22699
2015;7;20;0;6.294768;103.862564
2015;7;20;6;6.8272147;102.83444
2015;7;20;12;5.879537;95.21196
2015;7;20;18;4.308626;101.409744
2015;7;21;0;4.357901;115.83412
2015;7;21;6;7.045634;105.43132
2015;7;21;12;8.321325;112.139786
2015;7;21;18;6.011906;133.5347
2015;7;22;0;4.466821;151.63358
2015;7;22;6;4.182026;159.69438
2015;7;22;12;2.1727686;169.6642
2015;7;22;18;1.8270342;290.21655
2015;7;23;0;1.023787;334.87677
2015;7;23;6;1.4046562;94.95424
2015;7;23;12;1.1781945;0.86691284
2015;7;23;18;3.3177688;340.30685
2015;7;24;0;2.8581283;359.8689
2015;7;24;6;1.0278261;80.02872
2015;7;24;12;2.1285374;120.89493
2015;7;24;18;1.7227768;199.00768
2015;7;25;0;2.8518093;167.50719
2015;7;25;6;4.0586615;170.59639
2015;7;25;12;5.745902;195.50012
2015;7;25;18;4.353317;237.45981
2015;7;26;0;2.8489728;248.4063
2015;7;26;6;2.303991;179.829
2015;7;26;12;3.2850873;178.07062
2015;7;26;18;6.4196205;153.86035
2015;7;27;0;6.348014;127.82489
2015;7;27;6;6.056569;139.56764
2015;7;27;12;7.313142;157.7597
2015;7;27;18;4.914174;165.61752
2015;7;28;0;4.510125;134.95996
2015;7;28;6;3.5442204;126.258224
2015;7;28;12;2.025285;100.664734
2015;7;28;18;0.95896596;39.043884
2015;7;29;0;1.85979;125.51134
2015;7;29;6;1.5453038;125.99579
2015;7;29;12;1.0016723;141.41997
2015;7;29;18;0.42517272;103.2619
2015;7;30;0;2.5734231;112.81697
2015;7;30;6;3.5906382;112.87593
2015;7;30;12;3.0536366;120.72255
2015;7;30;18;2.4762478;135.98056
2015;7;31;0;3.9612584;123.34941
2015;7;31;6;6.3161473;120.86868
2015;7;31;12;6.108053;122.57016
2015;7;31;18;4.981987;114.443665
2016;5;1;0;3.7495651;79.88437
2016;5;1;6;5.329678;106.009415
2016;5;1;12;5.293891;97.844376
2016;5;1;18;3.9927647;104.81186
2016;5;2;0;6.957986;103.70317
2016;5;2;6;7.329121;106.91478
2016;5;2;12;5.0044236;108.7948
2016;5;2;18;2.9771163;116.16893
2016;5;3;0;4.980694;108.6712
2016;5;3;6;6.433528;108.24963
2016;5;3;12;6.196915;100.7849
2016;5;3;18;5.07589;103.13054
2016;5;4;0;5.865632;126.955536
2016;5;4;6;6.715871;119.868805
2016;5;4;12;6.226023;117.30159
2016;5;4;18;4.5406656;121.82727
2016;5;5;0;5.2187657;108.382126
2016;5;5;6;5.323775;104.00679
2016;5;5;12;5.6364756;101.86966
2016;5;5;18;4.5240707;94.354996
2016;5;6;0;5.9337826;105.49263
2016;5;6;6;6.6207895;114.482666
2016;5;6;12;5.352541;133.08928
2016;5;6;18;4.305132;146.66782
2016;5;7;0;4.8890343;167.56458
2016;5;7;6;4.70857;166.3859
2016;5;7;12;3.1912756;176.76178
2016;5;7;18;3.7520707;162.48349
2016;5;8;0;3.9455066;164.09288
2016;5;8;6;3.018206;156.85065
2016;5;8;12;7.780466;138.02155
2016;5;8;18;10.149968;173.11671
2016;5;9;0;9.25419;213.5095
2016;5;9;6;8.947224;196.71942
2016;5;9;12;9.559215;161.70969
2016;5;9;18;13.241172;162.9882
2016;5;10;0;16.910095;160.94974
2016;5;10;6;15.399798;172.10397
2016;5;10;12;9.338139;232.46475
2016;5;10;18;6.701466;226.08383
2016;5;11;0;6.232864;225.84718
2016;5;11;6;4.246148;235.91472
2016;5;11;12;4.159114;202.90979
2016;5;11;18;6.2765527;178.12369
2016;5;12;0;7.707312;194.49973
2016;5;12;6;5.626949;190.21716
2016;5;12;12;2.6314423;174.88078
2016;5;12;18;3.5057151;122.00162
2016;5;13;0;5.4109945;124.898895
2016;5;13;6;5.4788456;161.2966
2016;5;13;12;4.9139857;193.28311
2016;5;13;18;4.2515664;214.90886
2016;5;14;0;4.130189;185.79205
2016;5;14;6;4.726673;179.3209
2016;5;14;12;4.4098554;200.97897
2016;5;14;18;4.8816304;196.47124
2016;5;15;0;3.6341136;211.63434
2016;5;15;6;3.4516692;211.16971
2016;5;15;12;2.546135;246.64792
2016;5;15;18;3.237605;253.9875
2016;5;16;0;3.6164737;106.104004
2016;5;16;6;6.2468033;138.29816
2016;5;16;12;6.283897;158.29819
2016;5;16;18;5.7103057;197.72725
2016;5;17;0;4.2321553;213.3207
2016;5;17;6;2.9236717;253.64671
2016;5;17;12;3.2533634;319.10736
2016;5;17;18;2.0080605;358.51944
2016;5;18;0;4.1758137;92.05231
2016;5;18;6;6.9859314;115.97044
2016;5;18;12;7.3463593;143.1321
2016;5;18;18;7.1785474;173.71536
2016;5;19;0;5.5624027;176.25409
2016;5;19;6;3.445499;204.30103
2016;5;19;12;1.7886043;249.53659
2016;5;19;18;2.5880504;281.63654
2016;5;20;0;4.7781177;114.90738
2016;5;20;6;6.4975877;131.76413
2016;5;20;12;7.891382;152.66261
2016;5;20;18;7.9833474;154.42941
2016;5;21;0;8.051857;149.03851
2016;5;21;6;10.29974;143.02704
2016;5;21;12;12.495115;161.58923
2016;5;21;18;9.48707;168.10919
2016;5;22;0;7.705803;147.45667
2016;5;22;6;7.2861114;150.86668
2016;5;22;12;6.7829437;150.5871
2016;5;22;18;6.3277917;157.87854
2016;5;23;0;6.426697;145.5812
2016;5;23;6;6.4540353;131.77109
2016;5;23;12;7.1073666;126.76817
2016;5;23;18;8.19523;129.72185
2016;5;24;0;8.418178;130.39703
2016;5;24;6;7.584166;128.77028
2016;5;24;12;9.574136;147.0441
2016;5;24;18;9.272651;161.25383
2016;5;25;0;6.1647363;172.22717
2016;5;25;6;5.3027115;179.18597
2016;5;25;12;13.010811;156.32024
2016;5;25;18;8.992113;248.49579
2016;5;26;0;10.642084;253.49776
2016;5;26;6;10.185427;275.66217
2016;5;26;12;7.358786;294.35593
2016;5;26;18;8.130748;313.0189
2016;5;27;0;7.482206;326.142
2016;5;27;6;9.449559;318.3641
2016;5;27;12;8.872944;320.88467
2016;5;27;18;8.088597;328.4159
2016;5;28;0;4.4981675;335.94016
2016;5;28;6;3.4451368;16.737762
2016;5;28;12;2.2286656;93.63147
2016;5;28;18;2.9426773;135.88936
2016;5;29;0;5.3742886;126.3094
2016;5;29;6;6.2796054;109.47339
2016;5;29;12;3.868641;99.606445
2016;5;29;18;1.4855362;131.25687
2016;5;30;0;5.644708;135.79642
2016;5;30;6;11.181321;159.56546
2016;5;30;12;10.961141;154.04091
2016;5;30;18;9.8278055;175.60448
2016;5;31;0;7.4123793;148.5972
2016;5;31;6;7.5071087;125.09512
2016;5;31;12;6.4275813;121.79112
2016;5;31;18;3.4369216;153.11021
2016;6;1;0;4.077433;288.07645
2016;6;1;6;6.9749694;230.45221
2016;6;1;12;5.2370076;152.5972
2016;6;1;18;10.126373;136.91638
2016;6;2;0;10.089206;155.73853
2016;6;2;6;10.44092;140.80545
2016;6;2;12;12.922803;160.72504
2016;6;2;18;10.128977;163.29443
2016;6;3;0;9.959663;161.21167
2016;6;3;6;10.377768;160.8389
2016;6;3;12;13.554475;163.33884
2016;6;3;18;13.018709;169.34085
2016;6;4;0;10.429202;180.93646
2016;6;4;6;6.318155;195.12766
2016;6;4;12;6.397794;227.88007
2016;6;4;18;4.2154293;236.83157
2016;6;5;0;2.363524;206.85574
2016;6;5;6;3.8232424;186.07619
2016;6;5;12;5.156179;205.90483
2016;6;5;18;5.052365;229.23108
2016;6;6;0;5.043723;190.9791
2016;6;6;6;4.7658424;207.59387
2016;6;6;12;4.167895;207.92468
2016;6;6;18;3.4681282;191.6937
2016;6;7;0;4.0881896;144.91519
2016;6;7;6;5.7828765;128.76395
2016;6;7;12;6.066648;138.95416
2016;6;7;18;6.5492716;161.08432
2016;6;8;0;5.2374964;161.37329
2016;6;8;6;5.1798186;156.5228
2016;6;8;12;4.1444364;144.1729
2016;6;8;18;4.694254;132.1127
2016;6;9;0;6.2581244;134.83087
2016;6;9;6;7.483952;136.63014
2016;6;9;12;7.4903235;130.03888
2016;6;9;18;8.778563;141.26138
2016;6;10;0;8.621519;150.724
2016;6;10;6;7.2775936;150.93253
2016;6;10;12;6.018278;143.07484
2016;6;10;18;5.5146046;134.20718
2016;6;11;0;5.374861;131.92429
2016;6;11;6;5.5490603;134.57713
2016;6;11;12;5.0410256;150.04686
2016;6;11;18;3.5989316;175.4463
2016;6;12;0;5.939846;158.59244
2016;6;12;6;5.3451824;158.94888
2016;6;12;12;4.4649997;148.14336
2016;6;12;18;2.9754753;156.6051
2016;6;13;0;3.1334398;94.47035
2016;6;13;6;3.7403939;81.40509
2016;6;13;12;2.5916772;57.008057
2016;6;13;18;1.9895027;347.6914
2016;6;14;0;2.2516723;3.6013794
2016;6;14;6;1.3002369;84.05109
2016;6;14;12;1.8047898;106.662674
2016;6;14;18;1.5431684;220.46085
2016;6;15;0;3.5421455;233.88937
2016;6;15;6;4.1163864;308.4095
2016;6;15;12;2.4815834;290.6191
2016;6;15;18;3.086634;248.71945
2016;6;16;0;2.1803641;277.87378
2016;6;16;6;2.800738;233.55136
2016;6;16;12;5.6178074;141.64444
2016;6;16;18;8.39479;144.743
2016;6;17;0;11.420776;147.15643
2016;6;17;6;12.533937;141.74225
2016;6;17;12;15.180052;145.50464
2016;6;17;18;13.804735;150.965
2016;6;18;0;11.357216;147.57294
2016;6;18;6;10.968905;139.28929
2016;6;18;12;10.415721;136.67923
2016;6;18;18;6.899986;140.26772
2016;6;19;0;6.967936;121.708405
2016;6;19;6;7.128394;113.549576
2016;6;19;12;6.3647614;125.399216
2016;6;19;18;3.659029;151.21333
2016;6;20;0;2.4561837;144.56462
2016;6;20;6;1.6212875;136.74586
2016;6;20;12;1.9481963;56.770813
2016;6;20;18;1.6122205;28.809753
2016;6;21;0;0.2563863;98.699615
2016;6;21;6;2.1721175;168.42426
2016;6;21;12;2.6394675;145.45483
2016;6;21;18;4.2052555;204.36255
2016;6;22;0;4.004826;158.38145
2016;6;22;6;4.83378;159.85352
2016;6;22;12;6.3384423;148.58661
2016;6;22;18;6.616427;203.3451
2016;6;23;0;4.117446;194.39537
2016;6;23;6;6.825823;128.27206
2016;6;23;12;10.096262;134.69975
2016;6;23;18;5.7274528;249.2935
2016;6;24;0;2.105956;207.88618
2016;6;24;6;3.8110557;164.75441
2016;6;24;12;4.4623294;180.09561
2016;6;24;18;5.8019195;178.91206
2016;6;25;0;2.9097638;204.14734
2016;6;25;6;3.6388104;143.4783
2016;6;25;12;5.719667;141.26239
2016;6;25;18;4.2095003;138.39375
2016;6;26;0;5.291872;144.45206
2016;6;26;6;3.539203;122.67636
2016;6;26;12;3.3594902;114.524
2016;6;26;18;2.8785439;131.43301
2016;6;27;0;4.3677297;107.19887
2016;6;27;6;4.989374;108.50514
2016;6;27;12;3.5869515;100.53012
2016;6;27;18;3.255712;113.62421
2016;6;28;0;5.30411;134.83391
2016;6;28;6;5.927062;136.85005
2016;6;28;12;5.588581;142.23431
2016;6;28;18;5.3014975;110.05228
2016;6;29;0;6.876493;117.25397
2016;6;29;6;7.2937016;125.64584
2016;6;29;12;8.322296;128.19798
2016;6;29;18;5.1804886;128.73973
2016;6;30;0;3.264012;48.536133
2016;6;30;6;3.0356386;33.237823
2016;6;30;12;3.0120056;13.77655
2016;6;30;18;4.8994193;335.95322
2016;7;1;0;4.5626283;341.8217
2016;7;1;6;2.534206;334.09662
2016;7;1;12;2.3142927;348.18524
2016;7;1;18;1.2604227;72.9693
2016;7;2;0;3.7384663;123.63092
2016;7;2;6;4.389698;139.29578
2016;7;2;12;2.6520464;175.82138
2016;7;2;18;1.4383814;290.41553
2016;7;3;0;2.0467446;54.217987
2016;7;3;6;2.7308998;90.70056
2016;7;3;12;2.2875495;97.00394
2016;7;3;18;2.5664265;123.8163
2016;7;4;0;2.906652;142.23529
2016;7;4;6;4.423204;135.82181
2016;7;4;12;4.497559;152.4331
2016;7;4;18;4.621504;157.47467
2016;7;5;0;4.9016705;151.62793
2016;7;5;6;6.696334;134.7123
2016;7;5;12;8.160842;133.41026
2016;7;5;18;8.877434;137.1091
2016;7;6;0;8.739234;138.76257
2016;7;6;6;8.023943;140.50568
2016;7;6;12;7.40615;138.5883
2016;7;6;18;4.9638395;142.21948
2016;7;7;0;4.5046906;138.08417
2016;7;7;6;3.9410477;123.39061
2016;7;7;12;3.2457342;106.34148
2016;7;7;18;3.4382997;125.940384
2016;7;8;0;4.125204;133.01877
2016;7;8;6;4.426911;131.58328
2016;7;8;12;3.3562746;123.08162
2016;7;8;18;3.5667605;124.87338
2016;7;9;0;4.9704866;150.30714
2016;7;9;6;8.064371;167.29759
2016;7;9;12;8.421301;172.66084
2016;7;9;18;5.3269463;156.44164
2016;7;10;0;4.2800345;140.59329
2016;7;10;6;3.9810293;104.583145
2016;7;10;12;4.9759912;111.42027
2016;7;10;18;6.043513;149.26286
2016;7;11;0;6.741932;144.44882
2016;7;11;6;6.521068;117.29195
2016;7;11;12;5.229324;117.03989
2016;7;11;18;2.9976668;123.66179
2016;7;12;0;3.803105;108.28519
2016;7;12;6;5.77522;105.44325
2016;7;12;12;6.0142035;120.330536
2016;7;12;18;4.8455796;143.50607
2016;7;13;0;4.1213565;131.05713
2016;7;13;6;4.0560055;120.06334
2016;7;13;12;3.0158105;122.40111
2016;7;13;18;3.3639483;106.48215
2016;7;14;0;4.5334606;138.49155
2016;7;14;6;5.5999084;131.68785
2016;7;14;12;5.329368;108.68686
2016;7;14;18;5.239564;113.89343
2016;7;15;0;5.343098;112.27063
2016;7;15;6;5.7080517;123.83952
2016;7;15;12;4.9198484;125.75249
2016;7;15;18;4.181139;155.63583
2016;7;16;0;5.0736604;133.55486
2016;7;16;6;5.85988;132.31667
2016;7;16;12;7.4051085;137.85756
2016;7;16;18;7.5131016;151.7572
2016;7;17;0;5.80996;155.87888
2016;7;17;6;5.0950017;130.94328
2016;7;17;12;4.2282987;126.50505
2016;7;17;18;3.2029207;140.40529
2016;7;18;0;3.1672184;135.32674
2016;7;18;6;2.3278768;207.39877
2016;7;18;12;1.7840472;176.06186
2016;7;18;18;1.8177797;207.79776
2016;7;19;0;1.7669417;141.41603
2016;7;19;6;2.9162204;129.36485
2016;7;19;12;2.8602488;132.74423
2016;7;19;18;0.44413874;286.2898
2016;7;20;0;1.0105773;353.41205
2016;7;20;6;2.6812224;69.93591
2016;7;20;12;4.015243;58.895447
2016;7;20;18;5.524587;60.35028
2016;7;21;0;7.1800513;83.90997
2016;7;21;6;9.358075;97.123886
2016;7;21;12;9.015923;119.293625
2016;7;21;18;7.6813498;133.32143
2016;7;22;0;6.846062;124.00964
2016;7;22;6;6.097422;126.50377
2016;7;22;12;4.7958417;124.29492
2016;7;22;18;3.1350732;118.91582
2016;7;23;0;4.1760173;88.78189
2016;7;23;6;5.3906636;102.25549
2016;7;23;12;4.6491423;104.06711
2016;7;23;18;4.4609847;126.2057
2016;7;24;0;4.9303865;125.34215
2016;7;24;6;6.0943046;115.40193
2016;7;24;12;6.101773;118.0887
2016;7;24;18;7.0663857;129.13625
2016;7;25;0;7.471799;137.17601
2016;7;25;6;6.9586368;135.69058
2016;7;25;12;5.039266;128.73286
2016;7;25;18;3.3046763;132.63878
2016;7;26;0;4.0917444;117.025055
2016;7;26;6;4.821373;111.49507
2016;7;26;12;4.1967573;111.95607
2016;7;26;18;4.63521;115.71637
2016;7;27;0;5.133215;114.37944
2016;7;27;6;5.800742;116.27367
2016;7;27;12;4.482627;113.53635
2016;7;27;18;3.9010594;123.596466
2016;7;28;0;4.400238;103.35031
2016;7;28;6;4.4475155;97.78015
2016;7;28;12;3.9193032;100.711365
2016;7;28;18;3.5882223;114.14064
2016;7;29;0;4.4124045;133.86873
2016;7;29;6;4.8496885;143.9249
2016;7;29;12;3.568552;151.6235
2016;7;29;18;2.6284978;175.27959
2016;7;30;0;2.9861495;151.52109
2016;7;30;6;2.4314933;133.63928
2016;7;30;12;3.1119854;128.2715
2016;7;30;18;2.5530527;149.14432
2016;7;31;0;4.542467;145.4724
2016;7;31;6;4.184782;137.0901
2016;7;31;12;4.1261334;136.08371
2016;7;31;18;3.73711;143.82304
2017;5;1;0;14.574149;119.079834
2017;5;1;6;10.872467;125.41829
2017;5;1;12;8.907853;110.361206
2017;5;1;18;11.551165;114.943634
2017;5;2;0;14.341497;113.96979
2017;5;2;6;10.396482;120.99094
2017;5;2;12;9.6491995;132.81116
2017;5;2;18;6.7341456;124.7392
2017;5;3;0;5.9541144;116.79605
2017;5;3;6;8.978395;160.39093
2017;5;3;12;9.299011;168.88141
2017;5;3;18;16.822672;150.84317
2017;5;4;0;16.828691;146.77383
2017;5;4;6;13.6242285;147.1918
2017;5;4;12;13.225637;154.69403
2017;5;4;18;14.2848425;154.76674
2017;5;5;0;13.804968;147.36089
2017;5;5;6;12.545589;152.43295
2017;5;5;12;12.933652;150.82153
2017;5;5;18;9.846589;152.9151
2017;5;6;0;8.489236;130.92517
2017;5;6;6;8.641654;131.18697
2017;5;6;12;8.553023;133.24838
2017;5;6;18;7.0323706;151.18123
2017;5;7;0;5.7529693;143.87138
2017;5;7;6;5.975131;145.87144
2017;5;7;12;5.6056414;166.77449
2017;5;7;18;4.8404107;178.03668
2017;5;8;0;5.4888096;186.48111
2017;5;8;6;4.4199324;178.15613
2017;5;8;12;4.7338367;198.28601
2017;5;8;18;6.983094;222.38498
2017;5;9;0;9.045207;238.39038
2017;5;9;6;10.01356;255.80269
2017;5;9;12;10.099719;274.01843
2017;5;9;18;8.299666;317.59464
2017;5;10;0;7.3368173;356.0257
2017;5;10;6;6.784484;66.405334
2017;5;10;12;5.2518816;103.67262
2017;5;10;18;4.3057394;77.92148
2017;5;11;0;4.9083023;98.4229
2017;5;11;6;3.9780898;112.73627
2017;5;11;12;0.75674254;202.38715
2017;5;11;18;4.4327717;313.13632
2017;5;12;0;4.06908;320.75723
2017;5;12;6;0.7899988;345.58615
2017;5;12;12;2.3449278;133.88304
2017;5;12;18;4.6830997;191.34985
2017;5;13;0;7.6522455;165.49393
2017;5;13;6;7.119842;142.27092
2017;5;13;12;5.288636;113.80911
2017;5;13;18;5.229969;109.952484
2017;5;14;0;6.1443167;97.671234
2017;5;14;6;6.7562137;118.075775
2017;5;14;12;4.8588147;124.73949
2017;5;14;18;4.7312093;109.46579
2017;5;15;0;5.7365437;104.30588
2017;5;15;6;5.998134;117.45453
2017;5;15;12;5.5110707;130.05904
2017;5;15;18;3.8481472;144.50668
2017;5;16;0;4.1489515;152.85835
2017;5;16;6;3.3315997;123.042145
2017;5;16;12;3.5481372;102.69765
2017;5;16;18;2.1861575;60.53717
2017;5;17;0;4.0113525;108.48732
2017;5;17;6;4.489602;128.30205
2017;5;17;12;4.8895364;125.74983
2017;5;17;18;4.931105;151.09512
2017;5;18;0;6.3483157;142.14694
2017;5;18;6;8.543262;142.2431
2017;5;18;12;10.529994;157.70038
2017;5;18;18;14.46977;155.43039
2017;5;19;0;14.134966;167.98141
2017;5;19;6;10.8147545;162.10934
2017;5;19;12;11.784621;155.39713
2017;5;19;18;13.4070215;170.8078
2017;5;20;0;10.22011;157.34482
2017;5;20;6;9.4669485;165.91257
2017;5;20;12;8.818203;179.3154
2017;5;20;18;6.8393793;187.68599
2017;5;21;0;5.851779;179.37192
2017;5;21;6;5.0153847;206.76544
2017;5;21;12;3.9569628;197.4977
2017;5;21;18;1.5365981;190.93756
2017;5;22;0;3.8547654;111.213196
2017;5;22;6;6.139871;148.38326
2017;5;22;12;11.445274;165.3552
2017;5;22;18;11.208315;179.81866
2017;5;23;0;7.697748;176.65352
2017;5;23;6;5.3158374;169.95627
2017;5;23;12;5.3512073;149.97424
2017;5;23;18;2.8768647;133.32663
2017;5;24;0;4.4046893;130.72682
2017;5;24;6;4.9318223;130.79504
2017;5;24;12;4.1583524;132.17053
2017;5;24;18;2.2127616;204.88962
2017;5;25;0;2.9064124;141.68024
2017;5;25;6;3.24522;118.77698
2017;5;25;12;2.7382822;82.49609
2017;5;25;18;2.826182;78.06885
2017;5;26;0;4.833815;121.14526
2017;5;26;6;5.817831;120.08615
2017;5;26;12;6.029333;131.32288
2017;5;26;18;4.0131965;128.23799
2017;5;27;0;5.962591;117.70586
2017;5;27;6;6.000181;120.87889
2017;5;27;12;4.218692;119.72316
2017;5;27;18;3.4915187;119.652664
2017;5;28;0;5.354986;154.16354
2017;5;28;6;5.0939245;154.3584
2017;5;28;12;5.663321;146.82315
2017;5;28;18;5.5858707;186.32785
2017;5;29;0;5.6625433;169.43538
2017;5;29;6;5.4127927;172.33665
2017;5;29;12;5.5774097;162.365
2017;5;29;18;4.3044615;181.29724
2017;5;30;0;3.226537;129.69305
2017;5;30;6;4.645152;111.43637
2017;5;30;12;3.3660052;125.5159
2017;5;30;18;6.1665416;139.05666
2017;5;31;0;5.3640203;131.48175
2017;5;31;6;5.0114717;117.44893
2017;5;31;12;4.535697;104.22525
2017;5;31;18;4.614187;122.60831
2017;6;1;0;4.7300587;140.3676
2017;6;1;6;3.7098422;123.96735
2017;6;1;12;3.0345786;95.28912
2017;6;1;18;2.592242;65.03656
2017;6;2;0;5.229407;77.63092
2017;6;2;6;8.065026;92.588394
2017;6;2;12;6.731357;108.96698
2017;6;2;18;4.9602323;134.91011
2017;6;3;0;4.314117;126.503494
2017;6;3;6;3.9865296;107.88216
2017;6;3;12;2.980268;104.17944
2017;6;3;18;2.0797746;105.96214
2017;6;4;0;2.1703033;117.148346
2017;6;4;6;3.601968;110.79314
2017;6;4;12;3.1824846;109.38789
2017;6;4;18;4.5043564;120.73117
2017;6;5;0;6.549064;143.86777
2017;6;5;6;6.7770667;140.72426
2017;6;5;12;6.4272704;157.23563
2017;6;5;18;3.6507542;176.44427
2017;6;6;0;4.146324;129.36546
2017;6;6;6;4.6983404;114.15988
2017;6;6;12;4.006436;111.431625
2017;6;6;18;4.063807;108.67497
2017;6;7;0;4.8731103;127.19098
2017;6;7;6;4.9271917;122.97156
2017;6;7;12;3.9548256;120.618546
2017;6;7;18;2.6013427;120.1543
2017;6;8;0;4.3160324;123.87558
2017;6;8;6;3.7788794;131.21057
2017;6;8;12;2.7686765;138.65219
2017;6;8;18;1.9778104;201.94724
2017;6;9;0;2.8809884;198.1813
2017;6;9;6;3.8068116;207.025
2017;6;9;12;5.476096;194.31389
2017;6;9;18;3.2543976;206.69107
2017;6;10;0;5.3565464;149.9124
2017;6;10;6;6.9848704;148.15137
2017;6;10;12;7.6712346;144.03424
2017;6;10;18;8.002002;144.88492
2017;6;11;0;9.3195305;147.60895
2017;6;11;6;8.535524;149.37045
2017;6;11;12;7.5209723;149.03592
2017;6;11;18;6.774104;148.96713
2017;6;12;0;6.1414013;134.96819
2017;6;12;6;6.641919;119.49353
2017;6;12;12;5.7702494;113.4292
2017;6;12;18;5.3832607;112.43826
2017;6;13;0;6.3238816;103.28737
2017;6;13;6;7.621851;109.07028
2017;6;13;12;5.495623;120.77066
2017;6;13;18;3.8538804;135.25453
2017;6;14;0;3.8081598;124.1062
2017;6;14;6;5.3443494;105.34958
2017;6;14;12;6.435037;100.993256
2017;6;14;18;6.843241;114.4543
2017;6;15;0;6.323814;124.8741
2017;6;15;6;5.2479115;123.527145
2017;6;15;12;4.0833793;110.828705
2017;6;15;18;3.6493602;135.88266
2017;6;16;0;4.4000087;124.589355
2017;6;16;6;5.1612897;124.86452
2017;6;16;12;4.6125603;135.75919
2017;6;16;18;4.295616;138.57721
2017;6;17;0;4.415894;141.93903
2017;6;17;6;4.559656;137.61426
2017;6;17;12;3.2270117;167.56604
2017;6;17;18;2.2421043;268.80118
2017;6;18;0;2.6783397;306.57443
2017;6;18;6;3.8758206;287.90833
2017;6;18;12;2.12218;300.0354
2017;6;18;18;0.86826795;280.0314
2017;6;19;0;1.0641252;86.46234
2017;6;19;6;6.3292546;131.8734
2017;6;19;12;10.222764;156.4218
2017;6;19;18;9.7476225;156.77527
2017;6;20;0;7.1352534;151.60286
2017;6;20;6;4.545765;120.080795
2017;6;20;12;3.158075;75.852356
2017;6;20;18;4.3755865;17.878784
2017;6;21;0;4.895065;31.98465
2017;6;21;6;6.7866173;86.37155
2017;6;21;12;8.625335;118.33598
2017;6;21;18;5.652842;116.13573
2017;6;22;0;4.6695366;100.034424
2017;6;22;6;3.8637688;114.89038
2017;6;22;12;3.662469;114.684616
2017;6;22;18;1.5815873;26.419373
2017;6;23;0;3.9478097;348.97775
2017;6;23;6;1.2820715;48.6131
2017;6;23;12;1.560067;84.28888
2017;6;23;18;0.8392057;304.35452
2017;6;24;0;2.3787613;295.32364
2017;6;24;6;0.4740768;170.49359
2017;6;24;12;2.208693;147.37396
2017;6;24;18;1.8721305;166.04706
2017;6;25;0;3.67711;129.84686
2017;6;25;6;4.732895;116.57771
2017;6;25;12;5.158254;121.20366
2017;6;25;18;5.2465744;131.23991
2017;6;26;0;7.0809903;132.25314
2017;6;26;6;6.3123603;132.97278
2017;6;26;12;4.936725;143.16847
2017;6;26;18;4.04862;147.85672
2017;6;27;0;4.7831616;110.61963
2017;6;27;6;5.4900928;109.67888
2017;6;27;12;5.39718;102.27533
2017;6;27;18;5.3783684;126.33661
2017;6;28;0;4.474988;119.05449
2017;6;28;6;5.8712416;108.50545
2017;6;28;12;5.812078;82.74701
2017;6;28;18;4.8993998;58.302673
2017;6;29;0;4.1603265;70.06494
2017;6;29;6;3.3595004;91.25328
2017;6;29;12;2.4752192;39.993927
2017;6;29;18;3.589829;344.94092
2017;6;30;0;4.535731;25.895966
2017;6;30;6;3.8547444;37.583588
2017;6;30;12;3.2024632;40.04303
2017;6;30;18;1.8975072;318.49957
2017;7;1;0;3.263756;221.2489
2017;7;1;6;4.0552893;219.21146
2017;7;1;12;9.97585;175.22137
2017;7;1;18;7.032032;233.43036
2017;7;2;0;4.7169166;233.49408
2017;7;2;6;3.0563745;234.58537
2017;7;2;12;5.5849767;215.65749
2017;7;2;18;5.64831;281.48648
2017;7;3;0;4.072724;237.23004
2017;7;3;6;4.621739;236.38754
2017;7;3;12;6.4946427;211.65814
2017;7;3;18;5.6357303;202.67587
2017;7;4;0;12.506253;151.44513
2017;7;4;6;9.861863;171.26791
2017;7;4;12;12.348759;154.11652
2017;7;4;18;16.127596;151.2876
2017;7;5;0;14.688063;146.00183
2017;7;5;6;11.648934;148.19763
2017;7;5;12;8.376476;161.4708
2017;7;5;18;5.7330947;159.96098
2017;7;6;0;2.9989455;105.88199
2017;7;6;6;9.159955;113.913635
2017;7;6;12;6.374392;114.09306
2017;7;6;18;5.945949;117.1611
2017;7;7;0;6.063162;122.97218
2017;7;7;6;8.303226;125.11592
2017;7;7;12;6.45428;137.89407
2017;7;7;18;5.1468153;143.42212
2017;7;8;0;5.968069;142.89105
2017;7;8;6;6.84869;140.23456
2017;7;8;12;5.9146557;160.64905
2017;7;8;18;3.6317477;199.53
2017;7;9;0;3.6463506;285.4317
2017;7;9;6;0.1840255;232.90062
2017;7;9;12;2.3811517;77.64011
2017;7;9;18;2.5267515;2.7421875
2017;7;10;0;2.7744124;342.21045
2017;7;10;6;0.51254666;56.51349
2017;7;10;12;2.4678333;126.132965
2017;7;10;18;1.7608395;134.98322
2017;7;11;0;3.4974945;130.29562
2017;7;11;6;4.3390703;125.33409
2017;7;11;12;4.652332;124.13725
2017;7;11;18;4.509431;142.26541
2017;7;12;0;5.2965875;129.17717
2017;7;12;6;4.3340015;132.71114
2017;7;12;12;2.4771416;133.28941
2017;7;12;18;1.4307325;144.99435
2017;7;13;0;4.981995;103.11168
2017;7;13;6;7.173204;121.29472
2017;7;13;12;9.372332;131.0389
2017;7;13;18;8.88742;131.70236
2017;7;14;0;9.676965;127.801956
2017;7;14;6;9.654665;121.53339
2017;7;14;12;8.470272;116.12184
2017;7;14;18;8.305297;118.522675
2017;7;15;0;8.595917;114.629456
2017;7;15;6;6.964804;115.57037
2017;7;15;12;3.9724758;134.79527
2017;7;15;18;3.6155107;153.74625
2017;7;16;0;6.601068;151.44931
2017;7;16;6;10.06191;140.46228
2017;7;16;12;11.041858;139.58876
2017;7;16;18;2.6545618;235.43442
2017;7;17;0;6.0001035;329.4284
2017;7;17;6;2.2177405;59.83191
2017;7;17;12;1.3122513;41.635468
2017;7;17;18;4.320721;331.87592
2017;7;18;0;5.362576;328.66425
2017;7;18;6;3.9007509;306.5033
2017;7;18;12;4.0232396;136.31989
2017;7;18;18;7.24763;142.48361
2017;7;19;0;9.348254;143.96306
2017;7;19;6;12.599896;149.92606
2017;7;19;12;9.761285;159.60696
2017;7;19;18;9.145593;162.54285
2017;7;20;0;9.000217;161.7114
2017;7;20;6;3.2768254;221.02277
2017;7;20;12;5.8795924;286.17682
2017;7;20;18;6.793333;307.18976
2017;7;21;0;3.4609594;319.53497
2017;7;21;6;3.6382327;70.164185
2017;7;21;12;7.4996176;101.631226
2017;7;21;18;7.1705317;111.31505
2017;7;22;0;7.164705;123.75505
2017;7;22;6;6.5517735;119.07555
2017;7;22;12;6.05226;108.37578
2017;7;22;18;1.1557109;165.34064
2017;7;23;0;3.9384112;185.39272
2017;7;23;6;5.6174808;137.55911
2017;7;23;12;8.868429;137.079
2017;7;23;18;8.429277;143.50479
2017;7;24;0;9.167916;140.73148
2017;7;24;6;8.3011265;122.46002
2017;7;24;12;10.612525;123.0475
2017;7;24;18;13.218885;130.51497
2017;7;25;0;12.322643;130.1313
2017;7;25;6;11.005218;118.38005
2017;7;25;12;8.87515;124.3922
2017;7;25;18;5.4362016;110.04097
2017;7;26;0;5.0206394;125.136566
2017;7;26;6;7.460586;117.66162
2017;7;26;12;6.2352676;120.72429
2017;7;26;18;5.503155;110.30403
2017;7;27;0;5.0095625;125.16568
2017;7;27;6;4.087615;125.64143
2017;7;27;12;4.892141;106.76282
2017;7;27;18;3.0932255;97.267395
2017;7;28;0;5.2821016;102.29236
2017;7;28;6;5.521781;107.78813
2017;7;28;12;5.379696;110.43001
2017;7;28;18;5.0515027;115.960724
2017;7;29;0;6.255459;114.50836
2017;7;29;6;6.2962656;116.963425
2017;7;29;12;4.557313;117.89856
2017;7;29;18;2.3197985;103.08243
2017;7;30;0;2.7978635;68.358765
2017;7;30;6;4.680862;98.1122
2017;7;30;12;5.3469334;114.90167
2017;7;30;18;6.0599732;121.574066
2017;7;31;0;6.855272;131.6388
2017;7;31;6;7.0088267;150.10013
2017;7;31;12;6.0886345;158.10336
2017;7;31;18;4.8302503;166.35489
2018;5;1;0;5.624103;119.95424
2018;5;1;6;4.7219367;139.64474
2018;5;1;12;2.0455844;186.26443
2018;5;1;18;8.944691;283.6083
2018;5;2;0;7.3613524;299.81284
2018;5;2;6;6.4205723;298.41364
2018;5;2;12;4.6437764;331.2446
2018;5;2;18;4.2164946;351.0191
2018;5;3;0;5.798957;354.72324
2018;5;3;6;5.38467;356.90216
2018;5;3;12;6.1848745;350.01328
2018;5;3;18;8.720027;331.63257
2018;5;4;0;10.587984;323.24957
2018;5;4;6;10.368394;316.13464
2018;5;4;12;8.611654;316.40356
2018;5;4;18;8.39798;307.379
2018;5;5;0;2.9716084;304.28683
2018;5;5;6;2.5663908;231.00294
2018;5;5;12;4.1132574;193.65831
2018;5;5;18;9.187679;265.8825
2018;5;6;0;5.9243383;280.36545
2018;5;6;6;5.013395;289.8337
2018;5;6;12;6.0638943;305.77075
2018;5;6;18;7.273094;308.32547
2018;5;7;0;1.72537;345.2284
2018;5;7;6;2.9966679;114.20659
2018;5;7;12;3.0226345;117.50282
2018;5;7;18;3.1633544;151.06604
2018;5;8;0;4.6947937;142.37674
2018;5;8;6;5.649503;139.88683
2018;5;8;12;5.516668;141.75597
2018;5;8;18;5.207568;144.0599
2018;5;9;0;4.834909;115.70619
2018;5;9;6;5.265095;104.906525
2018;5;9;12;5.934297;116.674484
2018;5;9;18;7.5498595;113.03963
2018;5;10;0;5.5449367;104.88832
2018;5;10;6;6.733076;107.42638
2018;5;10;12;4.420328;107.85925
2018;5;10;18;3.4767096;99.22742
2018;5;11;0;6.4501443;115.30287
2018;5;11;6;8.30178;140.89563
2018;5;11;12;12.814124;154.95044
2018;5;11;18;16.295996;166.91107
2018;5;12;0;18.146444;161.55559
2018;5;12;6;16.742132;158.61403
2018;5;12;12;18.136986;143.18976
2018;5;12;18;17.647926;143.05673
2018;5;13;0;16.011097;137.98187
2018;5;13;6;12.263368;132.50287
2018;5;13;12;10.85862;109.283676
2018;5;13;18;14.644114;125.96396
2018;5;14;0;12.745978;117.86133
2018;5;14;6;12.695517;104.917816
2018;5;14;12;13.514363;101.872086
2018;5;14;18;11.374424;112.007324
2018;5;15;0;5.3349733;123.82483
2018;5;15;6;3.7975235;140.24924
2018;5;15;12;3.2324274;153.98938
2018;5;15;18;2.972386;189.73013
2018;5;16;0;5.8422155;146.7357
2018;5;16;6;7.7670116;154.40717
2018;5;16;12;8.529549;150.44196
2018;5;16;18;12.707994;135.19272
2018;5;17;0;17.324387;131.94856
2018;5;17;6;17.050573;130.69402
2018;5;17;12;19.460407;122.6539
2018;5;17;18;17.816967;117.26245
2018;5;18;0;12.011993;97.17267
2018;5;18;6;9.204392;64.33664
2018;5;18;12;6.6382384;118.968796
2018;5;18;18;5.563044;114.05113
2018;5;19;0;4.927033;122.01692
2018;5;19;6;4.9315352;110.84172
2018;5;19;12;3.0652118;78.51062
2018;5;19;18;3.0955226;45.734314
2018;5;20;0;3.4926486;40.94635
2018;5;20;6;3.6454625;82.57651
2018;5;20;12;3.5991974;76.01141
2018;5;20;18;1.6778557;359.15964
2018;5;21;0;3.8985434;129.76945
2018;5;21;6;6.9965034;133.52512
2018;5;21;12;8.440242;142.3872
2018;5;21;18;7.9358597;137.47658
2018;5;22;0;8.824016;105.42464
2018;5;22;6;9.783205;101.95268
2018;5;22;12;11.431322;112.29903
2018;5;22;18;11.70846;98.734375
2018;5;23;0;10.096301;97.98755
2018;5;23;6;10.470713;100.59233
2018;5;23;12;7.787674;115.829025
2018;5;23;18;3.6108103;115.052475
2018;5;24;0;5.9782;125.81419
2018;5;24;6;7.029593;149.97153
2018;5;24;12;7.518534;165.38953
2018;5;24;18;3.2280462;179.79922
2018;5;25;0;3.3480742;151.14362
2018;5;25;6;4.322573;111.74776
2018;5;25;12;7.4672437;103.34653
2018;5;25;18;10.875847;123.10127
2018;5;26;0;14.647706;129.34662
2018;5;26;6;10.932047;110.06761
2018;5;26;12;7.913456;130.42274
2018;5;26;18;3.1925247;170.30371
2018;5;27;0;2.7549357;226.54794
2018;5;27;6;3.4022753;263.18393
2018;5;27;12;2.5649214;73.44885
2018;5;27;18;2.9274776;197.03
2018;5;28;0;3.9501257;134.07007
2018;5;28;6;2.1319695;116.064804
2018;5;28;12;2.4143388;97.443344
2018;5;28;18;3.3645723;132.04608
2018;5;29;0;9.698113;135.18826
2018;5;29;6;10.270277;136.67174
2018;5;29;12;10.419387;143.9247
2018;5;29;18;9.468434;137.21307
2018;5;30;0;8.658692;128.61194
2018;5;30;6;8.9337015;133.35521
2018;5;30;12;9.687067;152.23251
2018;5;30;18;9.987468;155.19563
2018;5;31;0;12.093253;154.92201
2018;5;31;6;11.596423;180.10884
2018;5;31;12;9.262879;192.51564
2018;5;31;18;9.06688;199.96826
2018;6;1;0;7.680336;181.65546
2018;6;1;6;9.0541;183.9444
2018;6;1;12;8.995807;191.97623
2018;6;1;18;8.800697;208.95163
2018;6;2;0;8.236545;186.95193
2018;6;2;6;8.194162;203.72452
2018;6;2;12;8.515279;242.0045
2018;6;2;18;6.5897007;224.53601
2018;6;3;0;5.208852;178.26572
2018;6;3;6;5.7703767;196.83136
2018;6;3;12;8.05297;206.75671
2018;6;3;18;8.870457;201.43301
2018;6;4;0;9.661603;179.25436
2018;6;4;6;9.788363;175.21384
2018;6;4;12;11.047468;181.7402
2018;6;4;18;10.584792;179.13736
2018;6;5;0;10.053387;163.7317
2018;6;5;6;11.305026;155.25806
2018;6;5;12;10.974075;155.79715
2018;6;5;18;9.900917;158.375
2018;6;6;0;10.938508;141.75487
2018;6;6;6;11.594316;138.33669
2018;6;6;12;12.265435;138.98178
2018;6;6;18;13.722943;127.39635
2018;6;7;0;13.7304945;132.34279
2018;6;7;6;10.886251;153.59653
2018;6;7;12;9.879172;158.24973
2018;6;7;18;7.8252363;186.27396
2018;6;8;0;2.2478297;181.40372
2018;6;8;6;4.609785;256.9866
2018;6;8;12;2.805053;292.164
2018;6;8;18;2.563351;331.97226
2018;6;9;0;3.3339996;55.92505
2018;6;9;6;4.4299536;92.632965
2018;6;9;12;4.664574;111.22757
2018;6;9;18;4.618149;166.58798
2018;6;10;0;4.8541827;159.5925
2018;6;10;6;4.1249914;156.2897
2018;6;10;12;1.8968726;145.4708
2018;6;10;18;0.9346429;344.48904
2018;6;11;0;3.0502827;85.1608
2018;6;11;6;4.9364057;139.93443
2018;6;11;12;5.652917;150.42686
2018;6;11;18;3.5898738;172.62631
2018;6;12;0;3.0088441;168.86835
2018;6;12;6;2.6501167;129.42984
2018;6;12;12;1.9275676;76.38098
2018;6;12;18;3.084774;354.28635
2018;6;13;0;4.835721;17.43042
2018;6;13;6;3.0373466;50.96582
2018;6;13;12;2.3642817;32.676453
2018;6;13;18;0.6787758;289.66907
2018;6;14;0;0.4008706;160.88419
2018;6;14;6;4.1833305;147.96614
2018;6;14;12;10.078599;166.59059
2018;6;14;18;11.672468;161.43076
2018;6;15;0;7.517885;149.2774
2018;6;15;6;4.7725363;140.28935
2018;6;15;12;2.292295;110.17993
2018;6;15;18;1.3573971;32.263214
2018;6;16;0;2.289325;59.847046
2018;6;16;6;2.57695;149.06616
2018;6;16;12;1.1482707;108.46478
2018;6;16;18;2.127104;246.02386
2018;6;17;0;0.3917357;56.47937
2018;6;17;6;0.27464107;319.02353
2018;6;17;12;2.0305781;53.89612
2018;6;17;18;3.1485026;323.77774
2018;6;18;0;3.0254166;2.8901978
2018;6;18;6;2.0311847;20.669128
2018;6;18;12;2.4663796;47.62744
2018;6;18;18;1.8976177;4.5870667
2018;6;19;0;3.7726624;81.55505
2018;6;19;6;5.568547;107.86543
2018;6;19;12;4.960639;116.5535
2018;6;19;18;5.361238;128.93584
2018;6;20;0;7.411847;125.53587
2018;6;20;6;8.277012;124.72775
2018;6;20;12;10.270652;131.19385
2018;6;20;18;13.8483715;137.28079
2018;6;21;0;14.53772;141.25584
2018;6;21;6;12.46;139.74222
2018;6;21;12;9.595767;142.37032
2018;6;21;18;6.3225355;175.03998
2018;6;22;0;4.567499;177.72345
2018;6;22;6;3.9606538;194.10501
2018;6;22;12;2.6885808;229.82204
2018;6;22;18;3.9411077;138.73897
2018;6;23;0;7.6022263;135.62122
2018;6;23;6;7.636358;139.63695
2018;6;23;12;6.4533515;144.18893
2018;6;23;18;3.832402;196.03056
2018;6;24;0;2.0484402;311.3224
2018;6;24;6;2.0586712;14.797607
2018;6;24;12;2.3705003;39.69934
2018;6;24;18;1.8309021;173.57077
2018;6;25;0;2.3708858;16.525665
2018;6;25;6;1.1706707;317.1471
2018;6;25;12;2.67361;315.54166
2018;6;25;18;6.2301364;308.8805
2018;6;26;0;3.0123324;326.74332
2018;6;26;6;0.6015814;40.76642
2018;6;26;12;4.6234097;79.82086
2018;6;26;18;2.125943;99.27939
2018;6;27;0;4.2365923;142.79303
2018;6;27;6;5.0062556;151.52664
2018;6;27;12;5.560347;146.16911
2018;6;27;18;4.8648896;143.33786
2018;6;28;0;8.336465;120.89783
2018;6;28;6;12.578745;121.62488
2018;6;28;12;14.135305;121.7195
2018;6;28;18;16.822195;132.5166
2018;6;29;0;10.625072;153.05362
2018;6;29;6;6.0709047;144.75342
2018;6;29;12;7.309056;159.50781
2018;6;29;18;4.7198586;197.71187
2018;6;30;0;0.93657404;144.88297
2018;6;30;6;2.880153;157.73372
2018;6;30;12;8.3023615;142.65092
2018;6;30;18;13.168793;145.20773
2018;7;1;0;17.087276;158.4676
2018;7;1;6;12.468237;173.9886
2018;7;1;12;7.2473183;160.98004
2018;7;1;18;4.4209285;136.01567
2018;7;2;0;3.1363518;120.90994
2018;7;2;6;3.3273098;91.01849
2018;7;2;12;1.8382199;98.18202
2018;7;2;18;3.766086;210.01083
2018;7;3;0;2.6670775;193.16168
2018;7;3;6;2.7760134;172.96939
2018;7;3;12;4.087671;180.19342
2018;7;3;18;3.3259933;178.56503
2018;7;4;0;4.4595556;149.32455
2018;7;4;6;6.6540627;139.35057
2018;7;4;12;8.385305;145.87589
2018;7;4;18;10.218566;149.9524
2018;7;5;0;10.281925;160.34158
2018;7;5;6;9.2570305;154.14365
2018;7;5;12;8.540901;166.89566
2018;7;5;18;6.197714;181.69246
2018;7;6;0;4.134384;169.04852
2018;7;6;6;3.8811383;146.87552
2018;7;6;12;4.7069664;176.30246
2018;7;6;18;3.2487824;215.31453
2018;7;7;0;0.4938547;17.414093
2018;7;7;6;1.4090384;122.54143
2018;7;7;12;5.6253133;136.7061
2018;7;7;18;8.528864;171.89265
2018;7;8;0;8.9490385;156.45706
2018;7;8;6;8.773067;150.82217
2018;7;8;12;10.449772;161.65619
2018;7;8;18;8.836718;162.72415
2018;7;9;0;4.451191;161.93246
2018;7;9;6;2.8937836;205.71927
2018;7;9;12;7.1719055;289.0262
2018;7;9;18;5.254488;296.82654
2018;7;10;0;1.503654;20.415344
2018;7;10;6;1.7737577;49.918
2018;7;10;12;3.7812114;64.70001
2018;7;10;18;1.5887432;145.1376
2018;7;11;0;4.5236707;156.4566
2018;7;11;6;4.2712216;203.55565
2018;7;11;12;3.2147744;215.73325
2018;7;11;18;2.4351275;222.21936
2018;7;12;0;5.7187386;152.17256
2018;7;12;6;6.3231554;155.63965
2018;7;12;12;6.279697;157.2262
2018;7;12;18;3.9265304;301.56113
2018;7;13;0;4.498414;335.02496
2018;7;13;6;4.5583863;2.0730896
2018;7;13;12;5.4276133;13.842834
2018;7;13;18;3.401152;32.085907
2018;7;14;0;2.183784;50.045715
2018;7;14;6;1.9599361;207.45422
2018;7;14;12;4.0234413;238.92973
2018;7;14;18;5.492951;265.27548
2018;7;15;0;4.783239;281.67984
2018;7;15;6;2.5267475;311.02646
2018;7;15;12;0.87659436;213.82263
2018;7;15;18;2.694377;191.94461
2018;7;16;0;5.2866387;188.61417
2018;7;16;6;5.7789526;178.68001
2018;7;16;12;5.390589;180.6989
2018;7;16;18;4.058594;198.57027
2018;7;17;0;5.74316;147.59213
2018;7;17;6;5.8753495;185.48862
2018;7;17;12;5.816324;206.50864
2018;7;17;18;5.676146;245.9792
2018;7;18;0;4.7402434;234.59354
2018;7;18;6;6.0992765;254.422
2018;7;18;12;4.5639005;282.58115
2018;7;18;18;5.2209973;286.55737
2018;7;19;0;1.9011801;256.44183
2018;7;19;6;3.6631324;164.76486
2018;7;19;12;9.163805;158.74652
2018;7;19;18;9.681457;145.84732
2018;7;20;0;7.853979;213.45334
2018;7;20;6;7.3640633;254.91345
2018;7;20;12;5.5506945;295.06567
2018;7;20;18;5.619183;323.01746
2018;7;21;0;3.05107;20.91687
2018;7;21;6;2.2983024;5.591736
2018;7;21;12;2.574496;19.568115
2018;7;21;18;3.6780777;324.68182
2018;7;22;0;4.0598702;356.5403
2018;7;22;6;4.247154;355.36404
2018;7;22;12;4.9363904;346.24603
2018;7;22;18;6.6147065;331.17154
2018;7;23;0;5.908925;328.84756
2018;7;23;6;6.529114;328.3938
2018;7;23;12;4.6200986;347.2492
2018;7;23;18;3.450957;336.23917
2018;7;24;0;4.437903;144.99535
2018;7;24;6;7.115705;131.6313
2018;7;24;12;9.492196;122.29993
2018;7;24;18;6.6118464;134.17813
2018;7;25;0;4.879553;112.893524
2018;7;25;6;3.2979321;94.2948
2018;7;25;12;2.37834;99.946106
2018;7;25;18;2.6136189;195.90085
2018;7;26;0;4.117354;178.97757
2018;7;26;6;5.813126;178.35286
2018;7;26;12;7.8028107;176.30753
2018;7;26;18;8.021763;223.38599
2018;7;27;0;7.010819;219.04349
2018;7;27;6;6.9327984;181.74341
2018;7;27;12;9.222806;177.18948
2018;7;27;18;8.361539;174.02542
2018;7;28;0;9.048903;165.29976
2018;7;28;6;5.800476;172.91563
2018;7;28;12;7.8027053;162.04102
2018;7;28;18;5.2919626;137.75151
2018;7;29;0;5.2281127;111.72563
2018;7;29;6;4.7074575;99.18663
2018;7;29;12;5.1646814;100.441666
2018;7;29;18;3.6643388;134.33769
2018;7;30;0;4.6563215;137.5094
2018;7;30;6;4.2920976;131.19661
2018;7;30;12;4.6084633;109.83392
2018;7;30;18;4.503694;105.48186
2018;7;31;0;6.6486754;141.48071
2018;7;31;6;7.372598;133.8407
2018;7;31;12;6.931493;123.81178
2018;7;31;18;2.6293497;213.52777
