Year;Month;Day;Hour(utc);301;365
2008;5;1;0;4.4781623;223.2852
2008;5;1;6;4.2461367;215.24542
2008;5;1;12;3.7943776;224.02124
2008;5;1;18;3.9748986;257.26636
2008;5;2;0;2.6508312;58.79416
2008;5;2;6;6.554027;93.14542
2008;5;2;12;11.181027;95.22394
2008;5;2;18;9.503668;106.831924
2008;5;3;0;11.560547;103.27324
2008;5;3;6;12.840658;102.235855
2008;5;3;12;11.756981;118.673035
2008;5;3;18;10.776564;134.93661
2008;5;4;0;9.532384;142.1849
2008;5;4;6;7.542558;135.4611
2008;5;4;12;6.805779;126.62625
2008;5;4;18;6.9169436;119.09833
2008;5;5;0;10.011707;107.80681
2008;5;5;6;12.105145;102.67262
2008;5;5;12;11.984937;106.36156
2008;5;5;18;11.723992;118.288864
2008;5;6;0;10.671887;125.844925
2008;5;6;6;10.336882;129.58868
2008;5;6;12;9.230123;133.57668
2008;5;6;18;7.3354025;133.79196
2008;5;7;0;8.12398;118.564224
2008;5;7;6;7.970749;109.38811
2008;5;7;12;6.08616;111.8689
2008;5;7;18;3.7016225;122.409515
2008;5;8;0;6.027539;96.24788
2008;5;8;6;6.509676;100.16135
2008;5;8;12;5.967867;105.80919
2008;5;8;18;3.8596053;146.68294
2008;5;9;0;4.839115;140.61522
2008;5;9;6;4.889712;145.27536
2008;5;9;12;4.2438827;114.90929
2008;5;9;18;6.920771;100.59744
2008;5;10;0;13.045368;101.08571
2008;5;10;6;14.04326;99.49109
2008;5;10;12;13.133083;103.285385
2008;5;10;18;11.254158;111.09352
2008;5;11;0;11.582725;103.94722
2008;5;11;6;11.2597275;107.34035
2008;5;11;12;8.926531;110.77942
2008;5;11;18;9.427454;110.48903
2008;5;12;0;9.394542;127.34479
2008;5;12;6;8.832082;135.5229
2008;5;12;12;7.1188736;139.53975
2008;5;12;18;5.94892;131.47182
2008;5;13;0;7.9737444;120.13045
2008;5;13;6;8.560232;125.59381
2008;5;13;12;7.6723366;137.20311
2008;5;13;18;5.7228837;143.8435
2008;5;14;0;7.433504;120.64937
2008;5;14;6;8.752221;122.22319
2008;5;14;12;8.867185;128.39992
2008;5;14;18;8.640332;124.10399
2008;5;15;0;8.064762;130.97528
2008;5;15;6;6.1523542;134.4765
2008;5;15;12;3.16333;205.03786
2008;5;15;18;1.8244845;250.7804
2008;5;16;0;3.4173546;132.60307
2008;5;16;6;4.757948;94.07179
2008;5;16;12;4.7313457;93.66289
2008;5;16;18;1.1598587;199.50389
2008;5;17;0;6.455557;107.403564
2008;5;17;6;6.86914;116.8378
2008;5;17;12;7.5897512;122.61026
2008;5;17;18;5.7397285;141.04245
2008;5;18;0;6.718216;124.51849
2008;5;18;6;4.991613;143.56686
2008;5;18;12;4.7623324;188.72763
2008;5;18;18;4.137787;233.20833
2008;5;19;0;3.6803472;181.14594
2008;5;19;6;2.960451;220.50078
2008;5;19;12;5.9524193;213.63971
2008;5;19;18;6.3123703;237.18224
2008;5;20;0;4.738863;213.02423
2008;5;20;6;4.767795;215.46896
2008;5;20;12;8.44834;214.84875
2008;5;20;18;8.989249;227.69148
2008;5;21;0;6.7089324;217.91324
2008;5;21;6;6.635118;223.49353
2008;5;21;12;4.925701;221.26523
2008;5;21;18;1.6779401;296.2752
2008;5;22;0;2.8261056;46.817932
2008;5;22;6;4.1339493;85.02457
2008;5;22;12;1.6861762;136.11006
2008;5;22;18;1.3013524;154.61299
2008;5;23;0;5.4359403;97.659454
2008;5;23;6;8.10242;111.783905
2008;5;23;12;9.403831;126.37158
2008;5;23;18;7.7494974;147.69623
2008;5;24;0;7.706672;143.32663
2008;5;24;6;7.296205;132.13696
2008;5;24;12;7.033689;139.17268
2008;5;24;18;5.448865;147.7331
2008;5;25;0;7.988988;128.62274
2008;5;25;6;11.389058;132.50127
2008;5;25;12;14.061323;145.13034
2008;5;25;18;12.985895;155.75952
2008;5;26;0;12.397278;150.51285
2008;5;26;6;11.694861;141.86005
2008;5;26;12;12.190028;148.38971
2008;5;26;18;8.768745;167.72261
2008;5;27;0;4.98593;140.63228
2008;5;27;6;6.9883294;122.44551
2008;5;27;12;9.361196;139.1148
2008;5;27;18;7.69512;148.06998
2008;5;28;0;10.502771;139.29915
2008;5;28;6;9.66626;143.9205
2008;5;28;12;9.152241;135.75113
2008;5;28;18;10.004039;139.52455
2008;5;29;0;14.644898;135.7742
2008;5;29;6;15.884014;130.89804
2008;5;29;12;18.331238;129.0899
2008;5;29;18;16.62237;122.261856
2008;5;30;0;14.865904;124.691574
2008;5;30;6;12.570544;122.67215
2008;5;30;12;10.450061;150.26627
2008;5;30;18;8.413827;173.50928
2008;5;31;0;9.104262;159.16452
2008;5;31;6;4.381678;145.87183
2008;5;31;12;7.5885425;126.63133
2008;5;31;18;5.2341084;122.04285
2008;6;1;0;7.5038047;121.54878
2008;6;1;6;8.012199;119.407364
2008;6;1;12;8.537838;129.0493
2008;6;1;18;5.187515;138.74709
2008;6;2;0;5.7755375;121.77406
2008;6;2;6;6.2579637;115.469666
2008;6;2;12;5.2102118;137.94452
2008;6;2;18;3.6024907;143.25993
2008;6;3;0;7.062461;117.68686
2008;6;3;6;8.1115675;119.45854
2008;6;3;12;9.801749;126.0807
2008;6;3;18;7.5668354;111.61905
2008;6;4;0;8.972516;93.48312
2008;6;4;6;10.540033;101.46846
2008;6;4;12;9.3080015;115.25313
2008;6;4;18;8.549133;99.42963
2008;6;5;0;9.255183;114.67723
2008;6;5;6;11.211037;139.24089
2008;6;5;12;10.046618;131.25655
2008;6;5;18;5.6816273;107.85573
2008;6;6;0;5.2505794;103.1001
2008;6;6;6;7.789552;107.75229
2008;6;6;12;7.383891;119.91963
2008;6;6;18;4.8832464;133.86331
2008;6;7;0;7.767063;119.107025
2008;6;7;6;10.826469;123.604355
2008;6;7;12;10.582053;141.6029
2008;6;7;18;7.883162;152.34702
2008;6;8;0;8.7543545;144.10681
2008;6;8;6;9.4132185;145.13042
2008;6;8;12;9.426989;145.16858
2008;6;8;18;7.703375;135.75177
2008;6;9;0;10.220177;112.60356
2008;6;9;6;11.854112;113.19765
2008;6;9;12;11.683448;119.31845
2008;6;9;18;10.059281;127.38646
2008;6;10;0;10.681203;123.14316
2008;6;10;6;10.925952;117.92407
2008;6;10;12;10.106747;126.34003
2008;6;10;18;6.1014023;139.68774
2008;6;11;0;7.366761;127.137054
2008;6;11;6;8.220221;119.85126
2008;6;11;12;7.990526;129.14183
2008;6;11;18;5.8054624;140.25755
2008;6;12;0;7.339077;116.36191
2008;6;12;6;9.550228;111.854095
2008;6;12;12;11.193544;113.80713
2008;6;12;18;10.621866;129.40816
2008;6;13;0;8.945215;127.48886
2008;6;13;6;10.271596;129.7041
2008;6;13;12;8.778446;139.42278
2008;6;13;18;9.370723;146.80469
2008;6;14;0;10.090152;164.41217
2008;6;14;6;6.815314;212.15237
2008;6;14;12;4.941171;228.46
2008;6;14;18;4.3909593;228.09033
2008;6;15;0;1.3989407;135.17502
2008;6;15;6;4.020016;107.535324
2008;6;15;12;4.7575493;109.44034
2008;6;15;18;3.5659437;107.92549
2008;6;16;0;5.4654574;103.88353
2008;6;16;6;7.6169095;110.022995
2008;6;16;12;8.7201805;117.90689
2008;6;16;18;6.7980127;134.12085
2008;6;17;0;5.1365013;135.80617
2008;6;17;6;3.9388065;150.07646
2008;6;17;12;5.591176;139.94907
2008;6;17;18;4.687449;143.19751
2008;6;18;0;6.456255;139.3115
2008;6;18;6;7.4350324;158.0216
2008;6;18;12;5.1488028;187.36674
2008;6;18;18;6.2031503;201.43616
2008;6;19;0;5.6329236;238.73134
2008;6;19;6;2.7945755;252.97684
2008;6;19;12;2.1460028;7.7550964
2008;6;19;18;4.455972;306.00204
2008;6;20;0;1.8350476;45.17813
2008;6;20;6;5.3639917;126.54912
2008;6;20;12;7.442656;128.68942
2008;6;20;18;2.4794602;159.22119
2008;6;21;0;2.3783965;135.98837
2008;6;21;6;3.7038321;113.62741
2008;6;21;12;6.0208826;108.02916
2008;6;21;18;3.621888;108.92268
2008;6;22;0;6.4560313;93.935776
2008;6;22;6;9.055331;97.93034
2008;6;22;12;9.354312;111.342224
2008;6;22;18;7.2656593;116.00238
2008;6;23;0;8.340702;103.71452
2008;6;23;6;9.830431;103.68968
2008;6;23;12;9.941381;108.76077
2008;6;23;18;8.201315;117.0309
2008;6;24;0;9.163639;107.427155
2008;6;24;6;10.6015835;105.80527
2008;6;24;12;9.155269;109.121506
2008;6;24;18;8.131847;108.165436
2008;6;25;0;10.212739;106.86566
2008;6;25;6;12.02805;107.94829
2008;6;25;12;9.738507;117.94818
2008;6;25;18;7.237388;123.18352
2008;6;26;0;8.19275;107.68884
2008;6;26;6;10.268333;104.64746
2008;6;26;12;10.220369;106.663864
2008;6;26;18;8.731253;100.108536
2008;6;27;0;9.536844;93.20152
2008;6;27;6;12.155878;95.83522
2008;6;27;12;12.668194;99.482544
2008;6;27;18;11.07217;103.72661
2008;6;28;0;10.547302;106.34715
2008;6;28;6;11.585119;112.28705
2008;6;28;12;7.978247;125.607376
2008;6;28;18;5.2656126;137.3401
2008;6;29;0;6.0776014;136.84735
2008;6;29;6;7.970737;124.74199
2008;6;29;12;7.6948013;122.17651
2008;6;29;18;5.44343;129.14386
2008;6;30;0;6.5991883;108.24811
2008;6;30;6;7.7714124;105.44499
2008;6;30;12;6.9566717;119.60881
2008;6;30;18;3.7152245;127.45871
2008;7;1;0;4.8156967;104.53935
2008;7;1;6;5.4385223;99.45943
2008;7;1;12;5.109866;117.55934
2008;7;1;18;3.19495;133.69934
2008;7;2;0;5.5538707;109.38278
2008;7;2;6;7.080073;111.60463
2008;7;2;12;10.317825;114.91292
2008;7;2;18;7.509409;117.0072
2008;7;3;0;8.736132;115.01868
2008;7;3;6;9.613019;109.12305
2008;7;3;12;7.9141803;113.55307
2008;7;3;18;6.229524;127.28696
2008;7;4;0;10.750772;119.464905
2008;7;4;6;11.366527;119.00548
2008;7;4;12;11.512865;126.283966
2008;7;4;18;9.344852;124.58984
2008;7;5;0;10.852679;112.54341
2008;7;5;6;11.580017;119.75096
2008;7;5;12;11.428725;124.9973
2008;7;5;18;8.378985;134.49173
2008;7;6;0;8.6216955;134.21458
2008;7;6;6;9.008088;126.93703
2008;7;6;12;9.754998;127.22955
2008;7;6;18;5.491642;134.13881
2008;7;7;0;6.031521;117.73656
2008;7;7;6;6.7423596;108.946
2008;7;7;12;8.913089;114.14612
2008;7;7;18;7.395644;115.95488
2008;7;8;0;9.205298;104.49913
2008;7;8;6;9.46705;120.75844
2008;7;8;12;8.274213;141.47682
2008;7;8;18;6.873011;134.79086
2008;7;9;0;9.024274;119.73273
2008;7;9;6;11.195944;120.886566
2008;7;9;12;11.401412;128.26648
2008;7;9;18;7.933632;135.77687
2008;7;10;0;7.3002315;125.781876
2008;7;10;6;7.6706123;121.32112
2008;7;10;12;5.4885464;134.74055
2008;7;10;18;4.117798;178.29382
2008;7;11;0;3.988561;172.218
2008;7;11;6;4.225514;165.63031
2008;7;11;12;4.8660026;154.72108
2008;7;11;18;5.439494;117.993195
2008;7;12;0;8.504736;102.10179
2008;7;12;6;11.4442835;112.140045
2008;7;12;12;10.194371;132.51346
2008;7;12;18;3.946663;209.63528
2008;7;13;0;3.1687407;190.9527
2008;7;13;6;3.3970618;205.88515
2008;7;13;12;2.183279;221.52284
2008;7;13;18;2.2627509;238.84134
2008;7;14;0;1.7408019;199.52621
2008;7;14;6;2.340481;185.46893
2008;7;14;12;2.560007;205.0823
2008;7;14;18;2.4355547;189.7368
2008;7;15;0;1.1087134;137.39273
2008;7;15;6;4.7033124;102.80142
2008;7;15;12;3.3267345;126.81543
2008;7;15;18;2.2131996;98.04532
2008;7;16;0;5.094119;93.777374
2008;7;16;6;7.642017;109.13013
2008;7;16;12;8.847984;116.12845
2008;7;16;18;7.2526097;116.2162
2008;7;17;0;8.266761;110.42935
2008;7;17;6;9.671279;111.75688
2008;7;17;12;7.768438;122.97777
2008;7;17;18;5.059297;130.01501
2008;7;18;0;5.812585;119.30533
2008;7;18;6;6.5624943;112.49646
2008;7;18;12;6.301853;122.49025
2008;7;18;18;5.3342137;114.15021
2008;7;19;0;8.287683;95.48534
2008;7;19;6;8.938584;101.55673
2008;7;19;12;7.464365;114.02219
2008;7;19;18;5.4226065;122.76956
2008;7;20;0;7.1517277;113.224335
2008;7;20;6;8.078803;109.574875
2008;7;20;12;6.4548345;116.48625
2008;7;20;18;3.6545737;147.75363
2008;7;21;0;5.0771194;149.85071
2008;7;21;6;4.61178;174.7138
2008;7;21;12;5.540681;247.09349
2008;7;21;18;6.1620913;305.40417
2008;7;22;0;1.8277973;295.12817
2008;7;22;6;2.9052641;245.90779
2008;7;22;12;5.250573;322.78763
2008;7;22;18;6.1185675;313.2469
2008;7;23;0;3.8076754;348.32904
2008;7;23;6;4.08149;358.20145
2008;7;23;12;5.284908;81.44476
2008;7;23;18;8.95644;108.97623
2008;7;24;0;8.755551;100.23418
2008;7;24;6;10.664596;117.15315
2008;7;24;12;9.682044;130.51653
2008;7;24;18;8.460998;139.57213
2008;7;25;0;7.9688654;136.42714
2008;7;25;6;8.631994;140.21095
2008;7;25;12;8.154143;149.5737
2008;7;25;18;5.6728683;148.13791
2008;7;26;0;5.7784595;124.15544
2008;7;26;6;6.75813;112.61621
2008;7;26;12;7.0703654;116.43643
2008;7;26;18;5.183799;119.793365
2008;7;27;0;6.8821034;111.75014
2008;7;27;6;10.429139;147.92624
2008;7;27;12;12.05812;136.03069
2008;7;27;18;9.413473;146.7657
2008;7;28;0;9.1082325;132.59837
2008;7;28;6;9.713461;111.92319
2008;7;28;12;8.591376;111.69638
2008;7;28;18;6.851572;121.038055
2008;7;29;0;8.271801;117.59961
2008;7;29;6;11.070934;126.472305
2008;7;29;12;11.74857;136.14705
2008;7;29;18;9.220673;146.07831
2008;7;30;0;8.085373;129.81168
2008;7;30;6;8.748412;121.52835
2008;7;30;12;7.628659;131.4836
2008;7;30;18;5.2756863;120.55119
2008;7;31;0;6.4458876;98.087906
2008;7;31;6;8.961817;106.431854
2008;7;31;12;8.243909;121.24849
2008;7;31;18;6.850972;128.60362
2009;5;1;0;6.7721033;130.40544
2009;5;1;6;7.9528594;130.01123
2009;5;1;12;7.695122;131.14404
2009;5;1;18;4.1212163;134.35947
2009;5;2;0;4.3426156;114.690155
2009;5;2;6;5.7377844;116.24733
2009;5;2;12;8.7881;111.99339
2009;5;2;18;10.665416;129.01976
2009;5;3;0;12.135842;140.39734
2009;5;3;6;10.173641;160.13734
2009;5;3;12;7.39573;146.4238
2009;5;3;18;3.361268;186.38567
2009;5;4;0;4.765999;179.75427
2009;5;4;6;6.2571945;170.9748
2009;5;4;12;6.0791383;167.35838
2009;5;4;18;2.8376954;159.46886
2009;5;5;0;5.0255556;106.43431
2009;5;5;6;6.79826;115.34984
2009;5;5;12;8.074473;118.324356
2009;5;5;18;6.6862745;133.2698
2009;5;6;0;8.509663;113.926254
2009;5;6;6;7.3065515;116.01225
2009;5;6;12;6.6028624;125.12456
2009;5;6;18;3.742878;129.87701
2009;5;7;0;5.4328094;115.686844
2009;5;7;6;4.924869;118.98891
2009;5;7;12;4.1080465;122.03883
2009;5;7;18;3.0064883;130.03665
2009;5;8;0;6.85428;108.05533
2009;5;8;6;9.7383175;108.74353
2009;5;8;12;12.693162;121.855835
2009;5;8;18;12.030175;164.32434
2009;5;9;0;13.3963995;174.35806
2009;5;9;6;11.166215;174.68591
2009;5;9;12;9.581084;183.7643
2009;5;9;18;3.5685377;248.67178
2009;5;10;0;2.021642;205.92679
2009;5;10;6;3.6727624;105.484314
2009;5;10;12;6.1299567;99.27464
2009;5;10;18;3.8741841;89.89783
2009;5;11;0;6.6314692;83.63541
2009;5;11;6;4.998552;98.08345
2009;5;11;12;2.9188147;135.49666
2009;5;11;18;1.6979773;102.01747
2009;5;12;0;5.707737;101.80968
2009;5;12;6;9.19831;102.41757
2009;5;12;12;8.937235;118.43829
2009;5;12;18;5.0101466;121.552826
2009;5;13;0;3.769618;119.54295
2009;5;13;6;2.8389328;103.27896
2009;5;13;12;0.43255302;68.67749
2009;5;13;18;1.3250377;283.56915
2009;5;14;0;2.0722678;164.16174
2009;5;14;6;9.071928;117.91943
2009;5;14;12;8.540353;132.9232
2009;5;14;18;6.9171405;153.04459
2009;5;15;0;10.004354;148.99553
2009;5;15;6;9.946748;139.65266
2009;5;15;12;9.896955;146.83478
2009;5;15;18;8.641013;161.31
2009;5;16;0;9.313669;128.49403
2009;5;16;6;11.41332;117.803635
2009;5;16;12;11.180598;117.49873
2009;5;16;18;10.253406;129.9022
2009;5;17;0;11.572152;123.17352
2009;5;17;6;12.826879;126.680405
2009;5;17;12;10.306353;133.90042
2009;5;17;18;8.730489;143.93811
2009;5;18;0;8.965805;130.01587
2009;5;18;6;9.466497;132.00502
2009;5;18;12;8.865005;131.93993
2009;5;18;18;10.759078;138.1348
2009;5;19;0;11.537355;140.66684
2009;5;19;6;11.2679615;142.88403
2009;5;19;12;10.705996;150.35388
2009;5;19;18;5.9224777;187.24252
2009;5;20;0;5.1113048;163.60007
2009;5;20;6;3.8635743;109.08188
2009;5;20;12;6.3786483;126.51738
2009;5;20;18;5.7379217;129.94862
2009;5;21;0;6.922992;106.94194
2009;5;21;6;9.4347;122.113144
2009;5;21;12;11.154331;130.0391
2009;5;21;18;8.316138;137.74529
2009;5;22;0;8.961859;127.931946
2009;5;22;6;11.180239;119.234955
2009;5;22;12;10.697734;118.500656
2009;5;22;18;10.508146;127.502075
2009;5;23;0;12.011254;121.476654
2009;5;23;6;12.374038;109.12964
2009;5;23;12;11.456944;108.186844
2009;5;23;18;10.381033;108.273834
2009;5;24;0;11.361581;96.94618
2009;5;24;6;12.680979;104.05313
2009;5;24;12;10.643462;111.31616
2009;5;24;18;6.958941;99.23045
2009;5;25;0;7.9997873;93.79268
2009;5;25;6;8.050503;97.908646
2009;5;25;12;6.448351;109.34926
2009;5;25;18;6.4133477;111.66333
2009;5;26;0;9.256204;111.95627
2009;5;26;6;10.046902;110.531525
2009;5;26;12;8.709129;125.72786
2009;5;26;18;5.5168037;138.88391
2009;5;27;0;4.874464;116.04744
2009;5;27;6;5.4105873;118.59206
2009;5;27;12;6.68118;113.8642
2009;5;27;18;6.5476317;112.61401
2009;5;28;0;10.4523945;114.03522
2009;5;28;6;11.336329;117.61395
2009;5;28;12;8.972468;123.99844
2009;5;28;18;5.310544;135.36508
2009;5;29;0;5.0958276;135.00711
2009;5;29;6;3.6803212;121.19345
2009;5;29;12;3.4429157;120.22194
2009;5;29;18;3.256065;131.77841
2009;5;30;0;6.918286;108.19954
2009;5;30;6;9.352314;110.33778
2009;5;30;12;10.540736;114.22046
2009;5;30;18;8.589922;123.18648
2009;5;31;0;8.244377;128.5479
2009;5;31;6;6.9884367;133.5564
2009;5;31;12;5.884254;134.53326
2009;5;31;18;5.643983;143.12149
2009;6;1;0;7.293278;140.36339
2009;6;1;6;7.08017;142.30565
2009;6;1;12;7.8713713;127.049484
2009;6;1;18;8.665976;163.98593
2009;6;2;0;7.08198;143.78253
2009;6;2;6;7.5236287;158.30406
2009;6;2;12;8.995594;174.86911
2009;6;2;18;7.648247;177.16536
2009;6;3;0;4.010582;176.87863
2009;6;3;6;4.5950484;122.08902
2009;6;3;12;6.158525;119.08342
2009;6;3;18;8.71077;106.02339
2009;6;4;0;10.082658;127.953766
2009;6;4;6;11.365568;129.90843
2009;6;4;12;11.514737;137.04628
2009;6;4;18;6.8349495;174.18542
2009;6;5;0;4.0938215;154.15549
2009;6;5;6;7.305249;128.53873
2009;6;5;12;7.2265153;166.99881
2009;6;5;18;6.692124;177.18515
2009;6;6;0;6.7261024;160.90662
2009;6;6;6;7.6207457;156.62955
2009;6;6;12;8.739159;167.75198
2009;6;6;18;6.758677;178.2975
2009;6;7;0;6.305655;159.61215
2009;6;7;6;6.045029;167.53946
2009;6;7;12;4.064099;225.02612
2009;6;7;18;2.4875205;191.88403
2009;6;8;0;4.0452695;149.55219
2009;6;8;6;4.819871;139.8392
2009;6;8;12;4.730557;148.79236
2009;6;8;18;2.5529618;154.93445
2009;6;9;0;5.8309717;135.69376
2009;6;9;6;7.198006;166.02089
2009;6;9;12;6.939245;196.60432
2009;6;9;18;4.5622263;218.29819
2009;6;10;0;1.5383263;264.4679
2009;6;10;6;2.6973572;160.93164
2009;6;10;12;5.4756613;154.75717
2009;6;10;18;1.792723;194.98686
2009;6;11;0;2.3548036;115.34456
2009;6;11;6;5.976447;114.06784
2009;6;11;12;6.0726843;119.10205
2009;6;11;18;5.656736;116.73915
2009;6;12;0;6.4722576;114.29573
2009;6;12;6;6.408784;118.71597
2009;6;12;12;4.5561075;126.99829
2009;6;12;18;1.270526;175.87502
2009;6;13;0;3.3717513;109.189575
2009;6;13;6;5.6554627;107.0114
2009;6;13;12;6.863309;120.21515
2009;6;13;18;4.3765297;128.84811
2009;6;14;0;5.771857;116.14813
2009;6;14;6;7.5612187;116.64624
2009;6;14;12;8.546572;125.96463
2009;6;14;18;5.947838;147.67566
2009;6;15;0;7.852065;135.07526
2009;6;15;6;9.757803;133.26959
2009;6;15;12;9.576742;135.98405
2009;6;15;18;8.105545;134.3405
2009;6;16;0;9.001176;120.36441
2009;6;16;6;10.314536;116.45235
2009;6;16;12;9.167561;126.69621
2009;6;16;18;7.316424;126.52513
2009;6;17;0;7.5283837;118.712036
2009;6;17;6;8.635775;112.112976
2009;6;17;12;7.474653;121.69298
2009;6;17;18;5.893835;132.84212
2009;6;18;0;7.3787084;115.470505
2009;6;18;6;8.898758;116.66345
2009;6;18;12;9.116174;119.73239
2009;6;18;18;7.4628415;122.67401
2009;6;19;0;8.81604;118.87152
2009;6;19;6;10.117099;125.08313
2009;6;19;12;12.508913;142.4926
2009;6;19;18;11.628405;141.38345
2009;6;20;0;11.955424;129.36119
2009;6;20;6;9.9730215;120.6763
2009;6;20;12;7.114125;131.74136
2009;6;20;18;3.633814;153.18964
2009;6;21;0;4.41791;157.85754
2009;6;21;6;4.2299275;131.24687
2009;6;21;12;3.5979416;129.12773
2009;6;21;18;1.3922498;256.14005
2009;6;22;0;2.0584757;43.540833
2009;6;22;6;2.4666727;123.16785
2009;6;22;12;3.6859093;130.0599
2009;6;22;18;2.0184486;148.33398
2009;6;23;0;5.565406;115.15172
2009;6;23;6;8.25077;114.15059
2009;6;23;12;9.178836;126.747925
2009;6;23;18;6.738602;134.5322
2009;6;24;0;8.433233;118.156784
2009;6;24;6;9.788748;121.310074
2009;6;24;12;8.847416;133.62071
2009;6;24;18;6.9735975;136.07477
2009;6;25;0;7.8432627;125.93994
2009;6;25;6;8.748503;125.16672
2009;6;25;12;9.301273;125.76607
2009;6;25;18;9.423737;134.13103
2009;6;26;0;10.019004;137.95557
2009;6;26;6;12.684329;144.20505
2009;6;26;12;10.632171;161.56992
2009;6;26;18;9.997743;186.56174
2009;6;27;0;8.412838;178.18527
2009;6;27;6;5.104969;183.48831
2009;6;27;12;4.828605;202.19609
2009;6;27;18;3.3374515;224.31897
2009;6;28;0;2.2036362;139.06627
2009;6;28;6;4.3127823;125.66997
2009;6;28;12;7.031293;137.70938
2009;6;28;18;7.6147137;127.29503
2009;6;29;0;6.962066;134.3598
2009;6;29;6;8.069919;127.14136
2009;6;29;12;8.815043;131.10687
2009;6;29;18;6.359063;150.44476
2009;6;30;0;7.8564763;166.23782
2009;6;30;6;6.2254868;170.70013
2009;6;30;12;7.1177115;174.0658
2009;6;30;18;6.0550094;183.78963
2009;7;1;0;5.928288;222.96545
2009;7;1;6;4.060922;224.0633
2009;7;1;12;4.0314984;214.81139
2009;7;1;18;3.1298146;251.44255
2009;7;2;0;2.5783272;226.23285
2009;7;2;6;3.6534133;177.55676
2009;7;2;12;7.660463;184.02716
2009;7;2;18;4.4531765;234.4765
2009;7;3;0;3.0187137;147.55739
2009;7;3;6;7.3431597;139.96176
2009;7;3;12;8.861456;160.61386
2009;7;3;18;3.4405596;192.46706
2009;7;4;0;1.8397065;143.23282
2009;7;4;6;0.7266151;148.41289
2009;7;4;12;1.4986348;221.88895
2009;7;4;18;0.506255;275.30478
2009;7;5;0;3.4907486;89.86438
2009;7;5;6;4.748815;101.76146
2009;7;5;12;3.8839042;131.77312
2009;7;5;18;1.9643131;132.7739
2009;7;6;0;4.57341;109.55246
2009;7;6;6;6.8248105;115.03995
2009;7;6;12;8.683642;139.98364
2009;7;6;18;7.629488;130.8006
2009;7;7;0;8.152714;123.49559
2009;7;7;6;9.384664;117.564835
2009;7;7;12;9.796302;125.97313
2009;7;7;18;8.103113;138.99388
2009;7;8;0;8.602451;139.43239
2009;7;8;6;10.547338;137.32364
2009;7;8;12;10.430835;132.06021
2009;7;8;18;9.057293;133.3885
2009;7;9;0;8.430026;122.620865
2009;7;9;6;6.445962;134.72055
2009;7;9;12;6.822167;130.5118
2009;7;9;18;5.5261083;137.88364
2009;7;10;0;5.300581;138.63828
2009;7;10;6;5.7863793;159.97293
2009;7;10;12;4.6401916;157.41173
2009;7;10;18;3.3956907;107.45998
2009;7;11;0;5.394925;114.7104
2009;7;11;6;7.5696864;126.119995
2009;7;11;12;7.2839518;143.47643
2009;7;11;18;6.26151;141.54399
2009;7;12;0;7.077435;136.34004
2009;7;12;6;8.078726;131.7525
2009;7;12;12;7.4130263;139.87862
2009;7;12;18;5.9425645;141.18846
2009;7;13;0;6.820216;123.63173
2009;7;13;6;7.44713;125.533585
2009;7;13;12;8.614968;119.11731
2009;7;13;18;7.0642066;128.53154
2009;7;14;0;6.6901217;137.14452
2009;7;14;6;8.3051195;140.27905
2009;7;14;12;7.3449826;144.3685
2009;7;14;18;6.5282116;137.79941
2009;7;15;0;7.2511487;122.25734
2009;7;15;6;8.264114;104.882965
2009;7;15;12;9.667918;107.291275
2009;7;15;18;9.48491;108.75882
2009;7;16;0;10.88654;107.43982
2009;7;16;6;11.578463;105.248505
2009;7;16;12;10.395674;113.22087
2009;7;16;18;8.814445;118.996445
2009;7;17;0;8.655053;117.41081
2009;7;17;6;9.753987;115.93671
2009;7;17;12;8.494469;122.240555
2009;7;17;18;7.87581;117.46867
2009;7;18;0;8.267075;112.85684
2009;7;18;6;9.60466;108.8228
2009;7;18;12;8.253078;118.924545
2009;7;18;18;7.120119;122.925
2009;7;19;0;8.250945;115.92583
2009;7;19;6;9.268579;109.33545
2009;7;19;12;8.507635;116.87892
2009;7;19;18;7.5751204;119.76967
2009;7;20;0;8.285776;119.99747
2009;7;20;6;8.971529;114.36531
2009;7;20;12;7.417202;123.57466
2009;7;20;18;5.8166943;126.347824
2009;7;21;0;6.1666994;115.44675
2009;7;21;6;6.9899745;110.09206
2009;7;21;12;5.490054;116.4131
2009;7;21;18;3.5475645;119.044235
2009;7;22;0;4.9155164;96.301865
2009;7;22;6;5.637335;89.75711
2009;7;22;12;3.7174528;105.708145
2009;7;22;18;2.710476;92.157104
2009;7;23;0;6.6202364;99.55611
2009;7;23;6;10.715839;100.02954
2009;7;23;12;10.927856;100.182755
2009;7;23;18;9.619044;96.22266
2009;7;24;0;9.99165;102.88823
2009;7;24;6;10.867744;99.62453
2009;7;24;12;11.013854;108.74753
2009;7;24;18;10.945527;108.660034
2009;7;25;0;10.796748;103.59483
2009;7;25;6;11.191871;103.86612
2009;7;25;12;9.759739;101.96042
2009;7;25;18;7.2712092;107.90277
2009;7;26;0;8.347941;107.78357
2009;7;26;6;9.37031;109.363464
2009;7;26;12;8.922557;113.332794
2009;7;26;18;6.8980126;128.90976
2009;7;27;0;8.130572;122.446014
2009;7;27;6;7.450872;126.083115
2009;7;27;12;6.2217355;127.79787
2009;7;27;18;5.0020804;120.007645
2009;7;28;0;8.345978;106.46146
2009;7;28;6;10.061213;95.82156
2009;7;28;12;8.097903;104.78589
2009;7;28;18;6.148763;109.5719
2009;7;29;0;7.0692077;104.145615
2009;7;29;6;8.397335;102.74068
2009;7;29;12;7.2564597;113.96188
2009;7;29;18;4.989292;125.932724
2009;7;30;0;6.9983473;113.51842
2009;7;30;6;8.289493;109.75226
2009;7;30;12;7.6126842;118.758545
2009;7;30;18;5.976099;121.257614
2009;7;31;0;7.528616;110.06073
2009;7;31;6;9.679174;111.07623
2009;7;31;12;9.969616;119.824844
2009;7;31;18;9.790702;124.84668
2010;5;1;0;7.0227437;128.72527
2010;5;1;6;7.3722157;131.82295
2010;5;1;12;7.8235555;154.03554
2010;5;1;18;5.7799554;193.92801
2010;5;2;0;5.5208845;180.31018
2010;5;2;6;4.8511133;128.16289
2010;5;2;12;8.416167;174.4571
2010;5;2;18;6.972338;179.26483
2010;5;3;0;7.74939;174.00833
2010;5;3;6;8.972209;170.06802
2010;5;3;12;12.108932;170.77492
2010;5;3;18;10.507241;173.86787
2010;5;4;0;9.22991;148.03691
2010;5;4;6;11.620671;161.07593
2010;5;4;12;10.924462;160.69485
2010;5;4;18;8.462638;183.89131
2010;5;5;0;8.283989;182.41
2010;5;5;6;5.247571;255.7254
2010;5;5;12;3.9013023;166.66208
2010;5;5;18;1.7037624;277.4617
2010;5;6;0;1.8915297;184.7822
2010;5;6;6;4.879061;142.59235
2010;5;6;12;4.7382007;141.57382
2010;5;6;18;3.7149944;144.89432
2010;5;7;0;7.945125;105.10831
2010;5;7;6;9.303075;109.64879
2010;5;7;12;8.767631;125.96629
2010;5;7;18;7.414672;157.30647
2010;5;8;0;7.4715433;140.48752
2010;5;8;6;7.7926273;132.39964
2010;5;8;12;9.111255;125.00476
2010;5;8;18;8.194112;127.20749
2010;5;9;0;7.889588;139.79462
2010;5;9;6;7.856213;125.568436
2010;5;9;12;8.476698;120.640015
2010;5;9;18;9.333023;124.51425
2010;5;10;0;8.376881;135.9052
2010;5;10;6;9.133503;116.91191
2010;5;10;12;10.975823;117.422775
2010;5;10;18;10.986151;140.00963
2010;5;11;0;11.137762;133.79347
2010;5;11;6;13.317425;177.20364
2010;5;11;12;10.859693;188.01666
2010;5;11;18;11.251371;207.26703
2010;5;12;0;8.787369;213.41283
2010;5;12;6;6.380159;226.11716
2010;5;12;12;5.9689484;246.14447
2010;5;12;18;3.4822047;261.2061
2010;5;13;0;2.2520595;263.90393
2010;5;13;6;1.1586306;246.02463
2010;5;13;12;3.230372;288.66675
2010;5;13;18;2.3640022;287.57913
2010;5;14;0;1.4955243;28.539276
2010;5;14;6;4.584544;100.249466
2010;5;14;12;5.476587;116.197815
2010;5;14;18;4.037057;129.00215
2010;5;15;0;7.1643357;116.04419
2010;5;15;6;8.6671;116.318665
2010;5;15;12;7.879358;108.550674
2010;5;15;18;4.253471;129.04942
2010;5;16;0;7.0898013;104.03017
2010;5;16;6;7.82301;96.10181
2010;5;16;12;6.2395673;107.05881
2010;5;16;18;6.274204;108.51619
2010;5;17;0;8.099733;107.616684
2010;5;17;6;9.110664;108.155655
2010;5;17;12;7.1353354;125.55426
2010;5;17;18;4.7608323;133.97237
2010;5;18;0;5.53543;112.35028
2010;5;18;6;6.8204713;98.90352
2010;5;18;12;5.4849815;111.469086
2010;5;18;18;3.4677722;126.95593
2010;5;19;0;5.973367;113.23645
2010;5;19;6;7.311094;116.89365
2010;5;19;12;8.550372;118.819534
2010;5;19;18;6.224139;135.61694
2010;5;20;0;6.7059946;127.956314
2010;5;20;6;7.3592324;139.97165
2010;5;20;12;8.495661;135.40991
2010;5;20;18;8.969319;125.793304
2010;5;21;0;10.11355;129.71646
2010;5;21;6;10.63578;132.55841
2010;5;21;12;9.610441;162.47778
2010;5;21;18;8.5102825;163.3362
2010;5;22;0;11.195871;147.65854
2010;5;22;6;10.080612;134.76622
2010;5;22;12;10.993071;133.5443
2010;5;22;18;10.353536;135.44983
2010;5;23;0;10.412335;124.76761
2010;5;23;6;11.845287;117.83153
2010;5;23;12;10.622753;117.3389
2010;5;23;18;9.275332;123.63385
2010;5;24;0;10.961239;114.40422
2010;5;24;6;11.327452;115.06238
2010;5;24;12;10.58767;116.8365
2010;5;24;18;8.869876;125.84883
2010;5;25;0;9.732376;117.913055
2010;5;25;6;9.680223;113.82681
2010;5;25;12;8.610572;122.21036
2010;5;25;18;6.394237;126.36441
2010;5;26;0;8.450601;113.71309
2010;5;26;6;8.962501;110.183
2010;5;26;12;9.227731;105.23653
2010;5;26;18;7.1498156;119.35693
2010;5;27;0;8.27502;121.09093
2010;5;27;6;8.002613;126.42757
2010;5;27;12;6.679318;128.7934
2010;5;27;18;3.998422;134.4917
2010;5;28;0;6.193779;109.73851
2010;5;28;6;6.8041472;114.30162
2010;5;28;12;5.3254824;116.77196
2010;5;28;18;2.7432668;129.26765
2010;5;29;0;4.3732147;113.60643
2010;5;29;6;4.1793604;124.59671
2010;5;29;12;4.422468;130.44682
2010;5;29;18;3.7066767;124.285324
2010;5;30;0;8.252621;102.73619
2010;5;30;6;9.476469;109.07878
2010;5;30;12;8.881959;117.76518
2010;5;30;18;5.131497;133.78488
2010;5;31;0;6.528132;124.98486
2010;5;31;6;8.020485;121.82121
2010;5;31;12;8.138036;123.91496
2010;5;31;18;6.8772936;123.39488
2010;6;1;0;8.243235;119.13042
2010;6;1;6;9.6134815;117.51512
2010;6;1;12;8.446195;129.5909
2010;6;1;18;5.052085;140.29176
2010;6;2;0;6.3720074;118.1068
2010;6;2;6;7.0127587;109.7068
2010;6;2;12;6.922481;115.89043
2010;6;2;18;5.3088465;113.41319
2010;6;3;0;7.822025;108.347885
2010;6;3;6;8.442311;120.485886
2010;6;3;12;8.169214;126.964035
2010;6;3;18;6.7643805;139.25426
2010;6;4;0;8.996944;126.91333
2010;6;4;6;10.110309;116.11182
2010;6;4;12;10.258082;125.62375
2010;6;4;18;8.861614;138.7478
2010;6;5;0;11.250278;138.87172
2010;6;5;6;11.146538;132.02711
2010;6;5;12;9.877622;142.33514
2010;6;5;18;7.7853084;134.51503
2010;6;6;0;8.77017;118.71326
2010;6;6;6;9.047384;113.388916
2010;6;6;12;8.240218;110.3203
2010;6;6;18;5.6552296;114.95706
2010;6;7;0;7.656304;115.00403
2010;6;7;6;9.835265;128.31827
2010;6;7;12;9.522358;135.3125
2010;6;7;18;6.1633806;148.55286
2010;6;8;0;6.4148355;122.82727
2010;6;8;6;6.317304;121.69229
2010;6;8;12;5.657268;127.04111
2010;6;8;18;2.1522803;194.89795
2010;6;9;0;2.8797367;142.33063
2010;6;9;6;2.7676198;161.65213
2010;6;9;12;6.239335;152.8744
2010;6;9;18;4.6230288;140.29321
2010;6;10;0;5.576012;135.29721
2010;6;10;6;5.2872972;160.83661
2010;6;10;12;5.8315883;192.83072
2010;6;10;18;6.471245;177.23587
2010;6;11;0;10.101464;130.63585
2010;6;11;6;10.811834;127.61481
2010;6;11;12;11.608027;143.31812
2010;6;11;18;9.702376;165.95341
2010;6;12;0;8.989793;132.20946
2010;6;12;6;9.666928;125.95508
2010;6;12;12;8.456221;128.50551
2010;6;12;18;5.8952894;149.77121
2010;6;13;0;7.405386;130.40489
2010;6;13;6;8.488845;128.26642
2010;6;13;12;10.291851;139.54918
2010;6;13;18;6.873813;151.83578
2010;6;14;0;8.619435;120.40802
2010;6;14;6;5.827381;142.66422
2010;6;14;12;5.433413;130.27318
2010;6;14;18;1.891991;286.76926
2010;6;15;0;4.96391;298.85446
2010;6;15;6;5.9152517;249.52576
2010;6;15;12;6.538952;220.56137
2010;6;15;18;7.6923466;228.30717
2010;6;16;0;5.750058;225.71136
2010;6;16;6;4.5845275;218.35347
2010;6;16;12;3.9113548;180.60504
2010;6;16;18;3.3740566;146.11932
2010;6;17;0;7.949293;105.353775
2010;6;17;6;10.765853;105.21179
2010;6;17;12;12.785089;134.50752
2010;6;17;18;15.412096;145.52591
2010;6;18;0;14.46147;153.168
2010;6;18;6;12.242359;136.94125
2010;6;18;12;11.712193;140.50166
2010;6;18;18;14.1580105;145.1438
2010;6;19;0;12.812618;154.73424
2010;6;19;6;8.421451;145.13954
2010;6;19;12;6.23493;185.45868
2010;6;19;18;3.693904;246.08202
2010;6;20;0;2.7305884;129.94905
2010;6;20;6;6.0109606;96.588196
2010;6;20;12;6.7936773;108.971695
2010;6;20;18;4.691973;144.38193
2010;6;21;0;7.8473225;112.64142
2010;6;21;6;10.003863;114.52426
2010;6;21;12;9.500387;119.34035
2010;6;21;18;6.2805977;145.91785
2010;6;22;0;7.464834;140.8045
2010;6;22;6;9.201106;131.3288
2010;6;22;12;8.395987;140.62437
2010;6;22;18;4.2898555;130.93037
2010;6;23;0;4.616042;115.83507
2010;6;23;6;4.9126225;117.60635
2010;6;23;12;3.6793816;138.21033
2010;6;23;18;0.64083725;157.35263
2010;6;24;0;1.0892158;148.77063
2010;6;24;6;4.43668;114.85829
2010;6;24;12;5.1307173;146.44382
2010;6;24;18;4.9346285;151.09662
2010;6;25;0;7.137528;140.82626
2010;6;25;6;7.6299543;124.395966
2010;6;25;12;7.3908935;137.01472
2010;6;25;18;6.209913;132.84239
2010;6;26;0;8.328406;109.726
2010;6;26;6;11.47066;104.96147
2010;6;26;12;12.510462;100.34212
2010;6;26;18;10.967916;106.97443
2010;6;27;0;11.959728;108.5961
2010;6;27;6;11.540679;121.87131
2010;6;27;12;9.275846;143.19366
2010;6;27;18;8.813502;151.38464
2010;6;28;0;9.324099;143.5831
2010;6;28;6;8.244269;148.2374
2010;6;28;12;7.622418;155.8735
2010;6;28;18;5.6638956;162.45438
2010;6;29;0;4.486819;160.08266
2010;6;29;6;3.9541285;163.66853
2010;6;29;12;2.3129404;227.6836
2010;6;29;18;2.42936;170.95921
2010;6;30;0;1.7918445;220.95999
2010;6;30;6;1.8098187;102.793686
2010;6;30;12;1.5884306;265.50275
2010;6;30;18;0.69678056;278.85614
2010;7;1;0;0.9764503;336.97235
2010;7;1;6;2.6812773;127.20676
2010;7;1;12;1.8912859;231.51788
2010;7;1;18;0.8705393;260.5926
2010;7;2;0;2.8620534;84.17078
2010;7;2;6;4.88929;111.738754
2010;7;2;12;7.231838;118.743195
2010;7;2;18;4.851167;121.93994
2010;7;3;0;6.704107;107.83237
2010;7;3;6;7.5803943;113.52927
2010;7;3;12;6.8005276;124.085846
2010;7;3;18;3.2694468;144.94504
2010;7;4;0;2.700146;106.6992
2010;7;4;6;6.472432;104.332275
2010;7;4;12;6.930756;133.13585
2010;7;4;18;3.9421148;130.40219
2010;7;5;0;6.1275024;112.21535
2010;7;5;6;8.14472;116.85651
2010;7;5;12;7.7599983;119.20445
2010;7;5;18;6.1097345;113.38417
2010;7;6;0;7.209297;104.37315
2010;7;6;6;8.815766;104.302704
2010;7;6;12;8.107135;116.22023
2010;7;6;18;4.542424;126.6582
2010;7;7;0;4.524252;110.37758
2010;7;7;6;5.088422;92.18971
2010;7;7;12;7.576098;103.39519
2010;7;7;18;6.0162554;125.27693
2010;7;8;0;7.188459;116.54431
2010;7;8;6;8.582702;116.70735
2010;7;8;12;8.089233;122.89235
2010;7;8;18;7.243709;130.48521
2010;7;9;0;7.642682;118.26161
2010;7;9;6;8.048745;118.24402
2010;7;9;12;7.211039;126.15944
2010;7;9;18;4.1992426;136.37306
2010;7;10;0;4.9292502;105.67166
2010;7;10;6;6.1230946;108.11157
2010;7;10;12;6.742334;119.17862
2010;7;10;18;3.692278;132.18883
2010;7;11;0;5.0690427;107.23695
2010;7;11;6;5.7446065;116.93176
2010;7;11;12;6.6750774;118.69043
2010;7;11;18;3.8441846;116.63861
2010;7;12;0;4.776144;104.79404
2010;7;12;6;5.7627044;113.03584
2010;7;12;12;4.7159023;124.780426
2010;7;12;18;3.8854156;131.01628
2010;7;13;0;5.730365;109.10841
2010;7;13;6;8.11974;112.57268
2010;7;13;12;9.768702;121.57547
2010;7;13;18;9.885382;127.27103
2010;7;14;0;9.139561;144.83716
2010;7;14;6;8.978558;148.1034
2010;7;14;12;9.318015;173.64427
2010;7;14;18;8.16458;166.33957
2010;7;15;0;6.1615143;162.24324
2010;7;15;6;4.827487;143.41122
2010;7;15;12;6.588965;153.57388
2010;7;15;18;5.4980083;169.43169
2010;7;16;0;4.4782996;96.47299
2010;7;16;6;7.7326093;116.035095
2010;7;16;12;8.213171;140.37419
2010;7;16;18;7.766799;132.95982
2010;7;17;0;8.18125;136.1467
2010;7;17;6;8.300102;124.47749
2010;7;17;12;7.728255;127.63277
2010;7;17;18;5.7183113;125.43501
2010;7;18;0;5.7302284;118.04031
2010;7;18;6;5.6760616;128.8958
2010;7;18;12;4.3270764;120.85678
2010;7;18;18;3.289167;119.91525
2010;7;19;0;6.062097;106.43471
2010;7;19;6;7.1968627;114.75195
2010;7;19;12;6.801886;122.22415
2010;7;19;18;5.454931;123.752686
2010;7;20;0;6.969434;118.52533
2010;7;20;6;7.78799;122.66905
2010;7;20;12;7.616902;123.23181
2010;7;20;18;6.1590567;121.204666
2010;7;21;0;7.0378437;124.79463
2010;7;21;6;7.224604;122.38399
2010;7;21;12;6.285605;125.66313
2010;7;21;18;4.844434;129.94116
2010;7;22;0;7.269211;109.05702
2010;7;22;6;8.861811;108.938156
2010;7;22;12;9.052745;111.36119
2010;7;22;18;7.1996193;121.73393
2010;7;23;0;7.2801642;126.6145
2010;7;23;6;7.0159183;129.06082
2010;7;23;12;6.5416646;132.78645
2010;7;23;18;5.511004;140.65567
2010;7;24;0;5.5377054;140.67236
2010;7;24;6;6.314373;146.53653
2010;7;24;12;4.8058157;158.05914
2010;7;24;18;2.4556842;175.44064
2010;7;25;0;3.4565094;113.12448
2010;7;25;6;3.8632987;131.5248
2010;7;25;12;2.419146;159.80502
2010;7;25;18;2.111178;201.72519
2010;7;26;0;4.0393744;138.40762
2010;7;26;6;4.976373;136.75752
2010;7;26;12;4.9453993;157.64952
2010;7;26;18;2.8848207;186.46526
2010;7;27;0;2.2781937;177.21414
2010;7;27;6;0.445442;145.44208
2010;7;27;12;1.5602043;133.04326
2010;7;27;18;2.2958436;101.619705
2010;7;28;0;5.8252344;131.14636
2010;7;28;6;4.3328567;159.68906
2010;7;28;12;5.9293613;132.7182
2010;7;28;18;8.135599;153.4378
2010;7;29;0;8.792143;142.69124
2010;7;29;6;6.2268734;151.7862
2010;7;29;12;7.522135;129.44525
2010;7;29;18;7.217597;144.43173
2010;7;30;0;9.464269;116.237656
2010;7;30;6;11.690981;118.51041
2010;7;30;12;12.789698;131.45374
2010;7;30;18;11.396921;142.168
2010;7;31;0;8.463915;137.91469
2010;7;31;6;5.6974874;148.41553
2010;7;31;12;5.3460445;167.8006
2010;7;31;18;5.5931387;174.84735
2011;5;1;0;8.917046;136.99141
2011;5;1;6;9.474416;133.41438
2011;5;1;12;9.9456;135.85373
2011;5;1;18;6.8415456;147.02985
2011;5;2;0;6.5367513;137.56776
2011;5;2;6;7.181465;140.51003
2011;5;2;12;6.6249175;155.82623
2011;5;2;18;6.1690116;135.04086
2011;5;3;0;10.734706;115.941666
2011;5;3;6;13.479108;120.06734
2011;5;3;12;14.100457;131.5392
2011;5;3;18;11.321409;145.86961
2011;5;4;0;10.40247;147.09262
2011;5;4;6;11.390577;126.17378
2011;5;4;12;9.8316965;144.61786
2011;5;4;18;10.52711;165.87563
2011;5;5;0;8.524551;152.876
2011;5;5;6;5.7536883;167.27908
2011;5;5;12;7.3280687;157.54144
2011;5;5;18;3.106414;162.85822
2011;5;6;0;5.117349;134.47603
2011;5;6;6;3.8656137;158.62137
2011;5;6;12;5.4446864;206.6178
2011;5;6;18;5.7024198;201.18842
2011;5;7;0;7.538684;127.58844
2011;5;7;6;7.503302;137.66917
2011;5;7;12;8.464153;136.67256
2011;5;7;18;8.2016735;144.74481
2011;5;8;0;8.491966;144.90012
2011;5;8;6;8.303811;131.72754
2011;5;8;12;8.944823;127.85245
2011;5;8;18;7.5804963;155.15973
2011;5;9;0;8.144355;143.11145
2011;5;9;6;8.3947;122.76526
2011;5;9;12;7.718645;126.57187
2011;5;9;18;6.4059205;127.17532
2011;5;10;0;7.124567;115.96161
2011;5;10;6;8.08276;105.6068
2011;5;10;12;7.617401;110.251495
2011;5;10;18;6.251269;117.10675
2011;5;11;0;6.452444;128.7423
2011;5;11;6;5.8787374;145.50343
2011;5;11;12;3.8393505;203.64478
2011;5;11;18;2.349944;281.52234
2011;5;12;0;2.3411396;15.177734
2011;5;12;6;4.932081;89.80127
2011;5;12;12;4.3430295;105.25615
2011;5;12;18;2.3244457;90.07272
2011;5;13;0;5.5420537;90.951004
2011;5;13;6;9.003585;118.36449
2011;5;13;12;9.664959;130.81718
2011;5;13;18;9.342926;129.57747
2011;5;14;0;9.793148;122.90022
2011;5;14;6;10.244989;114.97934
2011;5;14;12;8.628798;118.759
2011;5;14;18;4.067272;96.455
2011;5;15;0;1.5201644;93.55881
2011;5;15;6;3.0892706;96.7222
2011;5;15;12;3.4923847;140.31245
2011;5;15;18;1.1690178;181.43222
2011;5;16;0;4.783131;120.77988
2011;5;16;6;6.0744205;121.952515
2011;5;16;12;9.456356;119.19452
2011;5;16;18;10.660579;124.02678
2011;5;17;0;11.756152;126.65982
2011;5;17;6;10.597925;132.86629
2011;5;17;12;8.542927;137.95337
2011;5;17;18;3.7863836;135.72356
2011;5;18;0;4.2524195;94.15477
2011;5;18;6;7.129236;90.58078
2011;5;18;12;7.340696;111.73259
2011;5;18;18;2.9728904;140.27483
2011;5;19;0;4.5641985;107.0049
2011;5;19;6;6.7798753;99.99515
2011;5;19;12;6.394545;109.40938
2011;5;19;18;4.7016478;113.19223
2011;5;20;0;6.797958;107.69203
2011;5;20;6;7.817768;109.87872
2011;5;20;12;7.2522;105.69171
2011;5;20;18;7.610335;110.16893
2011;5;21;0;9.288936;102.04056
2011;5;21;6;9.772431;103.036835
2011;5;21;12;9.458752;110.30725
2011;5;21;18;6.8338323;121.85211
2011;5;22;0;8.079908;116.67978
2011;5;22;6;9.919315;113.90059
2011;5;22;12;8.348239;125.9995
2011;5;22;18;3.255634;154.10614
2011;5;23;0;4.20725;152.80176
2011;5;23;6;5.9797163;139.04323
2011;5;23;12;6.34904;140.29292
2011;5;23;18;4.5763807;128.37079
2011;5;24;0;7.498825;106.00246
2011;5;24;6;8.200679;107.220795
2011;5;24;12;7.427726;109.2215
2011;5;24;18;5.280241;124.52101
2011;5;25;0;8.051545;113.27585
2011;5;25;6;10.340935;111.70009
2011;5;25;12;10.263378;124.59656
2011;5;25;18;12.721873;142.47998
2011;5;26;0;12.756984;156.07733
2011;5;26;6;12.896462;145.47623
2011;5;26;12;10.623295;166.42355
2011;5;26;18;2.4994564;239.32729
2011;5;27;0;2.6132586;151.45667
2011;5;27;6;3.1559508;133.4099
2011;5;27;12;4.8510065;149.13245
2011;5;27;18;3.0534174;209.98674
2011;5;28;0;1.9127154;102.92313
2011;5;28;6;4.2288656;104.2599
2011;5;28;12;2.814749;137.85185
2011;5;28;18;1.2089473;221.64993
2011;5;29;0;3.1330404;90.856476
2011;5;29;6;4.1874757;117.20181
2011;5;29;12;6.01418;127.72618
2011;5;29;18;3.5926971;161.25134
2011;5;30;0;4.9173827;118.97218
2011;5;30;6;5.7608304;111.56456
2011;5;30;12;5.403588;134.19768
2011;5;30;18;3.0646143;144.468
2011;5;31;0;4.5486774;121.358734
2011;5;31;6;6.126139;110.419266
2011;5;31;12;5.2626963;127.80498
2011;5;31;18;3.0705879;144.33096
2011;6;1;0;5.227434;115.0128
2011;6;1;6;6.6941385;111.19136
2011;6;1;12;6.3944225;128.01097
2011;6;1;18;5.2267113;139.43953
2011;6;2;0;7.0702677;125.70781
2011;6;2;6;8.623433;120.893814
2011;6;2;12;7.6698117;132.1403
2011;6;2;18;5.9125366;172.1057
2011;6;3;0;5.5147142;167.86827
2011;6;3;6;5.972441;152.4748
2011;6;3;12;8.62699;149.89328
2011;6;3;18;9.079052;179.72766
2011;6;4;0;8.173299;200.33484
2011;6;4;6;8.089907;195.72273
2011;6;4;12;6.067809;229.06123
2011;6;4;18;6.4405174;251.96315
2011;6;5;0;2.0145514;151.10242
2011;6;5;6;5.4682126;119.967285
2011;6;5;12;8.400568;118.6241
2011;6;5;18;7.5236187;118.77486
2011;6;6;0;10.206867;110.44934
2011;6;6;6;10.548057;114.567505
2011;6;6;12;6.8882446;126.571594
2011;6;6;18;2.4917305;143.34563
2011;6;7;0;4.230259;134.5068
2011;6;7;6;6.048309;124.79196
2011;6;7;12;5.334255;127.01431
2011;6;7;18;3.768442;150.28973
2011;6;8;0;6.3041964;125.40677
2011;6;8;6;7.7565556;123.18518
2011;6;8;12;7.1758685;135.05779
2011;6;8;18;7.0816584;125.584015
2011;6;9;0;10.383789;115.09462
2011;6;9;6;10.308198;118.419785
2011;6;9;12;10.111169;123.819626
2011;6;9;18;9.268341;124.6001
2011;6;10;0;10.761004;111.91766
2011;6;10;6;12.96756;107.665085
2011;6;10;12;11.986004;112.90939
2011;6;10;18;12.604973;110.41521
2011;6;11;0;14.594584;110.07933
2011;6;11;6;13.32731;132.90176
2011;6;11;12;11.377732;132.68764
2011;6;11;18;6.6495504;145.97758
2011;6;12;0;7.41267;114.38837
2011;6;12;6;8.461557;115.97476
2011;6;12;12;8.6519985;116.38008
2011;6;12;18;6.2603197;117.598145
2011;6;13;0;8.441164;113.936615
2011;6;13;6;7.977701;119.17963
2011;6;13;12;7.358329;121.77417
2011;6;13;18;4.377506;135.13002
2011;6;14;0;6.9212565;117.71388
2011;6;14;6;8.342029;110.771774
2011;6;14;12;8.218291;110.52818
2011;6;14;18;6.762553;110.02585
2011;6;15;0;9.623082;105.10811
2011;6;15;6;10.9094925;109.155426
2011;6;15;12;10.000337;113.36282
2011;6;15;18;6.65906;121.37833
2011;6;16;0;7.4338846;111.12648
2011;6;16;6;5.8047237;113.94884
2011;6;16;12;3.8733516;126.85878
2011;6;16;18;1.2652452;198.23363
2011;6;17;0;3.0235353;158.83438
2011;6;17;6;3.3684907;164.3148
2011;6;17;12;1.946883;136.0349
2011;6;17;18;3.598097;149.07271
2011;6;18;0;6.1987863;123.55054
2011;6;18;6;8.133454;127.16284
2011;6;18;12;7.8571625;137.90569
2011;6;18;18;5.1768255;155.803
2011;6;19;0;6.0550284;119.18956
2011;6;19;6;7.6909657;114.38539
2011;6;19;12;7.087658;115.03883
2011;6;19;18;5.5708413;120.42357
2011;6;20;0;6.360891;117.9527
2011;6;20;6;7.764988;117.42102
2011;6;20;12;5.987872;130.48802
2011;6;20;18;3.367304;153.11896
2011;6;21;0;5.286566;126.64365
2011;6;21;6;6.5062227;116.19264
2011;6;21;12;6.758204;124.88818
2011;6;21;18;4.3023;134.05244
2011;6;22;0;6.431466;112.38623
2011;6;22;6;7.9468446;115.57886
2011;6;22;12;8.17306;117.18448
2011;6;22;18;6.3144116;123.81514
2011;6;23;0;8.141598;112.763
2011;6;23;6;9.16228;115.83061
2011;6;23;12;7.6643434;123.63678
2011;6;23;18;4.97028;130.98521
2011;6;24;0;6.2879205;115.950745
2011;6;24;6;7.7760596;117.22528
2011;6;24;12;7.4156637;121.48457
2011;6;24;18;5.47681;129.21298
2011;6;25;0;6.935935;118.86371
2011;6;25;6;8.399841;122.50865
2011;6;25;12;7.8448725;129.26518
2011;6;25;18;6.7433715;137.60307
2011;6;26;0;9.370762;118.80463
2011;6;26;6;10.418573;123.13789
2011;6;26;12;10.166634;131.6401
2011;6;26;18;6.9764047;128.91412
2011;6;27;0;8.194125;109.431625
2011;6;27;6;10.306507;109.96837
2011;6;27;12;9.956519;116.15335
2011;6;27;18;8.867577;105.1358
2011;6;28;0;10.362748;98.76909
2011;6;28;6;12.050103;104.49765
2011;6;28;12;10.498946;115.21959
2011;6;28;18;8.323661;118.29173
2011;6;29;0;8.88038;115.139435
2011;6;29;6;10.48496;115.83699
2011;6;29;12;9.399972;131.49109
2011;6;29;18;6.62721;139.35597
2011;6;30;0;7.4165792;117.62077
2011;6;30;6;8.374868;114.1156
2011;6;30;12;7.899658;117.427536
2011;6;30;18;5.7654634;114.16469
2011;7;1;0;7.9933724;102.25198
2011;7;1;6;10.20296;105.55008
2011;7;1;12;9.3082075;114.10028
2011;7;1;18;7.629493;121.51764
2011;7;2;0;8.565893;110.733795
2011;7;2;6;10.173717;109.77084
2011;7;2;12;9.685255;115.330765
2011;7;2;18;7.112701;125.64957
2011;7;3;0;7.5693765;109.470215
2011;7;3;6;9.94978;110.02278
2011;7;3;12;9.030577;120.590805
2011;7;3;18;6.6925116;130.43935
2011;7;4;0;7.65992;120.3477
2011;7;4;6;9.073966;122.92955
2011;7;4;12;8.827394;135.8815
2011;7;4;18;7.3324614;137.52377
2011;7;5;0;7.65558;131.13889
2011;7;5;6;8.977547;124.4232
2011;7;5;12;7.2745557;126.3018
2011;7;5;18;7.3286815;117.632095
2011;7;6;0;9.137772;121.12607
2011;7;6;6;10.633042;118.890045
2011;7;6;12;6.7971973;162.74548
2011;7;6;18;5.6177883;151.15036
2011;7;7;0;6.496108;139.68092
2011;7;7;6;8.205365;123.98941
2011;7;7;12;8.546114;124.22751
2011;7;7;18;8.025391;119.970215
2011;7;8;0;7.8762703;122.48312
2011;7;8;6;7.554474;126.28999
2011;7;8;12;6.7843704;128.87227
2011;7;8;18;4.3566074;146.48831
2011;7;9;0;5.3939886;132.07422
2011;7;9;6;6.236767;134.87155
2011;7;9;12;6.825647;131.7361
2011;7;9;18;6.5676484;134.04852
2011;7;10;0;6.6645904;134.4799
2011;7;10;6;7.62844;124.30542
2011;7;10;12;7.065948;143.195
2011;7;10;18;4.3971853;172.09274
2011;7;11;0;4.3742547;145.79562
2011;7;11;6;7.302508;118.043945
2011;7;11;12;8.722388;129.33372
2011;7;11;18;7.2741013;138.69832
2011;7;12;0;9.303772;131.30504
2011;7;12;6;11.309891;124.68306
2011;7;12;12;11.1869335;135.62032
2011;7;12;18;10.1973295;140.93875
2011;7;13;0;9.510084;135.81015
2011;7;13;6;9.828575;127.30191
2011;7;13;12;8.141051;128.02773
2011;7;13;18;5.907909;131.43652
2011;7;14;0;5.774629;114.6387
2011;7;14;6;7.441147;119.491394
2011;7;14;12;6.592416;130.23811
2011;7;14;18;5.4417634;126.87947
2011;7;15;0;7.1197205;126.89671
2011;7;15;6;7.9054523;128.4075
2011;7;15;12;8.113919;138.84882
2011;7;15;18;6.183765;136.91739
2011;7;16;0;7.543235;123.72116
2011;7;16;6;8.742786;119.67697
2011;7;16;12;8.655764;127.27127
2011;7;16;18;5.066252;166.863
2011;7;17;0;3.4833095;261.91904
2011;7;17;6;3.0770724;169.00323
2011;7;17;12;2.8186264;217.7399
2011;7;17;18;6.0823984;99.4747
2011;7;18;0;8.886204;127.40117
2011;7;18;6;7.180136;134.33298
2011;7;18;12;3.3058815;145.94981
2011;7;18;18;5.137835;145.25824
2011;7;19;0;5.0475283;121.20479
2011;7;19;6;6.21779;112.83592
2011;7;19;12;9.812457;133.28966
2011;7;19;18;9.842349;125.73767
2011;7;20;0;12.549478;128.88681
2011;7;20;6;10.739275;145.07245
2011;7;20;12;4.1874995;170.50491
2011;7;20;18;3.127897;171.76437
2011;7;21;0;4.443811;115.54289
2011;7;21;6;6.5964656;88.43909
2011;7;21;12;9.397067;125.85605
2011;7;21;18;10.1479;133.40556
2011;7;22;0;10.768698;138.09837
2011;7;22;6;10.508859;133.47333
2011;7;22;12;11.711652;133.96814
2011;7;22;18;9.71785;139.9042
2011;7;23;0;9.767368;124.78436
2011;7;23;6;11.836505;115.87314
2011;7;23;12;10.68493;122.25244
2011;7;23;18;10.640904;102.07036
2011;7;24;0;11.852905;110.97267
2011;7;24;6;11.148169;110.00728
2011;7;24;12;12.084876;111.23117
2011;7;24;18;9.374903;111.40552
2011;7;25;0;11.687297;120.98311
2011;7;25;6;13.56536;123.4203
2011;7;25;12;12.93987;139.80948
2011;7;25;18;11.292205;149.81046
2011;7;26;0;9.442367;134.59671
2011;7;26;6;9.661982;119.22983
2011;7;26;12;8.289959;127.40138
2011;7;26;18;6.17459;130.24422
2011;7;27;0;6.1535525;110.224884
2011;7;27;6;4.4294047;125.22348
2011;7;27;12;3.5322282;175.38263
2011;7;27;18;2.5309465;186.7291
2011;7;28;0;3.0317388;135.02184
2011;7;28;6;4.269673;154.79855
2011;7;28;12;3.9784691;188.94058
2011;7;28;18;4.1211715;207.06133
2011;7;29;0;4.5003176;153.83035
2011;7;29;6;8.93826;129.53539
2011;7;29;12;8.585463;156.26758
2011;7;29;18;5.2417254;168.23969
2011;7;30;0;5.5372386;138.50743
2011;7;30;6;8.378159;131.34537
2011;7;30;12;9.311996;128.00345
2011;7;30;18;7.7883997;130.30942
2011;7;31;0;9.56615;119.51816
2011;7;31;6;10.608784;110.99806
2011;7;31;12;10.174194;115.13211
2011;7;31;18;10.25392;117.40094
2012;5;1;0;5.878025;219.2398
2012;5;1;6;5.0448704;211.59558
2012;5;1;12;6.563199;161.74573
2012;5;1;18;8.293534;133.0265
2012;5;2;0;8.213626;135.34776
2012;5;2;6;6.661591;142.96191
2012;5;2;12;6.0256667;158.90306
2012;5;2;18;5.761281;159.8703
2012;5;3;0;8.0489235;117.75273
2012;5;3;6;11.054498;118.30655
2012;5;3;12;7.2443914;147.98851
2012;5;3;18;5.6926146;161.9405
2012;5;4;0;6.2147512;136.506
2012;5;4;6;7.9992676;120.07648
2012;5;4;12;8.643651;128.06357
2012;5;4;18;6.993446;130.56667
2012;5;5;0;8.592863;131.75665
2012;5;5;6;6.3543587;151.68634
2012;5;5;12;6.430139;155.85431
2012;5;5;18;4.33976;203.31851
2012;5;6;0;3.3967962;163.29822
2012;5;6;6;3.1301425;193.46533
2012;5;6;12;3.8758402;192.094
2012;5;6;18;3.8333516;231.93196
2012;5;7;0;2.281467;165.79759
2012;5;7;6;4.1507125;144.3476
2012;5;7;12;3.2141364;225.24936
2012;5;7;18;2.7209172;263.28094
2012;5;8;0;2.7602868;89.01996
2012;5;8;6;6.7576985;121.1653
2012;5;8;12;6.704095;137.53862
2012;5;8;18;5.391562;143.42322
2012;5;9;0;6.7929077;116.49588
2012;5;9;6;6.819118;114.14053
2012;5;9;12;4.6058726;138.32016
2012;5;9;18;1.1887171;158.37177
2012;5;10;0;6.407389;107.39574
2012;5;10;6;8.507011;115.123474
2012;5;10;12;6.6488547;152.54648
2012;5;10;18;6.215224;180.29163
2012;5;11;0;2.9890056;172.5365
2012;5;11;6;3.9505537;140.24295
2012;5;11;12;4.6286607;107.48546
2012;5;11;18;3.8669107;343.4308
2012;5;12;0;5.1024513;312.03247
2012;5;12;6;5.431578;293.48853
2012;5;12;12;4.5706124;264.3875
2012;5;12;18;6.553098;283.96585
2012;5;13;0;4.6305;289.12216
2012;5;13;6;1.9037164;307.8358
2012;5;13;12;3.4529142;98.699005
2012;5;13;18;3.5888555;112.57526
2012;5;14;0;8.238208;103.38039
2012;5;14;6;11.312117;104.19383
2012;5;14;12;12.701213;106.45793
2012;5;14;18;12.249688;112.637695
2012;5;15;0;13.889331;120.60983
2012;5;15;6;10.191225;137.72964
2012;5;15;12;6.537328;163.15799
2012;5;15;18;4.4693604;163.69595
2012;5;16;0;5.895483;124.07669
2012;5;16;6;7.1905556;117.9066
2012;5;16;12;7.1471815;143.1323
2012;5;16;18;6.1734447;195.41125
2012;5;17;0;6.9102592;167.94823
2012;5;17;6;7.055585;144.15286
2012;5;17;12;8.838148;132.1819
2012;5;17;18;9.716717;131.7234
2012;5;18;0;3.9727569;157.81348
2012;5;18;6;6.0023336;149.43933
2012;5;18;12;7.988014;138.45029
2012;5;18;18;5.551991;140.73978
2012;5;19;0;7.4348354;129.16002
2012;5;19;6;7.832792;131.04207
2012;5;19;12;5.6817007;151.32321
2012;5;19;18;3.1534905;195.40709
2012;5;20;0;2.4689152;155.72461
2012;5;20;6;0.83084387;94.78061
2012;5;20;12;0.9454512;169.34924
2012;5;20;18;2.0280912;290.4821
2012;5;21;0;1.3427308;5.5546265
2012;5;21;6;2.440783;122.67621
2012;5;21;12;5.2938976;174.62076
2012;5;21;18;3.5822825;250.46658
2012;5;22;0;1.7048243;183.18301
2012;5;22;6;4.470115;144.8561
2012;5;22;12;6.904259;157.5039
2012;5;22;18;5.1931148;168.32791
2012;5;23;0;6.548862;134.65013
2012;5;23;6;9.895756;122.221756
2012;5;23;12;7.584901;163.82513
2012;5;23;18;6.9353113;179.62668
2012;5;24;0;8.115035;159.30682
2012;5;24;6;5.020395;144.8136
2012;5;24;12;4.4904265;166.59482
2012;5;24;18;4.109425;237.08345
2012;5;25;0;2.5250313;152.67513
2012;5;25;6;1.7967323;185.00809
2012;5;25;12;3.3276243;292.59814
2012;5;25;18;3.2061288;257.77277
2012;5;26;0;4.4031086;103.42433
2012;5;26;6;7.530164;112.54901
2012;5;26;12;6.551961;128.30818
2012;5;26;18;6.1419215;116.15477
2012;5;27;0;10.658171;112.32883
2012;5;27;6;11.321852;133.90959
2012;5;27;12;6.6068707;181.67471
2012;5;27;18;4.5748897;146.49512
2012;5;28;0;7.6441016;176.26434
2012;5;28;6;5.6654162;149.09904
2012;5;28;12;9.349851;124.66055
2012;5;28;18;8.159059;130.02654
2012;5;29;0;9.681909;117.41046
2012;5;29;6;9.798028;118.41724
2012;5;29;12;9.71851;123.0836
2012;5;29;18;7.6427536;128.86269
2012;5;30;0;8.667745;113.193726
2012;5;30;6;9.719302;111.285736
2012;5;30;12;9.100815;120.88431
2012;5;30;18;7.8124075;119.98271
2012;5;31;0;9.541172;115.29445
2012;5;31;6;10.244776;117.53932
2012;5;31;12;8.797663;127.86519
2012;5;31;18;8.377719;123.74074
2012;6;1;0;10.050822;113.40996
2012;6;1;6;10.213381;108.079285
2012;6;1;12;10.069227;110.8595
2012;6;1;18;8.38099;121.95886
2012;6;2;0;9.367234;123.77348
2012;6;2;6;9.761912;120.26294
2012;6;2;12;9.696588;126.63405
2012;6;2;18;7.6286387;129.475
2012;6;3;0;7.6417136;116.25639
2012;6;3;6;8.197586;112.72388
2012;6;3;12;6.8406277;120.01459
2012;6;3;18;4.6646905;126.480255
2012;6;4;0;5.94249;105.25801
2012;6;4;6;7.1459928;100.3978
2012;6;4;12;6.1846886;106.493866
2012;6;4;18;4.5104847;105.840576
2012;6;5;0;6.21707;91.81171
2012;6;5;6;7.890334;90.88983
2012;6;5;12;7.0354276;100.40192
2012;6;5;18;3.5316854;102.45296
2012;6;6;0;5.021775;104.896484
2012;6;6;6;3.4262064;144.4676
2012;6;6;12;4.22686;145.51614
2012;6;6;18;2.4787648;170.88556
2012;6;7;0;2.6584027;138.5607
2012;6;7;6;4.623563;118.676636
2012;6;7;12;5.3368087;113.70625
2012;6;7;18;2.9891713;141.5986
2012;6;8;0;4.6962543;136.41055
2012;6;8;6;10.759628;142.26859
2012;6;8;12;11.578751;143.83887
2012;6;8;18;8.249204;148.48453
2012;6;9;0;7.349778;123.16295
2012;6;9;6;8.260267;120.65825
2012;6;9;12;7.5402026;129.75711
2012;6;9;18;4.612686;134.87384
2012;6;10;0;6.746389;112.089386
2012;6;10;6;8.074366;120.96144
2012;6;10;12;7.442386;139.79211
2012;6;10;18;4.7943397;144.03465
2012;6;11;0;6.332727;127.54762
2012;6;11;6;8.273445;128.12268
2012;6;11;12;7.7515044;134.48553
2012;6;11;18;5.556054;129.43758
2012;6;12;0;7.1310167;104.45654
2012;6;12;6;8.918807;103.931946
2012;6;12;12;7.922824;120.05551
2012;6;12;18;6.0694036;127.07977
2012;6;13;0;7.6976204;119.02307
2012;6;13;6;8.12948;125.46278
2012;6;13;12;6.514317;129.3431
2012;6;13;18;6.269944;123.35907
2012;6;14;0;7.754917;123.205154
2012;6;14;6;9.910054;116.291855
2012;6;14;12;10.365641;129.08763
2012;6;14;18;9.572472;136.2656
2012;6;15;0;7.1464434;145.00359
2012;6;15;6;6.3465443;148.24501
2012;6;15;12;6.1864657;164.83133
2012;6;15;18;4.792846;158.39883
2012;6;16;0;2.7423418;153.76665
2012;6;16;6;3.0912108;104.6913
2012;6;16;12;5.192422;115.667694
2012;6;16;18;3.458576;115.40198
2012;6;17;0;6.0218806;100.21831
2012;6;17;6;6.6035185;108.839584
2012;6;17;12;7.2626266;107.05658
2012;6;17;18;6.82162;114.92908
2012;6;18;0;9.044664;107.39897
2012;6;18;6;7.0998816;131.86024
2012;6;18;12;4.1437993;138.65526
2012;6;18;18;3.856297;134.09706
2012;6;19;0;4.6473455;125.95921
2012;6;19;6;6.559238;110.12013
2012;6;19;12;8.199957;120.29372
2012;6;19;18;8.37286;120.04501
2012;6;20;0;9.256159;120.29077
2012;6;20;6;9.439488;125.25049
2012;6;20;12;7.839484;130.87454
2012;6;20;18;7.10548;130.08054
2012;6;21;0;6.73443;130.74887
2012;6;21;6;6.4529767;142.60757
2012;6;21;12;6.2202535;163.86055
2012;6;21;18;4.135739;174.1566
2012;6;22;0;4.209758;154.65411
2012;6;22;6;3.874234;142.38135
2012;6;22;12;3.990767;147.95068
2012;6;22;18;0.87515265;184.7295
2012;6;23;0;2.6742218;135.74498
2012;6;23;6;4.7605424;122.29213
2012;6;23;12;5.9538193;117.09267
2012;6;23;18;4.2253323;121.46599
2012;6;24;0;7.903424;110.467224
2012;6;24;6;9.233559;113.923416
2012;6;24;12;9.076674;118.28703
2012;6;24;18;7.4387894;125.85458
2012;6;25;0;6.2230277;124.833496
2012;6;25;6;6.177684;117.78215
2012;6;25;12;4.1245394;106.45792
2012;6;25;18;3.7250488;105.69615
2012;6;26;0;6.1744475;91.19905
2012;6;26;6;9.216411;97.85036
2012;6;26;12;9.6194315;106.72771
2012;6;26;18;9.398022;107.93385
2012;6;27;0;9.265492;114.15845
2012;6;27;6;8.432887;121.40907
2012;6;27;12;5.8012986;141.20178
2012;6;27;18;3.5726628;135.6382
2012;6;28;0;5.4182262;119.86064
2012;6;28;6;5.567315;114.15329
2012;6;28;12;6.111394;123.6526
2012;6;28;18;5.649685;122.06111
2012;6;29;0;7.7223907;105.45888
2012;6;29;6;7.699243;110.49263
2012;6;29;12;8.289613;118.73752
2012;6;29;18;6.191801;127.59123
2012;6;30;0;6.921449;116.58333
2012;6;30;6;7.5139575;119.26837
2012;6;30;12;7.197932;125.79471
2012;6;30;18;4.1900425;139.63705
2012;7;1;0;4.1373544;130.5869
2012;7;1;6;5.852147;118.28926
2012;7;1;12;6.0922837;157.05249
2012;7;1;18;4.4077353;221.73936
2012;7;2;0;3.2982879;194.2651
2012;7;2;6;3.372818;184.63922
2012;7;2;12;4.5691037;200.6836
2012;7;2;18;3.8469572;201.63388
2012;7;3;0;3.0293703;199.01947
2012;7;3;6;2.4063735;192.34335
2012;7;3;12;3.8984478;171.3324
2012;7;3;18;2.8956702;165.26537
2012;7;4;0;4.5250688;139.18634
2012;7;4;6;5.829574;129.4155
2012;7;4;12;6.133418;132.18547
2012;7;4;18;4.977353;133.34967
2012;7;5;0;5.8463454;124.175735
2012;7;5;6;7.2490215;133.21602
2012;7;5;12;5.6778793;159.75569
2012;7;5;18;5.6650724;151.42493
2012;7;6;0;8.106201;131.29797
2012;7;6;6;8.798808;158.95963
2012;7;6;12;7.4729576;185.8605
2012;7;6;18;6.0945;172.32507
2012;7;7;0;4.2635484;192.82327
2012;7;7;6;2.1137435;178.47906
2012;7;7;12;3.5023322;145.11432
2012;7;7;18;1.8967456;166.85938
2012;7;8;0;4.361365;118.025406
2012;7;8;6;6.532656;112.108475
2012;7;8;12;9.602224;123.42175
2012;7;8;18;9.091152;124.97916
2012;7;9;0;8.411282;128.0648
2012;7;9;6;8.157907;139.81134
2012;7;9;12;5.8420925;153.16162
2012;7;9;18;5.799443;126.66173
2012;7;10;0;8.649156;124.904465
2012;7;10;6;9.408121;121.65712
2012;7;10;12;11.986529;121.36191
2012;7;10;18;10.831012;134.14407
2012;7;11;0;10.478419;135.31607
2012;7;11;6;9.505069;128.11412
2012;7;11;12;9.681279;125.9341
2012;7;11;18;7.5525703;108.18297
2012;7;12;0;8.932512;95.54115
2012;7;12;6;9.842876;109.20032
2012;7;12;12;8.742682;119.29799
2012;7;12;18;5.5215287;128.69218
2012;7;13;0;5.7095423;115.40198
2012;7;13;6;8.350784;118.35596
2012;7;13;12;8.219372;130.00648
2012;7;13;18;6.023588;136.11642
2012;7;14;0;6.3804374;117.67859
2012;7;14;6;7.502158;112.41585
2012;7;14;12;6.846668;119.55992
2012;7;14;18;4.886752;126.987976
2012;7;15;0;6.243144;113.71571
2012;7;15;6;7.8875966;115.40405
2012;7;15;12;7.2045426;126.477905
2012;7;15;18;5.2191973;131.8077
2012;7;16;0;6.3575788;122.56064
2012;7;16;6;6.962133;118.96573
2012;7;16;12;5.904454;126.5405
2012;7;16;18;4.370332;128.71266
2012;7;17;0;6.128463;108.02406
2012;7;17;6;7.0217566;105.43677
2012;7;17;12;6.430264;119.58719
2012;7;17;18;4.7298794;122.93115
2012;7;18;0;6.0224094;108.51837
2012;7;18;6;6.542455;109.11076
2012;7;18;12;5.6301804;121.40251
2012;7;18;18;3.3479764;132.95016
2012;7;19;0;5.0446754;102.169815
2012;7;19;6;6.286552;104.7281
2012;7;19;12;7.20436;103.6389
2012;7;19;18;4.757815;113.36879
2012;7;20;0;7.239558;96.17659
2012;7;20;6;8.785726;101.07889
2012;7;20;12;9.49575;108.01749
2012;7;20;18;5.838147;118.257034
2012;7;21;0;8.93647;109.403305
2012;7;21;6;9.39281;121.12718
2012;7;21;12;9.350572;138.45053
2012;7;21;18;7.049873;150.30847
2012;7;22;0;5.6945963;145.4887
2012;7;22;6;6.0095367;121.972626
2012;7;22;12;5.372082;131.61061
2012;7;22;18;2.5675921;128.12791
2012;7;23;0;4.2901454;105.8374
2012;7;23;6;4.770926;95.99071
2012;7;23;12;3.933304;102.06644
2012;7;23;18;3.2990599;92.34419
2012;7;24;0;7.0250545;83.05713
2012;7;24;6;10.430169;90.84866
2012;7;24;12;10.340843;97.737274
2012;7;24;18;8.039734;106.81114
2012;7;25;0;7.84757;111.62784
2012;7;25;6;8.443759;113.305695
2012;7;25;12;6.7609277;125.84323
2012;7;25;18;5.751955;125.10298
2012;7;26;0;7.8457766;111.581985
2012;7;26;6;10.896208;105.5202
2012;7;26;12;12.030791;115.58028
2012;7;26;18;11.516461;125.53793
2012;7;27;0;10.819081;119.997116
2012;7;27;6;13.699334;127.25194
2012;7;27;12;13.75206;139.96376
2012;7;27;18;14.508007;136.84349
2012;7;28;0;16.604235;158.59055
2012;7;28;6;11.2895355;170.90247
2012;7;28;12;7.814124;173.65448
2012;7;28;18;5.3426356;153.16469
2012;7;29;0;5.7071996;128.59677
2012;7;29;6;5.1140256;128.62204
2012;7;29;12;7.107648;157.03757
2012;7;29;18;5.227151;154.1677
2012;7;30;0;5.152153;128.43332
2012;7;30;6;4.505976;129.88217
2012;7;30;12;5.173835;154.0358
2012;7;30;18;5.155872;123.58278
2012;7;31;0;6.668633;143.31226
2012;7;31;6;6.3577414;135.47841
2012;7;31;12;6.8412547;146.81122
2012;7;31;18;5.2328377;137.66695
2013;5;1;0;7.3541503;110.548935
2013;5;1;6;10.62049;115.35886
2013;5;1;12;11.36456;138.4148
2013;5;1;18;9.651081;198.37683
2013;5;2;0;6.81293;188.65416
2013;5;2;6;10.85004;166.73938
2013;5;2;12;15.93204;182.82416
2013;5;2;18;11.4742775;205.69852
2013;5;3;0;8.240061;229.43925
2013;5;3;6;7.120764;229.4032
2013;5;3;12;8.094213;235.30396
2013;5;3;18;8.397907;256.1367
2013;5;4;0;5.212613;304.50357
2013;5;4;6;4.1741796;304.21344
2013;5;4;12;3.8133957;288.45544
2013;5;4;18;3.2442758;295.398
2013;5;5;0;3.2868865;93.77783
2013;5;5;6;6.445523;123.24611
2013;5;5;12;9.005754;127.600006
2013;5;5;18;7.5456805;128.74336
2013;5;6;0;6.7298164;142.61673
2013;5;6;6;7.5620356;147.1761
2013;5;6;12;7.353062;157.47482
2013;5;6;18;8.656547;154.14902
2013;5;7;0;9.842306;144.60426
2013;5;7;6;12.740103;156.55493
2013;5;7;12;13.359076;176.18842
2013;5;7;18;11.524757;169.61429
2013;5;8;0;8.956943;165.71507
2013;5;8;6;9.041575;167.72589
2013;5;8;12;7.628977;174.86562
2013;5;8;18;3.3991907;235.92915
2013;5;9;0;2.9265049;104.68291
2013;5;9;6;9.08458;156.65234
2013;5;9;12;13.250734;151.21426
2013;5;9;18;12.73148;153.07254
2013;5;10;0;9.526077;159.62225
2013;5;10;6;6.6303763;156.55869
2013;5;10;12;10.22672;155.36346
2013;5;10;18;9.806103;195.65256
2013;5;11;0;2.7887185;94.61665
2013;5;11;6;4.0220914;190.51161
2013;5;11;12;3.327381;281.77322
2013;5;11;18;6.543794;293.93195
2013;5;12;0;4.619341;298.79797
2013;5;12;6;2.1553411;313.91037
2013;5;12;12;1.0804361;0.70758057
2013;5;12;18;2.1235676;296.38318
2013;5;13;0;1.5641909;103.20764
2013;5;13;6;3.5466747;126.728455
2013;5;13;12;5.248675;121.711365
2013;5;13;18;6.9951572;137.73512
2013;5;14;0;8.390906;132.8822
2013;5;14;6;9.467079;144.60817
2013;5;14;12;8.850145;142.97803
2013;5;14;18;5.2102284;206.4328
2013;5;15;0;3.5443778;165.54152
2013;5;15;6;3.6221454;200.52023
2013;5;15;12;3.0859742;250.1859
2013;5;15;18;3.6379256;245.19926
2013;5;16;0;1.8379977;143.86903
2013;5;16;6;4.609666;146.85367
2013;5;16;12;6.385873;134.07921
2013;5;16;18;4.2563014;257.75827
2013;5;17;0;3.2976294;290.0909
2013;5;17;6;3.2198718;328.83295
2013;5;17;12;5.8823743;307.62692
2013;5;17;18;5.785971;298.5147
2013;5;18;0;5.266509;301.08682
2013;5;18;6;3.1704938;310.9272
2013;5;18;12;5.1791453;348.25223
2013;5;18;18;7.180771;334.98785
2013;5;19;0;3.904806;337.9883
2013;5;19;6;2.4137049;342.0196
2013;5;19;12;1.2778114;88.29184
2013;5;19;18;3.6436827;304.5539
2013;5;20;0;2.7931712;296.4023
2013;5;20;6;1.1693075;154.53044
2013;5;20;12;3.7142365;163.78583
2013;5;20;18;3.2404332;176.00928
2013;5;21;0;5.343306;129.45393
2013;5;21;6;7.063551;125.98024
2013;5;21;12;6.8727775;133.20827
2013;5;21;18;5.8490195;144.26816
2013;5;22;0;6.2900786;130.78552
2013;5;22;6;6.555733;132.02899
2013;5;22;12;6.5336294;122.22325
2013;5;22;18;5.6090093;110.73636
2013;5;23;0;9.087783;148.16037
2013;5;23;6;9.427265;133.99794
2013;5;23;12;4.442809;173.11292
2013;5;23;18;2.5137444;220.75061
2013;5;24;0;0.76515365;155.79172
2013;5;24;6;4.310737;133.9331
2013;5;24;12;5.470791;141.5064
2013;5;24;18;3.1385942;159.22359
2013;5;25;0;4.5619574;121.70552
2013;5;25;6;6.164702;115.68089
2013;5;25;12;6.305806;114.40355
2013;5;25;18;4.7764015;119.4079
2013;5;26;0;4.27874;121.76564
2013;5;26;6;3.0405173;126.73172
2013;5;26;12;2.1393125;212.26404
2013;5;26;18;3.0409076;248.72723
2013;5;27;0;1.4023645;21.038208
2013;5;27;6;4.658835;114.19597
2013;5;27;12;5.7452965;124.861374
2013;5;27;18;4.9128003;119.95274
2013;5;28;0;7.989942;111.71544
2013;5;28;6;10.719486;127.45967
2013;5;28;12;10.719641;137.29915
2013;5;28;18;7.7436094;152.57587
2013;5;29;0;8.592932;128.93523
2013;5;29;6;9.645071;130.32101
2013;5;29;12;8.36148;130.7931
2013;5;29;18;6.6730623;126.44771
2013;5;30;0;6.858724;117.314896
2013;5;30;6;7.717733;117.23128
2013;5;30;12;6.4543915;123.933075
2013;5;30;18;4.0114927;128.78854
2013;5;31;0;5.909748;109.96373
2013;5;31;6;7.511963;104.91113
2013;5;31;12;5.9808784;122.61795
2013;5;31;18;4.4707127;129.84041
2013;6;1;0;6.762149;119.40617
2013;6;1;6;8.355622;121.12837
2013;6;1;12;9.0733595;128.20102
2013;6;1;18;6.9741974;136.69853
2013;6;2;0;7.96827;131.37163
2013;6;2;6;9.866491;124.554825
2013;6;2;12;9.88363;130.78088
2013;6;2;18;3.7244835;180.20099
2013;6;3;0;4.2291417;121.05855
2013;6;3;6;7.269892;125.84544
2013;6;3;12;8.348427;142.52737
2013;6;3;18;3.4670484;160.49997
2013;6;4;0;3.2947505;165.25563
2013;6;4;6;4.3087807;133.36096
2013;6;4;12;5.9007626;153.85812
2013;6;4;18;3.6440914;160.20444
2013;6;5;0;6.6723056;131.96704
2013;6;5;6;8.33538;130.45578
2013;6;5;12;8.03816;155.51683
2013;6;5;18;5.355734;162.027
2013;6;6;0;7.892678;137.2799
2013;6;6;6;11.24259;127.79346
2013;6;6;12;10.0081005;128.91563
2013;6;6;18;8.7866125;131.67981
2013;6;7;0;10.127002;122.74899
2013;6;7;6;10.278691;118.37039
2013;6;7;12;8.246438;123.08722
2013;6;7;18;7.1070337;117.394775
2013;6;8;0;8.716868;110.711
2013;6;8;6;9.011329;106.85954
2013;6;8;12;7.8469996;113.25331
2013;6;8;18;5.1447024;111.46005
2013;6;9;0;8.652828;92.917496
2013;6;9;6;10.885271;99.15079
2013;6;9;12;11.016399;105.81209
2013;6;9;18;8.969572;106.76453
2013;6;10;0;10.326246;105.924225
2013;6;10;6;10.585904;105.45384
2013;6;10;12;9.667778;110.43938
2013;6;10;18;8.97205;106.97325
2013;6;11;0;10.602626;109.90358
2013;6;11;6;11.619612;110.26219
2013;6;11;12;9.312361;124.99194
2013;6;11;18;7.6123395;128.40158
2013;6;12;0;9.126056;114.175934
2013;6;12;6;10.761693;105.968414
2013;6;12;12;10.719756;112.805145
2013;6;12;18;9.130109;120.28081
2013;6;13;0;9.598455;117.90184
2013;6;13;6;10.446435;123.16557
2013;6;13;12;9.798779;139.93797
2013;6;13;18;5.9923086;136.2378
2013;6;14;0;5.8355694;114.82048
2013;6;14;6;5.6952705;105.08659
2013;6;14;12;2.6453264;121.643265
2013;6;14;18;1.2479094;276.32535
2013;6;15;0;1.2072582;241.13634
2013;6;15;6;3.8223886;126.55145
2013;6;15;12;5.3487344;116.08359
2013;6;15;18;3.3176067;166.80975
2013;6;16;0;4.585243;123.97661
2013;6;16;6;6.738552;118.72061
2013;6;16;12;7.069458;118.42888
2013;6;16;18;5.6243095;125.85535
2013;6;17;0;7.8346562;117.739334
2013;6;17;6;9.002113;128.27425
2013;6;17;12;7.569764;138.00995
2013;6;17;18;5.483713;146.56256
2013;6;18;0;6.158284;125.323425
2013;6;18;6;7.083717;115.25304
2013;6;18;12;6.0310035;119.73627
2013;6;18;18;3.1596384;138.5334
2013;6;19;0;4.5665007;107.07208
2013;6;19;6;6.5536985;101.50365
2013;6;19;12;5.922574;114.29634
2013;6;19;18;5.5357604;124.73093
2013;6;20;0;5.8032155;125.70633
2013;6;20;6;7.5494685;111.09297
2013;6;20;12;6.8975897;122.27904
2013;6;20;18;4.8107924;142.58649
2013;6;21;0;6.071743;131.51642
2013;6;21;6;7.028218;135.31036
2013;6;21;12;7.978368;138.03696
2013;6;21;18;8.535308;124.039825
2013;6;22;0;8.594637;121.162674
2013;6;22;6;10.3489685;126.5045
2013;6;22;12;8.848731;139.82973
2013;6;22;18;6.9957986;126.8156
2013;6;23;0;4.5532913;178.25943
2013;6;23;6;6.495379;119.656296
2013;6;23;12;9.252063;124.37456
2013;6;23;18;9.1310215;120.79274
2013;6;24;0;10.015825;136.79984
2013;6;24;6;10.066803;127.04448
2013;6;24;12;10.163119;129.78973
2013;6;24;18;7.4100194;117.052
2013;6;25;0;8.225166;119.46785
2013;6;25;6;9.207428;123.57294
2013;6;25;12;8.603524;120.28325
2013;6;25;18;7.055023;98.139084
2013;6;26;0;8.412366;86.36459
2013;6;26;6;11.787245;91.92944
2013;6;26;12;11.979676;108.5623
2013;6;26;18;7.404645;114.75342
2013;6;27;0;6.814664;108.80257
2013;6;27;6;6.1025195;129.15321
2013;6;27;12;4.331416;151.20258
2013;6;27;18;2.5246015;220.49222
2013;6;28;0;1.0613024;117.23909
2013;6;28;6;4.85519;166.00769
2013;6;28;12;6.607451;193.84982
2013;6;28;18;4.3306804;179.88824
2013;6;29;0;4.347231;130.4275
2013;6;29;6;5.9107895;91.771545
2013;6;29;12;3.2151976;117.061554
2013;6;29;18;3.2630954;303.7611
2013;6;30;0;4.337561;261.70367
2013;6;30;6;4.022715;268.64905
2013;6;30;12;3.2500126;274.6511
2013;6;30;18;4.294071;294.5352
2013;7;1;0;3.4763482;322.0457
2013;7;1;6;3.878834;73.36951
2013;7;1;12;3.65572;134.36388
2013;7;1;18;3.4625158;140.32372
2013;7;2;0;5.828911;123.96112
2013;7;2;6;7.98569;120.28693
2013;7;2;12;8.012714;124.94342
2013;7;2;18;7.6568036;128.8698
2013;7;3;0;9.671777;115.63353
2013;7;3;6;10.969006;114.47136
2013;7;3;12;10.660086;118.42108
2013;7;3;18;8.229705;130.73712
2013;7;4;0;8.207596;127.71222
2013;7;4;6;9.793647;119.044235
2013;7;4;12;9.360692;124.37634
2013;7;4;18;6.12214;118.55356
2013;7;5;0;6.507405;104.92944
2013;7;5;6;8.089569;98.215164
2013;7;5;12;7.3616624;110.20805
2013;7;5;18;4.277583;119.687744
2013;7;6;0;4.89669;114.29755
2013;7;6;6;4.9638815;111.15765
2013;7;6;12;5.538364;112.34169
2013;7;6;18;4.0136943;131.96994
2013;7;7;0;6.91275;109.43565
2013;7;7;6;8.987092;112.4375
2013;7;7;12;9.506339;109.85896
2013;7;7;18;9.290449;116.6985
2013;7;8;0;9.024563;127.65669
2013;7;8;6;8.81662;127.07378
2013;7;8;12;7.7483478;122.07025
2013;7;8;18;6.4343896;156.36325
2013;7;9;0;7.356424;126.730194
2013;7;9;6;9.437562;126.58984
2013;7;9;12;9.72135;142.24612
2013;7;9;18;7.5266294;144.47206
2013;7;10;0;5.7471986;142.61435
2013;7;10;6;7.1987123;125.37804
2013;7;10;12;6.0514684;137.78694
2013;7;10;18;1.8570518;177.89742
2013;7;11;0;4.678361;273.83875
2013;7;11;6;6.3647466;238.9382
2013;7;11;12;6.279351;245.56528
2013;7;11;18;3.2476294;232.65129
2013;7;12;0;4.0621634;117.667755
2013;7;12;6;8.393072;109.73662
2013;7;12;12;11.903905;113.82457
2013;7;12;18;12.04479;113.44441
2013;7;13;0;6.4902554;147.90698
2013;7;13;6;2.5163417;117.19194
2013;7;13;12;3.1377559;133.11017
2013;7;13;18;1.7999613;185.89981
2013;7;14;0;2.5489728;131.0658
2013;7;14;6;7.75202;99.20862
2013;7;14;12;8.808628;107.39604
2013;7;14;18;6.8478756;117.8976
2013;7;15;0;8.795455;112.81877
2013;7;15;6;9.931511;115.69989
2013;7;15;12;8.359346;127.553406
2013;7;15;18;5.697571;135.31754
2013;7;16;0;5.268831;110.95926
2013;7;16;6;5.5015507;93.758896
2013;7;16;12;3.5190012;103.79353
2013;7;16;18;0.9137285;281.64108
2013;7;17;0;1.227325;273.93274
2013;7;17;6;0.79897445;176.06575
2013;7;17;12;3.3829992;127.80852
2013;7;17;18;4.9079943;140.20079
2013;7;18;0;5.334318;119.281296
2013;7;18;6;7.0318513;143.22638
2013;7;18;12;6.404351;168.02061
2013;7;18;18;5.6235743;163.2219
2013;7;19;0;7.1799383;135.51097
2013;7;19;6;7.5845456;138.60506
2013;7;19;12;7.198903;151.8912
2013;7;19;18;3.752569;174.00208
2013;7;20;0;6.4418473;119.11932
2013;7;20;6;9.50355;115.524475
2013;7;20;12;8.971057;138.66666
2013;7;20;18;6.7024684;150.56342
2013;7;21;0;7.4483275;132.42307
2013;7;21;6;7.035209;128.78792
2013;7;21;12;5.7179384;128.94476
2013;7;21;18;4.844624;124.81146
2013;7;22;0;8.068867;109.14963
2013;7;22;6;9.979024;113.2802
2013;7;22;12;9.177454;123.80333
2013;7;22;18;7.372605;137.52777
2013;7;23;0;8.25216;126.30574
2013;7;23;6;9.329976;122.01404
2013;7;23;12;8.88762;126.93588
2013;7;23;18;8.120453;126.27904
2013;7;24;0;10.008326;121.30609
2013;7;24;6;10.1967125;121.8387
2013;7;24;12;9.23141;129.76382
2013;7;24;18;8.297652;139.14297
2013;7;25;0;6.1653786;133.00891
2013;7;25;6;8.304353;120.16031
2013;7;25;12;8.917824;148.90479
2013;7;25;18;6.893558;167.99033
2013;7;26;0;9.854384;122.02026
2013;7;26;6;8.044176;157.41106
2013;7;26;12;8.024671;168.6822
2013;7;26;18;3.7055821;166.04604
2013;7;27;0;4.394092;172.90588
2013;7;27;6;3.06298;212.85841
2013;7;27;12;1.8818296;249.93343
2013;7;27;18;1.5996208;261.11133
2013;7;28;0;2.710501;157.96802
2013;7;28;6;4.5947766;150.0871
2013;7;28;12;6.5860815;147.64899
2013;7;28;18;3.453405;168.55206
2013;7;29;0;3.092074;155.39603
2013;7;29;6;2.854511;144.91733
2013;7;29;12;3.8827372;189.63782
2013;7;29;18;3.9218628;190.11649
2013;7;30;0;3.4178743;179.0334
2013;7;30;6;3.630249;201.28836
2013;7;30;12;4.1945996;202.19008
2013;7;30;18;4.2750072;162.24791
2013;7;31;0;7.7375345;124.37752
2013;7;31;6;11.991806;124.96805
2013;7;31;12;7.859174;155.84819
2013;7;31;18;8.961592;163.34692
2014;5;1;0;8.664031;153.8959
2014;5;1;6;9.123245;148.15164
2014;5;1;12;9.282234;147.6964
2014;5;1;18;7.308906;152.03745
2014;5;2;0;7.7541337;135.5984
2014;5;2;6;8.163776;135.7425
2014;5;2;12;6.784159;140.83928
2014;5;2;18;7.0748315;146.83386
2014;5;3;0;9.2513275;138.0319
2014;5;3;6;9.830907;126.1257
2014;5;3;12;8.502197;129.34915
2014;5;3;18;5.9426255;143.67802
2014;5;4;0;5.732657;128.47871
2014;5;4;6;5.656383;119.912415
2014;5;4;12;2.886548;162.82088
2014;5;4;18;3.8499804;260.70197
2014;5;5;0;5.0248084;247.54842
2014;5;5;6;3.9627311;259.2276
2014;5;5;12;2.706732;81.72528
2014;5;5;18;4.192308;108.12036
2014;5;6;0;7.5433135;105.08006
2014;5;6;6;9.020025;104.97586
2014;5;6;12;5.48695;132.82213
2014;5;6;18;3.360139;139.15572
2014;5;7;0;2.5613725;151.45589
2014;5;7;6;6.4926805;134.30186
2014;5;7;12;6.808197;156.47046
2014;5;7;18;6.39732;126.46948
2014;5;8;0;7.90972;113.47008
2014;5;8;6;10.083277;128.02533
2014;5;8;12;10.726307;129.24197
2014;5;8;18;8.819481;125.42105
2014;5;9;0;8.073059;114.59631
2014;5;9;6;9.593715;100.04613
2014;5;9;12;8.669105;94.609085
2014;5;9;18;7.985516;97.97414
2014;5;10;0;9.635212;98.789505
2014;5;10;6;10.1013;98.267654
2014;5;10;12;8.611159;105.03822
2014;5;10;18;5.579614;113.158646
2014;5;11;0;6.6500974;111.73988
2014;5;11;6;6.9869676;111.44165
2014;5;11;12;5.085752;122.630646
2014;5;11;18;2.3732307;138.77887
2014;5;12;0;4.7926145;100.30173
2014;5;12;6;5.7111735;97.5645
2014;5;12;12;5.4396076;95.9648
2014;5;12;18;3.5891647;103.11499
2014;5;13;0;5.446462;99.497345
2014;5;13;6;8.108121;102.66881
2014;5;13;12;8.458407;127.94502
2014;5;13;18;8.884851;131.83438
2014;5;14;0;9.959754;125.7917
2014;5;14;6;10.7059355;128.18924
2014;5;14;12;8.230317;148.30347
2014;5;14;18;4.861208;190.41525
2014;5;15;0;5.7757545;184.80713
2014;5;15;6;4.8846416;200.12656
2014;5;15;12;5.4289713;199.04475
2014;5;15;18;4.7417293;190.73428
2014;5;16;0;4.47612;140.22443
2014;5;16;6;2.881529;158.06033
2014;5;16;12;4.1110387;275.8347
2014;5;16;18;4.854441;284.4611
2014;5;17;0;0.7328596;234.3189
2014;5;17;6;5.330625;167.10934
2014;5;17;12;5.5512004;208.80066
2014;5;17;18;2.675293;248.66675
2014;5;18;0;3.2634485;183.57303
2014;5;18;6;4.6979523;166.15858
2014;5;18;12;6.188842;141.34851
2014;5;18;18;4.6782084;163.71625
2014;5;19;0;6.5181866;169.52014
2014;5;19;6;4.9796224;216.93211
2014;5;19;12;6.1561337;236.21684
2014;5;19;18;4.7036414;237.30193
2014;5;20;0;2.9496794;194.0631
2014;5;20;6;3.914755;150.04413
2014;5;20;12;5.2498665;145.23634
2014;5;20;18;4.8720098;154.05052
2014;5;21;0;5.530752;157.66235
2014;5;21;6;4.6873302;166.45078
2014;5;21;12;5.5740123;227.18787
2014;5;21;18;4.7933946;219.84293
2014;5;22;0;5.2759347;241.84416
2014;5;22;6;5.0263186;143.79318
2014;5;22;12;7.9692235;130.01357
2014;5;22;18;8.223183;120.82889
2014;5;23;0;9.945391;121.72032
2014;5;23;6;7.708001;124.89876
2014;5;23;12;1.642992;200.8373
2014;5;23;18;5.3257647;294.84958
2014;5;24;0;4.6861777;270.52267
2014;5;24;6;3.0980647;253.52635
2014;5;24;12;2.6237743;345.1608
2014;5;24;18;6.3415833;310.04837
2014;5;25;0;4.092204;318.56927
2014;5;25;6;1.033978;63.666443
2014;5;25;12;2.2488751;219.11072
2014;5;25;18;2.637374;132.05615
2014;5;26;0;3.8173983;122.38739
2014;5;26;6;7.2199087;123.48038
2014;5;26;12;7.049736;140.69435
2014;5;26;18;4.4379883;161.26213
2014;5;27;0;5.557045;116.88284
2014;5;27;6;5.964789;106.30452
2014;5;27;12;4.5245185;107.73392
2014;5;27;18;3.3438725;211.16331
2014;5;28;0;5.2320137;137.43361
2014;5;28;6;7.7869062;113.79819
2014;5;28;12;7.068352;131.47675
2014;5;28;18;6.2291155;136.23677
2014;5;29;0;7.6627626;126.671585
2014;5;29;6;8.329099;119.06575
2014;5;29;12;9.279916;118.40575
2014;5;29;18;7.7835603;123.68779
2014;5;30;0;8.490744;121.52008
2014;5;30;6;9.25386;118.313
2014;5;30;12;8.263865;130.53952
2014;5;30;18;5.921802;144.1083
2014;5;31;0;7.0462437;128.04646
2014;5;31;6;7.5546856;121.68643
2014;5;31;12;6.34789;124.901215
2014;5;31;18;4.5124784;117.281265
2014;6;1;0;7.2506022;100.248505
2014;6;1;6;9.383455;102.11691
2014;6;1;12;10.00843;103.789795
2014;6;1;18;10.003312;105.364
2014;6;2;0;11.956422;104.8004
2014;6;2;6;12.237363;114.60179
2014;6;2;12;9.727223;133.96687
2014;6;2;18;8.626034;135.13768
2014;6;3;0;10.693618;121.96747
2014;6;3;6;11.911187;121.147156
2014;6;3;12;10.125429;133.02005
2014;6;3;18;6.3027453;150.49477
2014;6;4;0;6.1725035;149.48108
2014;6;4;6;6.7727957;149.75543
2014;6;4;12;6.2023716;164.01115
2014;6;4;18;5.2084265;171.01627
2014;6;5;0;7.214292;113.25081
2014;6;5;6;11.582431;120.340164
2014;6;5;12;11.792827;141.65302
2014;6;5;18;11.260799;150.89824
2014;6;6;0;9.731743;174.13855
2014;6;6;6;9.877198;173.22688
2014;6;6;12;10.895651;187.09987
2014;6;6;18;9.920791;196.44812
2014;6;7;0;7.0608253;180.73361
2014;6;7;6;6.813543;180.49564
2014;6;7;12;4.3122654;212.8689
2014;6;7;18;3.1162393;252.5445
2014;6;8;0;4.0704765;238.4136
2014;6;8;6;1.4788876;278.16174
2014;6;8;12;4.22762;108.05147
2014;6;8;18;6.0644784;108.795746
2014;6;9;0;7.9047627;112.65074
2014;6;9;6;9.968162;117.039215
2014;6;9;12;8.274269;130.38004
2014;6;9;18;6.4136133;131.81932
2014;6;10;0;9.633739;120.91821
2014;6;10;6;10.721405;119.60666
2014;6;10;12;10.553742;128.97751
2014;6;10;18;8.525209;135.58191
2014;6;11;0;10.01486;123.51781
2014;6;11;6;8.852853;122.67856
2014;6;11;12;7.2949734;121.01424
2014;6;11;18;5.998729;121.268234
2014;6;12;0;7.4761066;122.61029
2014;6;12;6;8.39019;141.33951
2014;6;12;12;6.9518557;151.57744
2014;6;12;18;4.6289167;143.06622
2014;6;13;0;5.837681;123.11984
2014;6;13;6;7.428607;115.97427
2014;6;13;12;7.2764006;123.33377
2014;6;13;18;5.9512653;128.88371
2014;6;14;0;7.3421664;120.18581
2014;6;14;6;7.8633595;115.72241
2014;6;14;12;7.510193;118.99217
2014;6;14;18;6.902213;118.25444
2014;6;15;0;9.301262;111.018585
2014;6;15;6;10.234186;114.633026
2014;6;15;12;10.967291;116.014084
2014;6;15;18;9.643617;121.72032
2014;6;16;0;10.420851;115.89624
2014;6;16;6;11.660772;114.04709
2014;6;16;12;10.881326;120.05025
2014;6;16;18;8.599551;121.16521
2014;6;17;0;7.498497;114.44035
2014;6;17;6;4.8578696;143.79675
2014;6;17;12;3.778075;215.90149
2014;6;17;18;1.6766287;207.74556
2014;6;18;0;2.6212885;143.96347
2014;6;18;6;5.0086203;116.02504
2014;6;18;12;8.495534;113.00018
2014;6;18;18;9.190639;100.605896
2014;6;19;0;7.2079916;132.58842
2014;6;19;6;5.765304;149.37704
2014;6;19;12;3.6289494;171.29166
2014;6;19;18;2.796706;225.02225
2014;6;20;0;4.1981425;103.446945
2014;6;20;6;7.1931486;103.37193
2014;6;20;12;8.66364;117.69832
2014;6;20;18;7.771435;123.189896
2014;6;21;0;7.969492;125.52185
2014;6;21;6;9.154167;128.83348
2014;6;21;12;7.6494417;143.4401
2014;6;21;18;4.964928;160.91226
2014;6;22;0;7.228391;135.41504
2014;6;22;6;7.659183;154.4902
2014;6;22;12;10.144793;136.95169
2014;6;22;18;8.319276;132.32655
2014;6;23;0;8.963248;128.74316
2014;6;23;6;11.94186;135.16699
2014;6;23;12;12.430132;150.45476
2014;6;23;18;9.998209;149.1207
2014;6;24;0;10.3744135;132.76648
2014;6;24;6;11.911221;130.74734
2014;6;24;12;11.631178;139.91861
2014;6;24;18;10.509867;141.89761
2014;6;25;0;13.196429;132.21843
2014;6;25;6;15.281143;130.84932
2014;6;25;12;14.601319;151.09334
2014;6;25;18;10.174593;158.23221
2014;6;26;0;9.978266;142.81827
2014;6;26;6;9.6805725;139.60176
2014;6;26;12;10.18489;129.33546
2014;6;26;18;7.459847;148.70059
2014;6;27;0;6.3743057;135.68788
2014;6;27;6;7.238452;138.30667
2014;6;27;12;6.2592554;162.81433
2014;6;27;18;9.332492;163.60944
2014;6;28;0;9.890639;133.08313
2014;6;28;6;11.727434;144.99371
2014;6;28;12;13.516748;147.70462
2014;6;28;18;10.553033;158.48819
2014;6;29;0;8.468886;165.9784
2014;6;29;6;6.339531;151.27466
2014;6;29;12;2.3579862;152.12997
2014;6;29;18;3.2004733;271.0331
2014;6;30;0;2.7624104;295.05334
2014;6;30;6;2.4180367;133.02876
2014;6;30;12;4.026223;119.9874
2014;6;30;18;1.8409117;85.82361
2014;7;1;0;4.8576694;94.96666
2014;7;1;6;7.1225567;100.98569
2014;7;1;12;6.5750036;105.045166
2014;7;1;18;1.9514806;300.58527
2014;7;2;0;3.425077;25.978027
2014;7;2;6;2.8474317;76.92175
2014;7;2;12;3.143409;91.78209
2014;7;2;18;1.3504338;130.18346
2014;7;3;0;4.9803658;90.30505
2014;7;3;6;8.102778;102.865814
2014;7;3;12;9.56893;110.05739
2014;7;3;18;8.51551;119.19327
2014;7;4;0;9.66138;120.540924
2014;7;4;6;11.294788;119.587265
2014;7;4;12;9.20364;134.20702
2014;7;4;18;5.5256977;139.30582
2014;7;5;0;9.277903;112.49919
2014;7;5;6;10.661052;117.46442
2014;7;5;12;9.080027;133.26581
2014;7;5;18;5.4803753;148.98749
2014;7;6;0;4.8045664;141.74773
2014;7;6;6;5.8516827;145.43178
2014;7;6;12;6.0571446;154.62575
2014;7;6;18;2.8949893;168.88602
2014;7;7;0;3.1666906;124.83229
2014;7;7;6;5.2251263;112.9986
2014;7;7;12;10.024226;113.11299
2014;7;7;18;9.381134;119.954025
2014;7;8;0;13.835975;124.97679
2014;7;8;6;12.701576;131.43799
2014;7;8;12;11.750018;119.600845
2014;7;8;18;10.358887;112.99831
2014;7;9;0;9.81561;115.580215
2014;7;9;6;8.652312;129.53734
2014;7;9;12;6.214291;144.80316
2014;7;9;18;3.852043;151.34187
2014;7;10;0;3.1275496;122.90823
2014;7;10;6;2.9943867;106.91034
2014;7;10;12;2.554571;109.33179
2014;7;10;18;1.6026981;86.39313
2014;7;11;0;5.963452;101.36882
2014;7;11;6;8.4035845;110.10925
2014;7;11;12;8.996235;121.8074
2014;7;11;18;7.353389;128.96062
2014;7;12;0;7.5627584;134.63358
2014;7;12;6;8.506075;122.101456
2014;7;12;12;7.42878;122.59796
2014;7;12;18;5.3947206;122.01521
2014;7;13;0;6.674797;114.451004
2014;7;13;6;7.1070666;115.261475
2014;7;13;12;4.948742;130.6609
2014;7;13;18;2.4700775;111.35231
2014;7;14;0;3.7849424;85.990906
2014;7;14;6;5.3030014;82.49695
2014;7;14;12;4.5830374;102.39189
2014;7;14;18;0.61797595;75.16034
2014;7;15;0;3.8879845;83.552765
2014;7;15;6;4.9702773;98.65213
2014;7;15;12;5.5769224;103.67076
2014;7;15;18;4.695325;108.04169
2014;7;16;0;6.664185;109.38924
2014;7;16;6;7.5122375;113.222626
2014;7;16;12;5.2276726;124.12544
2014;7;16;18;1.943796;178.81645
2014;7;17;0;3.1588628;140.49948
2014;7;17;6;3.507581;140.32957
2014;7;17;12;4.221428;129.44244
2014;7;17;18;2.5427744;168.04521
2014;7;18;0;5.0038953;101.063416
2014;7;18;6;7.30579;99.66095
2014;7;18;12;8.574578;106.50774
2014;7;18;18;7.4855647;108.1602
2014;7;19;0;7.65476;98.29819
2014;7;19;6;9.253449;102.61131
2014;7;19;12;11.170179;119.88968
2014;7;19;18;9.661967;125.91962
2014;7;20;0;10.69967;121.871735
2014;7;20;6;11.090614;122.06746
2014;7;20;12;11.217451;128.13748
2014;7;20;18;10.3379345;131.73337
2014;7;21;0;10.630868;123.19101
2014;7;21;6;11.199641;125.13161
2014;7;21;12;9.717997;127.69362
2014;7;21;18;8.342899;124.19603
2014;7;22;0;9.626762;114.80788
2014;7;22;6;10.136341;111.56529
2014;7;22;12;10.561564;113.07356
2014;7;22;18;9.31505;123.136505
2014;7;23;0;10.518354;123.83853
2014;7;23;6;9.704737;122.8055
2014;7;23;12;8.744105;120.96034
2014;7;23;18;5.6813564;123.27049
2014;7;24;0;7.9276633;109.72464
2014;7;24;6;8.479325;105.07417
2014;7;24;12;7.6728673;104.74936
2014;7;24;18;5.850155;102.95778
2014;7;25;0;8.146844;100.682755
2014;7;25;6;8.172452;112.29341
2014;7;25;12;7.366835;128.67133
2014;7;25;18;4.739825;150.66043
2014;7;26;0;5.7379255;118.90613
2014;7;26;6;6.838847;103.32025
2014;7;26;12;7.8967104;112.55003
2014;7;26;18;7.2497954;113.87863
2014;7;27;0;10.219349;105.99629
2014;7;27;6;11.285826;112.414856
2014;7;27;12;10.566654;116.232254
2014;7;27;18;8.397962;121.338165
2014;7;28;0;7.313995;125.40878
2014;7;28;6;6.4932165;125.86006
2014;7;28;12;3.9594626;137.87758
2014;7;28;18;2.192054;165.88383
2014;7;29;0;5.1758842;102.59575
2014;7;29;6;6.672481;116.67134
2014;7;29;12;5.9793367;131.14197
2014;7;29;18;4.3083696;158.84103
2014;7;30;0;3.74132;198.433
2014;7;30;6;2.3732574;190.32805
2014;7;30;12;4.3607893;119.50186
2014;7;30;18;5.0726247;132.62114
2014;7;31;0;7.433998;120.13916
2014;7;31;6;9.003552;121.96103
2014;7;31;12;5.6684494;148.37715
2014;7;31;18;3.9193685;205.09845
2015;5;1;0;2.6870813;320.08914
2015;5;1;6;0.5741549;267.9004
2015;5;1;12;1.2277449;133.6977
2015;5;1;18;2.4460893;123.349
2015;5;2;0;4.5679026;88.76697
2015;5;2;6;7.1370025;98.85475
2015;5;2;12;8.476206;122.046646
2015;5;2;18;3.9049308;119.67493
2015;5;3;0;7.6285872;122.435
2015;5;3;6;10.955396;131.65915
2015;5;3;12;10.96552;160.65239
2015;5;3;18;5.4951572;192.3897
2015;5;4;0;5.3578434;152.12135
2015;5;4;6;6.5972733;158.92511
2015;5;4;12;6.6798787;172.65741
2015;5;4;18;6.2843328;182.3842
2015;5;5;0;8.060405;140.8449
2015;5;5;6;9.571422;131.8197
2015;5;5;12;9.206711;135.2254
2015;5;5;18;6.745663;158.10138
2015;5;6;0;6.2358165;148.62955
2015;5;6;6;7.7643495;129.33064
2015;5;6;12;6.729644;136.43713
2015;5;6;18;4.8873982;142.65251
2015;5;7;0;5.609572;134.16765
2015;5;7;6;5.4651713;130.56526
2015;5;7;12;4.8351045;129.21819
2015;5;7;18;3.288963;146.18011
2015;5;8;0;5.2383046;110.44833
2015;5;8;6;6.777016;113.003784
2015;5;8;12;9.476125;121.87068
2015;5;8;18;9.825659;125.888336
2015;5;9;0;8.907284;130.24011
2015;5;9;6;5.452529;183.86096
2015;5;9;12;2.616228;259.63855
2015;5;9;18;1.7017806;283.17908
2015;5;10;0;2.69759;57.76956
2015;5;10;6;6.939285;131.2335
2015;5;10;12;8.987957;128.30966
2015;5;10;18;5.0130773;166.05716
2015;5;11;0;5.391037;144.43909
2015;5;11;6;6.0900455;134.54555
2015;5;11;12;6.694904;133.88815
2015;5;11;18;3.9211643;163.01834
2015;5;12;0;5.76062;133.86537
2015;5;12;6;7.338461;130.44926
2015;5;12;12;7.528282;133.88387
2015;5;12;18;5.073957;140.57625
2015;5;13;0;5.8757167;123.51477
2015;5;13;6;7.613725;123.98593
2015;5;13;12;10.527997;128.20747
2015;5;13;18;7.5807076;129.92111
2015;5;14;0;9.280981;117.659134
2015;5;14;6;12.5420475;110.456635
2015;5;14;12;12.131296;113.381485
2015;5;14;18;9.5494795;135.8456
2015;5;15;0;8.325465;123.48483
2015;5;15;6;6.485785;142.12383
2015;5;15;12;4.848579;136.83119
2015;5;15;18;1.226631;228.60634
2015;5;16;0;1.0878718;58.114105
2015;5;16;6;1.793651;23.992981
2015;5;16;12;2.7186346;171.51598
2015;5;16;18;4.177978;186.03796
2015;5;17;0;7.788438;135.48685
2015;5;17;6;9.531882;169.04614
2015;5;17;12;7.880909;210.80307
2015;5;17;18;5.6868815;205.06943
2015;5;18;0;8.50577;182.3052
2015;5;18;6;10.618246;149.16327
2015;5;18;12;11.920292;168.69376
2015;5;18;18;8.413936;160.34589
2015;5;19;0;3.843849;279.8405
2015;5;19;6;1.7113086;102.199615
2015;5;19;12;4.2981825;274.17242
2015;5;19;18;6.9922967;311.5655
2015;5;20;0;6.6679187;315.42413
2015;5;20;6;1.8671651;42.55072
2015;5;20;12;4.027817;284.91586
2015;5;20;18;7.8088503;295.9636
2015;5;21;0;6.733438;296.11972
2015;5;21;6;4.1691246;297.03802
2015;5;21;12;2.4896743;303.76028
2015;5;21;18;1.3370919;115.71454
2015;5;22;0;9.495235;118.048706
2015;5;22;6;12.425597;132.68869
2015;5;22;12;12.30569;151.35059
2015;5;22;18;8.631036;172.7804
2015;5;23;0;3.7734685;175.56714
2015;5;23;6;1.6444432;216.82956
2015;5;23;12;2.7307026;202.57361
2015;5;23;18;2.423289;208.50458
2015;5;24;0;2.1790266;128.85855
2015;5;24;6;6.820236;112.72168
2015;5;24;12;8.211233;109.94533
2015;5;24;18;8.563056;112.55339
2015;5;25;0;13.046049;136.73825
2015;5;25;6;13.086545;155.01532
2015;5;25;12;10.229011;154.87115
2015;5;25;18;4.379687;188.1593
2015;5;26;0;3.0449092;122.03903
2015;5;26;6;4.700059;128.53752
2015;5;26;12;5.1488895;131.95473
2015;5;26;18;2.5409138;137.23306
2015;5;27;0;5.1563396;116.532
2015;5;27;6;7.4788465;111.96834
2015;5;27;12;8.531146;124.72044
2015;5;27;18;8.195954;143.60544
2015;5;28;0;6.92389;124.07991
2015;5;28;6;4.8145146;123.227295
2015;5;28;12;5.8238344;110.983444
2015;5;28;18;3.1316433;120.520096
2015;5;29;0;11.858631;112.95822
2015;5;29;6;16.734299;133.86877
2015;5;29;12;15.743476;143.01886
2015;5;29;18;12.806597;136.6881
2015;5;30;0;10.009503;116.4169
2015;5;30;6;11.633004;110.01311
2015;5;30;12;11.222436;123.88292
2015;5;30;18;8.92455;126.8313
2015;5;31;0;10.238128;125.25339
2015;5;31;6;10.862051;116.75592
2015;5;31;12;9.744903;115.70178
2015;5;31;18;7.0476413;119.13637
2015;6;1;0;7.8571334;104.51326
2015;6;1;6;8.33763;104.6945
2015;6;1;12;7.329775;109.85593
2015;6;1;18;5.4634056;127.62364
2015;6;2;0;6.42942;112.40268
2015;6;2;6;8.378317;111.280685
2015;6;2;12;7.5202494;123.34877
2015;6;2;18;5.15813;125.756454
2015;6;3;0;6.445135;117.95404
2015;6;3;6;7.472627;118.29083
2015;6;3;12;6.446333;127.10106
2015;6;3;18;3.8919294;135.75142
2015;6;4;0;5.6811066;111.8746
2015;6;4;6;7.518077;110.26674
2015;6;4;12;8.24613;120.24783
2015;6;4;18;7.0201287;124.40604
2015;6;5;0;10.408912;112.778885
2015;6;5;6;12.588241;120.64807
2015;6;5;12;12.639186;134.55064
2015;6;5;18;8.288545;143.67456
2015;6;6;0;7.596453;131.12958
2015;6;6;6;6.743125;129.00124
2015;6;6;12;5.969599;147.51149
2015;6;6;18;3.8912876;154.75217
2015;6;7;0;5.105426;135.03242
2015;6;7;6;7.1472273;121.594955
2015;6;7;12;9.022986;129.03069
2015;6;7;18;4.541713;162.5386
2015;6;8;0;3.4115622;171.4541
2015;6;8;6;3.3070388;200.84756
2015;6;8;12;4.215711;220.05827
2015;6;8;18;4.9476857;242.78943
2015;6;9;0;2.733747;245.21283
2015;6;9;6;1.3754034;310.6187
2015;6;9;12;2.6894474;295.96146
2015;6;9;18;4.517587;314.0501
2015;6;10;0;3.4213555;314.90622
2015;6;10;6;2.8937626;72.29083
2015;6;10;12;4.9170737;135.6944
2015;6;10;18;3.7381527;146.91255
2015;6;11;0;5.5842476;116.99225
2015;6;11;6;6.9557486;117.62636
2015;6;11;12;6.8098373;121.59354
2015;6;11;18;5.950854;119.751175
2015;6;12;0;9.196664;106.79666
2015;6;12;6;11.053026;107.36679
2015;6;12;12;9.616439;117.34541
2015;6;12;18;6.2938485;129.3333
2015;6;13;0;6.7798023;117.63336
2015;6;13;6;7.3106174;124.89433
2015;6;13;12;6.318086;147.64236
2015;6;13;18;3.6679015;151.59343
2015;6;14;0;5.9821973;125.02286
2015;6;14;6;6.217436;124.702774
2015;6;14;12;5.193902;147.38792
2015;6;14;18;2.7941105;166.12949
2015;6;15;0;4.549602;125.0896
2015;6;15;6;6.912335;112.18822
2015;6;15;12;6.833276;122.016846
2015;6;15;18;5.9807725;119.6113
2015;6;16;0;8.863854;142.1489
2015;6;16;6;10.0422945;127.59895
2015;6;16;12;9.118082;147.57
2015;6;16;18;6.4208994;156.14711
2015;6;17;0;5.881126;140.53351
2015;6;17;6;6.3294826;148.10185
2015;6;17;12;5.658406;165.46434
2015;6;17;18;2.7681432;173.24646
2015;6;18;0;6.247574;122.98305
2015;6;18;6;8.085847;122.737885
2015;6;18;12;7.808189;140.86888
2015;6;18;18;5.562599;134.60579
2015;6;19;0;7.5328264;158.50569
2015;6;19;6;7.5310745;169.89856
2015;6;19;12;6.690699;138.2897
2015;6;19;18;5.460813;128.78268
2015;6;20;0;7.496222;135.60408
2015;6;20;6;8.916736;132.84998
2015;6;20;12;9.316593;138.4393
2015;6;20;18;6.809031;156.30673
2015;6;21;0;5.1517367;146.50955
2015;6;21;6;2.9254413;157.8005
2015;6;21;12;3.7008388;159.55814
2015;6;21;18;5.6388946;159.11246
2015;6;22;0;8.145216;129.21251
2015;6;22;6;9.134667;127.955734
2015;6;22;12;9.126888;135.29887
2015;6;22;18;7.3216224;151.0486
2015;6;23;0;7.463196;128.1716
2015;6;23;6;8.325731;122.76262
2015;6;23;12;8.254166;135.19406
2015;6;23;18;6.36599;146.3405
2015;6;24;0;7.674046;136.15282
2015;6;24;6;10.194456;131.81766
2015;6;24;12;8.932171;135.93031
2015;6;24;18;7.1874523;133.17915
2015;6;25;0;7.394239;122.66025
2015;6;25;6;9.7307825;107.839325
2015;6;25;12;9.033586;114.468185
2015;6;25;18;7.7901106;115.52113
2015;6;26;0;8.851612;104.221985
2015;6;26;6;10.8113985;101.6501
2015;6;26;12;10.896587;110.15634
2015;6;26;18;9.499953;121.85318
2015;6;27;0;10.377709;121.83305
2015;6;27;6;10.870696;119.633835
2015;6;27;12;10.456735;120.02748
2015;6;27;18;8.868453;127.092636
2015;6;28;0;8.795084;114.4079
2015;6;28;6;9.484054;109.13556
2015;6;28;12;8.66931;112.9462
2015;6;28;18;7.2680507;127.27046
2015;6;29;0;7.988545;120.795395
2015;6;29;6;8.716685;113.20526
2015;6;29;12;7.852042;112.87555
2015;6;29;18;6.1824226;111.455124
2015;6;30;0;6.57557;109.65585
2015;6;30;6;7.0649667;111.88721
2015;6;30;12;7.910503;108.91449
2015;6;30;18;6.3291183;120.74129
2015;7;1;0;7.705613;103.969925
2015;7;1;6;8.53545;97.94318
2015;7;1;12;10.530433;98.487045
2015;7;1;18;10.79178;103.533035
2015;7;2;0;12.195668;108.19318
2015;7;2;6;12.088881;115.2263
2015;7;2;12;9.794373;122.85722
2015;7;2;18;6.976386;125.09157
2015;7;3;0;8.852954;113.29433
2015;7;3;6;9.933672;115.079056
2015;7;3;12;9.970336;117.19464
2015;7;3;18;7.8998165;121.2448
2015;7;4;0;8.929283;116.50487
2015;7;4;6;9.751672;111.62068
2015;7;4;12;9.226629;113.77365
2015;7;4;18;7.3252096;119.5582
2015;7;5;0;8.587706;114.660034
2015;7;5;6;8.823261;126.54489
2015;7;5;12;8.24794;132.9908
2015;7;5;18;5.730776;118.600876
2015;7;6;0;6.621069;101.9397
2015;7;6;6;8.870656;117.68472
2015;7;6;12;8.672402;129.88931
2015;7;6;18;7.45471;114.77513
2015;7;7;0;8.673788;108.40825
2015;7;7;6;10.221018;107.38193
2015;7;7;12;8.795683;114.47473
2015;7;7;18;7.480185;119.87247
2015;7;8;0;8.19439;114.46452
2015;7;8;6;9.059528;108.08389
2015;7;8;12;8.713475;106.01694
2015;7;8;18;6.683386;110.69029
2015;7;9;0;8.398525;111.50871
2015;7;9;6;9.01606;109.06499
2015;7;9;12;7.697952;114.51041
2015;7;9;18;5.7125554;110.28647
2015;7;10;0;10.257105;96.823
2015;7;10;6;14.101504;100.7139
2015;7;10;12;13.318353;113.381516
2015;7;10;18;11.903779;123.52237
2015;7;11;0;11.58519;117.802155
2015;7;11;6;11.026705;112.32144
2015;7;11;12;7.6001716;114.10599
2015;7;11;18;3.6136563;117.125916
2015;7;12;0;5.1841316;99.58711
2015;7;12;6;6.2962565;115.14496
2015;7;12;12;6.8419294;127.64455
2015;7;12;18;4.467984;132.02875
2015;7;13;0;5.673719;119.7737
2015;7;13;6;7.152817;121.70027
2015;7;13;12;6.8578973;125.13379
2015;7;13;18;4.1997056;140.40105
2015;7;14;0;6.28472;119.88893
2015;7;14;6;7.610754;123.81935
2015;7;14;12;8.698384;123.75458
2015;7;14;18;5.14423;136.70848
2015;7;15;0;7.010993;116.21002
2015;7;15;6;7.7154784;120.46654
2015;7;15;12;8.879786;117.175095
2015;7;15;18;8.008648;119.60353
2015;7;16;0;8.5992565;118.74489
2015;7;16;6;9.713446;108.66962
2015;7;16;12;8.893966;109.18489
2015;7;16;18;7.8537807;103.19258
2015;7;17;0;10.854684;101.940475
2015;7;17;6;12.284211;117.01477
2015;7;17;12;10.248347;120.52641
2015;7;17;18;7.9914365;125.76994
2015;7;18;0;6.7527385;105.61633
2015;7;18;6;10.354273;101.82759
2015;7;18;12;10.008925;116.70656
2015;7;18;18;7.1956906;129.425
2015;7;19;0;7.675046;118.58835
2015;7;19;6;8.623127;109.59407
2015;7;19;12;9.137008;110.07631
2015;7;19;18;10.058169;100.715454
2015;7;20;0;11.004017;98.964355
2015;7;20;6;12.104567;96.59575
2015;7;20;12;11.57424;103.71059
2015;7;20;18;8.920509;110.56781
2015;7;21;0;8.202161;108.18744
2015;7;21;6;10.040115;109.97354
2015;7;21;12;11.060648;118.15047
2015;7;21;18;7.8638697;133.44638
2015;7;22;0;6.8691587;131.1323
2015;7;22;6;5.9333363;131.53561
2015;7;22;12;3.4124503;145.63535
2015;7;22;18;0.98043835;206.23895
2015;7;23;0;1.3722215;267.4982
2015;7;23;6;1.7918372;159.78345
2015;7;23;12;1.3864803;225.96106
2015;7;23;18;1.7063743;212.54468
2015;7;24;0;2.3589754;157.78922
2015;7;24;6;3.6616364;147.24957
2015;7;24;12;5.1407447;159.79333
2015;7;24;18;4.2095065;164.08173
2015;7;25;0;4.36126;129.18343
2015;7;25;6;6.348076;117.721954
2015;7;25;12;4.2314925;140.73135
2015;7;25;18;2.3709362;217.15483
2015;7;26;0;2.5224724;212.2725
2015;7;26;6;3.6289306;174.70131
2015;7;26;12;6.0373783;149.13676
2015;7;26;18;5.662757;108.17638
2015;7;27;0;6.454655;99.63451
2015;7;27;6;7.4607983;106.37288
2015;7;27;12;4.6971626;136.36691
2015;7;27;18;2.7230344;201.72437
2015;7;28;0;3.72389;95.57994
2015;7;28;6;4.060116;95.3707
2015;7;28;12;4.3430696;113.320786
2015;7;28;18;3.1531506;118.02519
2015;7;29;0;5.3557296;98.057785
2015;7;29;6;6.999531;104.78139
2015;7;29;12;6.935354;114.6176
2015;7;29;18;4.4912667;131.49738
2015;7;30;0;6.5193596;108.66319
2015;7;30;6;7.7267694;109.49663
2015;7;30;12;7.8660855;117.35608
2015;7;30;18;6.257761;123.11044
2015;7;31;0;7.621372;107.55562
2015;7;31;6;10.94036;107.74831
2015;7;31;12;9.816674;113.57703
2015;7;31;18;8.848955;117.36798
2016;5;1;0;7.699749;116.499985
2016;5;1;6;7.558461;106.6958
2016;5;1;12;7.1054254;115.74542
2016;5;1;18;4.8364916;132.98915
2016;5;2;0;4.1118774;120.87369
2016;5;2;6;8.17999;122.359726
2016;5;2;12;8.146242;124.16896
2016;5;2;18;5.2468834;133.11998
2016;5;3;0;6.522098;116.38243
2016;5;3;6;8.674745;112.66484
2016;5;3;12;9.217981;120.04703
2016;5;3;18;7.949584;121.00365
2016;5;4;0;7.374025;116.8562
2016;5;4;6;9.055718;113.77559
2016;5;4;12;8.275876;118.940445
2016;5;4;18;6.8955255;122.086365
2016;5;5;0;8.877022;109.284744
2016;5;5;6;10.147374;105.44789
2016;5;5;12;9.799979;110.31085
2016;5;5;18;7.751881;120.267166
2016;5;6;0;8.164826;117.39517
2016;5;6;6;9.291543;117.97815
2016;5;6;12;8.282808;126.62659
2016;5;6;18;6.180396;131.98555
2016;5;7;0;7.1760206;123.683655
2016;5;7;6;8.814061;120.5674
2016;5;7;12;7.6507473;127.10597
2016;5;7;18;6.388036;132.17574
2016;5;8;0;6.800811;143.78836
2016;5;8;6;7.8769207;152.05255
2016;5;8;12;13.010946;129.28287
2016;5;8;18;12.097053;157.3774
2016;5;9;0;13.127156;189.50323
2016;5;9;6;13.024257;192.95822
2016;5;9;12;11.280509;182.32599
2016;5;9;18;4.035079;172.05472
2016;5;10;0;7.5398245;154.25443
2016;5;10;6;8.026364;184.90575
2016;5;10;12;6.0442796;227.11014
2016;5;10;18;2.8401768;191.40292
2016;5;11;0;4.225254;103.46684
2016;5;11;6;7.0173864;115.02551
2016;5;11;12;6.3074446;150.13306
2016;5;11;18;4.4072537;157.60248
2016;5;12;0;2.9065013;213.19809
2016;5;12;6;3.064312;188.0322
2016;5;12;12;6.7638702;187.32996
2016;5;12;18;4.022255;193.89716
2016;5;13;0;4.8104362;123.830536
2016;5;13;6;6.173009;139.80115
2016;5;13;12;6.3981643;178.20813
2016;5;13;18;5.5094714;192.15454
2016;5;14;0;5.768396;167.86823
2016;5;14;6;6.7927995;151.63612
2016;5;14;12;5.5259323;166.40714
2016;5;14;18;5.417775;192.89786
2016;5;15;0;4.796189;210.47119
2016;5;15;6;4.1256404;210.16751
2016;5;15;12;2.831971;185.80206
2016;5;15;18;1.2252142;170.60762
2016;5;16;0;6.3592286;104.406906
2016;5;16;6;8.567717;111.53917
2016;5;16;12;7.567176;122.50249
2016;5;16;18;5.4404697;143.18243
2016;5;17;0;5.929875;140.53474
2016;5;17;6;4.8858047;142.46951
2016;5;17;12;4.863125;149.86328
2016;5;17;18;3.0955474;158.89923
2016;5;18;0;5.300691;123.385544
2016;5;18;6;7.189194;121.55565
2016;5;18;12;7.402277;121.055725
2016;5;18;18;4.6242857;156.76384
2016;5;19;0;5.2885795;138.31187
2016;5;19;6;6.559827;125.214264
2016;5;19;12;6.54419;161.84914
2016;5;19;18;5.3711967;191.28812
2016;5;20;0;7.553421;134.19165
2016;5;20;6;10.385887;120.8096
2016;5;20;12;9.2864685;148.36786
2016;5;20;18;8.323887;169.56
2016;5;21;0;4.61142;150.71648
2016;5;21;6;1.9483016;165.64027
2016;5;21;12;3.219962;187.40506
2016;5;21;18;2.6993203;193.73203
2016;5;22;0;4.8166995;123.61702
2016;5;22;6;7.3282795;123.08618
2016;5;22;12;7.842575;146.73534
2016;5;22;18;5.7228694;153.21442
2016;5;23;0;6.3188963;135.50966
2016;5;23;6;9.163694;134.73338
2016;5;23;12;9.266785;138.69666
2016;5;23;18;8.151137;121.0116
2016;5;24;0;10.354766;116.66992
2016;5;24;6;10.254974;124.88136
2016;5;24;12;11.328748;135.20905
2016;5;24;18;10.485248;147.41336
2016;5;25;0;8.797849;159.69641
2016;5;25;6;7.7889733;148.63303
2016;5;25;12;9.066199;131.5569
2016;5;25;18;6.5514483;233.55084
2016;5;26;0;8.583427;250.86792
2016;5;26;6;5.7758045;206.22134
2016;5;26;12;3.7753015;207.16425
2016;5;26;18;2.6212752;244.61449
2016;5;27;0;1.9435304;22.377167
2016;5;27;6;3.529949;327.90036
2016;5;27;12;7.6233277;302.19165
2016;5;27;18;8.482182;287.7886
2016;5;28;0;5.336064;247.97845
2016;5;28;6;3.2669384;141.42259
2016;5;28;12;5.356007;143.99538
2016;5;28;18;3.6051874;164.76407
2016;5;29;0;5.6359205;106.346054
2016;5;29;6;8.839079;108.77872
2016;5;29;12;7.4924984;115.26729
2016;5;29;18;2.9554071;150.41562
2016;5;30;0;5.3272257;125.56708
2016;5;30;6;6.207997;142.12813
2016;5;30;12;9.651778;151.15242
2016;5;30;18;7.4807434;156.50906
2016;5;31;0;7.6028423;139.26172
2016;5;31;6;10.683299;131.9204
2016;5;31;12;10.2296915;128.68658
2016;5;31;18;6.3522296;118.69711
2016;6;1;0;4.7338004;123.32684
2016;6;1;6;6.589587;175.8569
2016;6;1;12;6.5587325;174.34387
2016;6;1;18;9.683726;108.826294
2016;6;2;0;9.411665;142.7602
2016;6;2;6;9.198644;130.66634
2016;6;2;12;8.83576;146.01492
2016;6;2;18;5.0146766;170.53947
2016;6;3;0;7.084831;145.64098
2016;6;3;6;8.595744;151.27907
2016;6;3;12;9.347992;158.5889
2016;6;3;18;6.8641763;185.01035
2016;6;4;0;2.3586054;208.69565
2016;6;4;6;1.8008853;151.13815
2016;6;4;12;1.8475087;269.0847
2016;6;4;18;1.1340641;240.16492
2016;6;5;0;3.5372758;89.4588
2016;6;5;6;4.447276;115.861725
2016;6;5;12;4.258712;148.32089
2016;6;5;18;2.060827;151.85406
2016;6;6;0;4.533599;134.59682
2016;6;6;6;5.9275374;132.15028
2016;6;6;12;5.8848753;155.05493
2016;6;6;18;3.7763176;160.12354
2016;6;7;0;7.2775245;131.44691
2016;6;7;6;7.863496;124.27113
2016;6;7;12;9.021158;139.25905
2016;6;7;18;5.7151423;167.34726
2016;6;8;0;4.351921;137.95242
2016;6;8;6;5.794761;134.15485
2016;6;8;12;5.460182;145.63971
2016;6;8;18;4.729058;124.60098
2016;6;9;0;6.819885;125.1521
2016;6;9;6;9.624643;124.17003
2016;6;9;12;9.410463;136.33932
2016;6;9;18;9.141683;137.29697
2016;6;10;0;9.386105;144.86807
2016;6;10;6;8.441919;151.41302
2016;6;10;12;8.171668;151.93976
2016;6;10;18;7.5924683;146.63568
2016;6;11;0;8.738292;129.2081
2016;6;11;6;9.293929;126.11783
2016;6;11;12;9.840212;129.2367
2016;6;11;18;7.797429;136.05411
2016;6;12;0;7.2934976;139.91513
2016;6;12;6;8.042167;149.91368
2016;6;12;12;9.035062;157.60703
2016;6;12;18;7.489936;136.27808
2016;6;13;0;7.199427;124.780014
2016;6;13;6;8.299995;121.10457
2016;6;13;12;6.260733;131.45438
2016;6;13;18;3.74925;156.41843
2016;6;14;0;4.7199388;138.16068
2016;6;14;6;5.080631;142.05704
2016;6;14;12;5.163589;179.45764
2016;6;14;18;4.022726;226.62378
2016;6;15;0;5.6381106;242.98856
2016;6;15;6;2.4367383;193.44838
2016;6;15;12;2.454515;199.34222
2016;6;15;18;1.8688731;233.8197
2016;6;16;0;1.4547111;242.95335
2016;6;16;6;3.354642;108.7946
2016;6;16;12;9.0148535;125.29414
2016;6;16;18;6.5915914;117.299255
2016;6;17;0;8.170514;113.800156
2016;6;17;6;8.984182;130.27762
2016;6;17;12;8.866925;143.68344
2016;6;17;18;5.5242047;179.34756
2016;6;18;0;4.7008114;121.19377
2016;6;18;6;11.10937;142.60693
2016;6;18;12;10.960591;147.56662
2016;6;18;18;8.784755;151.90222
2016;6;19;0;9.546744;143.25739
2016;6;19;6;8.869164;130.27281
2016;6;19;12;8.647703;127.47943
2016;6;19;18;7.71481;130.05304
2016;6;20;0;7.3002024;133.15999
2016;6;20;6;7.243099;122.14311
2016;6;20;12;6.4777865;127.12007
2016;6;20;18;3.9076645;132.51772
2016;6;21;0;5.3208756;106.58183
2016;6;21;6;6.053269;119.62904
2016;6;21;12;6.3218174;137.05396
2016;6;21;18;4.1520114;145.04965
2016;6;22;0;6.291204;123.793
2016;6;22;6;9.052403;122.100586
2016;6;22;12;9.658439;128.17076
2016;6;22;18;5.7499924;143.47983
2016;6;23;0;6.1440907;163.06818
2016;6;23;6;6.1176934;124.76306
2016;6;23;12;4.927262;144.71538
2016;6;23;18;4.648608;211.2531
2016;6;24;0;6.110487;138.7815
2016;6;24;6;8.046459;138.37553
2016;6;24;12;8.001542;157.82712
2016;6;24;18;6.7715635;170.53838
2016;6;25;0;7.2984533;157.41975
2016;6;25;6;7.6792397;145.03104
2016;6;25;12;6.384987;151.28317
2016;6;25;18;3.4608078;133.3231
2016;6;26;0;1.363651;141.63777
2016;6;26;6;2.189141;121.92726
2016;6;26;12;1.0852044;168.7641
2016;6;26;18;3.4160924;326.57782
2016;6;27;0;4.693169;314.50842
2016;6;27;6;3.4421346;308.8117
2016;6;27;12;3.0041604;286.27014
2016;6;27;18;1.6884314;314.56696
2016;6;28;0;1.9416283;49.546936
2016;6;28;6;8.833273;121.97943
2016;6;28;12;9.672172;141.37567
2016;6;28;18;8.505559;126.35312
2016;6;29;0;8.631102;99.76813
2016;6;29;6;9.668673;111.055176
2016;6;29;12;9.7690935;128.21172
2016;6;29;18;3.6986222;163.13434
2016;6;30;0;1.8100418;262.82404
2016;6;30;6;1.7399626;253.58344
2016;6;30;12;5.1216006;330.9823
2016;6;30;18;6.682536;318.39188
2016;7;1;0;5.0472875;305.2948
2016;7;1;6;3.9851515;294.43143
2016;7;1;12;1.8894807;295.55856
2016;7;1;18;1.40168;202.32153
2016;7;2;0;3.122661;110.73241
2016;7;2;6;5.084517;109.5605
2016;7;2;12;4.952917;138.38387
2016;7;2;18;1.7898254;171.57254
2016;7;3;0;1.7011622;99.53793
2016;7;3;6;3.713801;96.86748
2016;7;3;12;3.5536294;107.03685
2016;7;3;18;1.476625;142.97743
2016;7;4;0;3.5075312;116.23575
2016;7;4;6;5.799978;107.42148
2016;7;4;12;5.7273626;121.93457
2016;7;4;18;2.5333676;147.42593
2016;7;5;0;4.1442842;124.74814
2016;7;5;6;8.076922;106.0999
2016;7;5;12;8.966117;116.75888
2016;7;5;18;9.750552;115.01695
2016;7;6;0;12.0461445;111.70372
2016;7;6;6;12.520271;120.1591
2016;7;6;12;12.282785;120.07158
2016;7;6;18;9.92913;120.15518
2016;7;7;0;9.191151;116.324875
2016;7;7;6;9.487399;114.82704
2016;7;7;12;7.967023;119.02066
2016;7;7;18;6.255638;110.31056
2016;7;8;0;7.8700924;104.00815
2016;7;8;6;8.37817;114.60141
2016;7;8;12;7.6792903;120.38275
2016;7;8;18;4.920495;126.40738
2016;7;9;0;5.8399425;119.22612
2016;7;9;6;7.3357034;123.89462
2016;7;9;12;6.5554185;135.18094
2016;7;9;18;5.3788934;136.55853
2016;7;10;0;6.3087544;132.21715
2016;7;10;6;7.3028626;117.91063
2016;7;10;12;8.060696;116.952255
2016;7;10;18;5.8288884;113.656876
2016;7;11;0;8.288448;121.535675
2016;7;11;6;10.818991;120.02112
2016;7;11;12;10.451547;125.67871
2016;7;11;18;7.295032;128.86739
2016;7;12;0;7.2816954;112.650635
2016;7;12;6;8.276448;109.26578
2016;7;12;12;8.352399;117.350586
2016;7;12;18;5.960508;128.39267
2016;7;13;0;6.594665;120.32973
2016;7;13;6;8.4911995;121.3932
2016;7;13;12;8.373965;132.335
2016;7;13;18;6.4313035;123.05687
2016;7;14;0;7.0869246;116.106735
2016;7;14;6;8.197923;121.38086
2016;7;14;12;10.1170225;120.710815
2016;7;14;18;6.2929063;117.761765
2016;7;15;0;6.8895154;108.99779
2016;7;15;6;8.751509;112.13191
2016;7;15;12;7.856634;126.15849
2016;7;15;18;7.4857273;120.61
2016;7;16;0;8.811669;124.656204
2016;7;16;6;10.52058;122.622986
2016;7;16;12;11.918822;121.58537
2016;7;16;18;11.062652;137.45769
2016;7;17;0;7.7360206;137.47719
2016;7;17;6;8.456235;124.933
2016;7;17;12;8.122534;121.62088
2016;7;17;18;5.9823375;142.87411
2016;7;18;0;7.349052;133.2848
2016;7;18;6;7.010573;136.72868
2016;7;18;12;6.4102106;143.2345
2016;7;18;18;6.6489697;146.29962
2016;7;19;0;7.559235;134.3197
2016;7;19;6;8.095855;131.93216
2016;7;19;12;7.346112;132.41095
2016;7;19;18;7.0117807;140.8387
2016;7;20;0;7.676331;141.40752
2016;7;20;6;8.54719;151.93018
2016;7;20;12;7.574233;146.3838
2016;7;20;18;6.9885864;132.96075
2016;7;21;0;7.9537754;102.410416
2016;7;21;6;10.999472;92.38489
2016;7;21;12;12.017187;106.69026
2016;7;21;18;9.363502;138.64507
2016;7;22;0;9.328711;131.98895
2016;7;22;6;10.273952;126.82794
2016;7;22;12;9.585452;137.46387
2016;7;22;18;7.880011;140.77225
2016;7;23;0;7.9442883;119.16072
2016;7;23;6;9.387323;99.48259
2016;7;23;12;9.274631;102.48105
2016;7;23;18;6.5390973;116.624466
2016;7;24;0;7.8836756;114.07292
2016;7;24;6;8.973949;113.006424
2016;7;24;12;8.774424;121.34752
2016;7;24;18;7.4622097;125.811554
2016;7;25;0;8.611114;122.184265
2016;7;25;6;9.051132;121.43033
2016;7;25;12;8.144411;123.88907
2016;7;25;18;4.9952593;126.33992
2016;7;26;0;6.5705543;103.9931
2016;7;26;6;8.182683;104.5479
2016;7;26;12;8.364729;109.966156
2016;7;26;18;6.9424076;114.1219
2016;7;27;0;8.951149;108.05696
2016;7;27;6;9.579151;110.50734
2016;7;27;12;8.741783;115.42851
2016;7;27;18;6.6535583;122.66403
2016;7;28;0;7.798097;112.87848
2016;7;28;6;8.061802;114.37755
2016;7;28;12;6.920868;117.770706
2016;7;28;18;4.631936;119.18143
2016;7;29;0;6.510682;101.181366
2016;7;29;6;7.9793286;103.0112
2016;7;29;12;7.5068436;114.12904
2016;7;29;18;5.274005;132.08818
2016;7;30;0;6.784605;118.06885
2016;7;30;6;7.629268;112.49742
2016;7;30;12;6.5586076;119.768585
2016;7;30;18;5.476641;119.62198
2016;7;31;0;7.2757745;105.296906
2016;7;31;6;8.3274145;104.997345
2016;7;31;12;8.163168;110.777664
2016;7;31;18;5.8599243;119.843185
2017;5;1;0;11.429408;118.2361
2017;5;1;6;14.961962;127.35632
2017;5;1;12;11.795121;121.74747
2017;5;1;18;9.239302;116.84187
2017;5;2;0;13.154676;119.34476
2017;5;2;6;12.027366;119.77222
2017;5;2;12;12.425387;134.602
2017;5;2;18;7.1179686;151.10983
2017;5;3;0;3.4475324;128.58154
2017;5;3;6;3.3686326;162.54391
2017;5;3;12;3.139693;175.78165
2017;5;3;18;2.6577878;113.37419
2017;5;4;0;11.335636;154.73795
2017;5;4;6;14.584768;156.75934
2017;5;4;12;12.814761;153.86119
2017;5;4;18;11.783921;151.48584
2017;5;5;0;11.952689;147.60434
2017;5;5;6;12.372489;150.12778
2017;5;5;12;10.310792;147.74448
2017;5;5;18;10.334121;150.08496
2017;5;6;0;10.611129;136.87141
2017;5;6;6;11.180556;127.74388
2017;5;6;12;8.609645;147.9538
2017;5;6;18;6.340141;170.79652
2017;5;7;0;6.0364356;130.31416
2017;5;7;6;7.960562;137.2498
2017;5;7;12;6.128209;149.36885
2017;5;7;18;5.5435567;146.07999
2017;5;8;0;6.6659403;166.93738
2017;5;8;6;7.2924523;153.48642
2017;5;8;12;7.362571;177.72409
2017;5;8;18;8.673437;192.18484
2017;5;9;0;10.831549;218.52025
2017;5;9;6;6.895803;235.60753
2017;5;9;12;5.1731925;260.8205
2017;5;9;18;0.77775633;19.542969
2017;5;10;0;6.3200507;79.21649
2017;5;10;6;11.091595;98.81099
2017;5;10;12;9.485644;108.90727
2017;5;10;18;10.09885;104.513214
2017;5;11;0;10.517831;109.55238
2017;5;11;6;8.261163;114.73016
2017;5;11;12;2.59275;161.98357
2017;5;11;18;1.9477327;253.59813
2017;5;12;0;1.361261;200.73862
2017;5;12;6;3.636245;136.14612
2017;5;12;12;5.917948;117.65904
2017;5;12;18;2.3104525;92.45146
2017;5;13;0;4.507932;87.64642
2017;5;13;6;5.9942727;100.813675
2017;5;13;12;8.75677;124.8799
2017;5;13;18;7.822544;118.9971
2017;5;14;0;7.5091834;107.138214
2017;5;14;6;10.3496065;108.37492
2017;5;14;12;8.886916;116.722916
2017;5;14;18;7.67358;126.68404
2017;5;15;0;8.975031;112.44028
2017;5;15;6;9.862075;106.96243
2017;5;15;12;7.885507;116.45116
2017;5;15;18;6.658295;124.64273
2017;5;16;0;7.5457115;123.44707
2017;5;16;6;8.078315;126.04079
2017;5;16;12;6.73791;136.61363
2017;5;16;18;6.0223413;128.29068
2017;5;17;0;8.652834;116.01921
2017;5;17;6;9.871629;115.80643
2017;5;17;12;9.859088;120.917816
2017;5;17;18;7.7737274;146.32544
2017;5;18;0;8.425797;132.99287
2017;5;18;6;11.156219;132.48404
2017;5;18;12;8.950327;168.75002
2017;5;18;18;4.74356;139.6349
2017;5;19;0;7.762321;180.93309
2017;5;19;6;7.7665668;148.90616
2017;5;19;12;9.387475;168.05675
2017;5;19;18;9.111837;179.64264
2017;5;20;0;10.670917;177.21336
2017;5;20;6;11.351748;186.79749
2017;5;20;12;6.867796;194.62991
2017;5;20;18;5.820802;192.62451
2017;5;21;0;3.4432688;218.61768
2017;5;21;6;1.6407831;201.76227
2017;5;21;12;2.7351365;199.9603
2017;5;21;18;0.9413585;236.4461
2017;5;22;0;2.858969;101.31172
2017;5;22;6;1.9877437;70.950195
2017;5;22;12;0.7663788;12.352356
2017;5;22;18;2.4274168;299.89105
2017;5;23;0;0.47021627;106.17575
2017;5;23;6;4.581367;112.563126
2017;5;23;12;5.627762;144.46783
2017;5;23;18;4.5075974;144.4267
2017;5;24;0;7.458044;112.68602
2017;5;24;6;8.115919;110.9765
2017;5;24;12;7.8495517;129.42426
2017;5;24;18;4.9679327;145.4364
2017;5;25;0;5.4122896;128.63687
2017;5;25;6;6.7514863;115.19005
2017;5;25;12;5.82115;126.22298
2017;5;25;18;3.999341;118.9928
2017;5;26;0;5.6639347;98.678635
2017;5;26;6;9.065859;103.901764
2017;5;26;12;9.980229;114.98076
2017;5;26;18;8.118565;122.60991
2017;5;27;0;9.690747;116.401245
2017;5;27;6;9.5373535;117.2498
2017;5;27;12;8.036029;130.23486
2017;5;27;18;6.1196384;143.89725
2017;5;28;0;6.814412;133.62411
2017;5;28;6;7.924748;137.63562
2017;5;28;12;6.366465;169.92407
2017;5;28;18;3.4510436;192.05241
2017;5;29;0;1.4819825;124.10066
2017;5;29;6;5.2188573;136.7117
2017;5;29;12;6.5118136;154.06305
2017;5;29;18;4.960077;164.69412
2017;5;30;0;4.594934;144.36314
2017;5;30;6;5.4812727;133.2302
2017;5;30;12;3.707213;139.76741
2017;5;30;18;1.1145403;104.819275
2017;5;31;0;5.6433544;107.32056
2017;5;31;6;8.518737;127.158676
2017;5;31;12;7.6795917;126.28192
2017;5;31;18;5.874968;118.07185
2017;6;1;0;7.988839;115.80586
2017;6;1;6;7.7969303;115.23056
2017;6;1;12;7.4840317;119.968796
2017;6;1;18;4.66999;121.515976
2017;6;2;0;7.5817323;104.18649
2017;6;2;6;9.990332;104.491104
2017;6;2;12;10.74503;108.492325
2017;6;2;18;8.202825;114.82306
2017;6;3;0;8.339975;122.41673
2017;6;3;6;8.988083;121.80594
2017;6;3;12;6.9493446;126.720474
2017;6;3;18;4.5449057;139.58868
2017;6;4;0;5.1653075;127.757385
2017;6;4;6;6.3099585;115.73125
2017;6;4;12;5.58433;114.02475
2017;6;4;18;5.1529126;114.94745
2017;6;5;0;7.35628;109.79329
2017;6;5;6;10.135642;115.86133
2017;6;5;12;8.963819;127.597534
2017;6;5;18;6.0346904;131.79697
2017;6;6;0;7.0691485;118.46388
2017;6;6;6;8.632328;122.5892
2017;6;6;12;7.7409415;131.7005
2017;6;6;18;5.49287;132.02945
2017;6;7;0;6.4676523;112.19975
2017;6;7;6;8.183896;109.90343
2017;6;7;12;8.131456;123.33383
2017;6;7;18;5.5388126;129.7634
2017;6;8;0;6.6772504;113.17407
2017;6;8;6;6.9954376;111.885284
2017;6;8;12;6.3519607;129.58368
2017;6;8;18;3.3810408;150.83853
2017;6;9;0;4.804513;118.872116
2017;6;9;6;4.057663;120.93065
2017;6;9;12;3.732183;142.85695
2017;6;9;18;2.8453023;222.35284
2017;6;10;0;6.31184;119.26686
2017;6;10;6;9.485566;112.18709
2017;6;10;12;8.605851;138.54654
2017;6;10;18;9.25591;119.81616
2017;6;11;0;12.272689;128.18811
2017;6;11;6;10.580719;133.49506
2017;6;11;12;9.297849;134.74129
2017;6;11;18;6.7457237;138.99727
2017;6;12;0;7.4540567;126.2616
2017;6;12;6;7.80292;112.906525
2017;6;12;12;8.821434;117.209854
2017;6;12;18;6.21178;124.81798
2017;6;13;0;7.4844856;114.62851
2017;6;13;6;9.361739;106.35231
2017;6;13;12;9.62108;113.840836
2017;6;13;18;7.7929573;122.03587
2017;6;14;0;8.072458;119.5264
2017;6;14;6;9.289667;113.75986
2017;6;14;12;10.301297;113.634964
2017;6;14;18;8.130936;116.12479
2017;6;15;0;9.271268;117.53812
2017;6;15;6;10.265097;122.803055
2017;6;15;12;9.00223;125.236496
2017;6;15;18;6.8677135;126.34538
2017;6;16;0;8.753713;110.29881
2017;6;16;6;9.328921;117.229294
2017;6;16;12;8.97325;126.793594
2017;6;16;18;6.2549896;138.90573
2017;6;17;0;5.706785;127.37245
2017;6;17;6;6.6681805;126.63516
2017;6;17;12;5.2922845;136.78772
2017;6;17;18;2.4221935;226.86226
2017;6;18;0;0.827031;190.75018
2017;6;18;6;4.5823717;153.18225
2017;6;18;12;6.8901997;155.41849
2017;6;18;18;5.1371984;164.23294
2017;6;19;0;6.69053;120.45485
2017;6;19;6;9.8664255;110.50586
2017;6;19;12;10.359879;123.143524
2017;6;19;18;5.978596;157.57498
2017;6;20;0;2.8884377;149.03983
2017;6;20;6;3.7164912;106.12714
2017;6;20;12;4.477496;119.66098
2017;6;20;18;1.8208069;297.28345
2017;6;21;0;2.8943045;1.7305603
2017;6;21;6;2.7268581;347.1781
2017;6;21;12;3.4747498;118.62448
2017;6;21;18;4.059254;136.88106
2017;6;22;0;5.8848133;112.188965
2017;6;22;6;7.9333076;109.69551
2017;6;22;12;5.571219;129.97891
2017;6;22;18;3.2549775;160.46844
2017;6;23;0;4.4346747;128.81966
2017;6;23;6;5.2516074;122.43837
2017;6;23;12;4.6347857;138.13428
2017;6;23;18;3.8769457;166.64743
2017;6;24;0;5.439953;131.84106
2017;6;24;6;8.085197;123.31064
2017;6;24;12;8.870218;127.71565
2017;6;24;18;7.126294;140.77296
2017;6;25;0;6.3772354;128.88643
2017;6;25;6;8.706061;116.58234
2017;6;25;12;8.928307;124.09793
2017;6;25;18;8.313101;120.543076
2017;6;26;0;9.524508;119.8284
2017;6;26;6;10.216223;119.64433
2017;6;26;12;9.284989;133.78247
2017;6;26;18;6.171154;141.59554
2017;6;27;0;7.690501;112.02721
2017;6;27;6;7.6951327;114.20361
2017;6;27;12;6.639983;115.116394
2017;6;27;18;4.1444;109.84485
2017;6;28;0;5.809281;96.481766
2017;6;28;6;6.677354;110.10724
2017;6;28;12;5.853948;119.925
2017;6;28;18;3.9384346;140.59254
2017;6;29;0;4.181817;108.62158
2017;6;29;6;4.4377055;99.905914
2017;6;29;12;2.7274473;106.840805
2017;6;29;18;1.4964433;263.5314
2017;6;30;0;1.9969305;165.54623
2017;6;30;6;3.424421;157.24246
2017;6;30;12;5.8191457;182.05823
2017;6;30;18;5.494862;232.48672
2017;7;1;0;5.786455;226.94522
2017;7;1;6;3.9318805;201.96045
2017;7;1;12;3.9441035;224.65643
2017;7;1;18;5.3438473;230.99017
2017;7;2;0;4.39179;198.15994
2017;7;2;6;6.945145;204.86539
2017;7;2;12;5.8128915;204.35184
2017;7;2;18;3.5400105;212.38747
2017;7;3;0;3.2915637;168.1583
2017;7;3;6;4.342342;155.28372
2017;7;3;12;6.4823356;143.33173
2017;7;3;18;5.3236265;175.34543
2017;7;4;0;6.9816484;133.96135
2017;7;4;6;5.6667466;141.76111
2017;7;4;12;6.952073;143.82584
2017;7;4;18;7.153793;150.59631
2017;7;5;0;8.263468;153.59933
2017;7;5;6;4.7847357;168.7966
2017;7;5;12;1.8310466;203.66132
2017;7;5;18;2.04263;151.4678
2017;7;6;0;4.0130715;111.230804
2017;7;6;6;5.399475;108.14043
2017;7;6;12;5.352191;126.51254
2017;7;6;18;3.7442236;119.31818
2017;7;7;0;7.022368;104.78566
2017;7;7;6;10.288716;117.48277
2017;7;7;12;9.913115;125.44867
2017;7;7;18;9.085;128.39139
2017;7;8;0;10.34235;126.53793
2017;7;8;6;11.72599;125.54042
2017;7;8;12;8.904681;151.24524
2017;7;8;18;5.145703;159.04193
2017;7;9;0;5.2293572;145.55737
2017;7;9;6;5.441032;118.22914
2017;7;9;12;5.7971044;110.15138
2017;7;9;18;2.1438043;64.870514
2017;7;10;0;2.336573;96.33531
2017;7;10;6;3.8534608;113.02428
2017;7;10;12;5.2767024;125.40094
2017;7;10;18;5.039579;120.19719
2017;7;11;0;7.169904;115.034485
2017;7;11;6;8.8527355;115.757416
2017;7;11;12;8.59662;118.19208
2017;7;11;18;7.095569;118.83862
2017;7;12;0;8.863385;113.203354
2017;7;12;6;8.541755;122.55817
2017;7;12;12;7.719057;126.98967
2017;7;12;18;5.5339737;134.58447
2017;7;13;0;8.239872;107.60303
2017;7;13;6;11.517952;104.62416
2017;7;13;12;13.09618;117.41171
2017;7;13;18;11.413799;137.66614
2017;7;14;0;11.723382;130.32346
2017;7;14;6;11.653967;121.98277
2017;7;14;12;11.203866;125.088425
2017;7;14;18;9.198523;131.35518
2017;7;15;0;9.332127;118.87845
2017;7;15;6;9.611055;116.76427
2017;7;15;12;7.1491466;121.34624
2017;7;15;18;4.436351;137.76732
2017;7;16;0;8.148942;122.84708
2017;7;16;6;11.608255;123.356674
2017;7;16;12;14.005057;136.62201
2017;7;16;18;4.458754;208.51888
2017;7;17;0;1.9261831;123.853836
2017;7;17;6;3.1738386;340.0931
2017;7;17;12;6.3474574;326.5941
2017;7;17;18;6.7757316;306.55463
2017;7;18;0;2.7201095;277.9887
2017;7;18;6;2.8131287;130.03458
2017;7;18;12;8.406372;126.24225
2017;7;18;18;10.329635;130.53996
2017;7;19;0;14.177412;129.05138
2017;7;19;6;11.01914;156.6492
2017;7;19;12;11.735211;158.54105
2017;7;19;18;8.9704685;191.07736
2017;7;20;0;8.615108;180.56717
2017;7;20;6;1.5917424;212.07375
2017;7;20;12;4.9246316;239.71133
2017;7;20;18;1.8502636;222.12099
2017;7;21;0;3.5772932;174.07516
2017;7;21;6;7.278849;111.52237
2017;7;21;12;10.907178;117.40376
2017;7;21;18;9.968127;112.79895
2017;7;22;0;10.287366;113.312195
2017;7;22;6;10.552288;114.63866
2017;7;22;12;9.584376;117.883575
2017;7;22;18;5.7731423;131.95273
2017;7;23;0;6.1401396;128.55489
2017;7;23;6;8.542155;117.90596
2017;7;23;12;10.248353;117.41644
2017;7;23;18;10.66474;125.24452
2017;7;24;0;11.528377;126.97235
2017;7;24;6;11.147989;125.43295
2017;7;24;12;10.457822;116.466705
2017;7;24;18;9.872606;119.624344
2017;7;25;0;11.593524;136.29927
2017;7;25;6;11.474316;124.857315
2017;7;25;12;10.714137;121.392654
2017;7;25;18;10.142267;128.321
2017;7;26;0;7.716869;130.06065
2017;7;26;6;7.3453965;122.268555
2017;7;26;12;7.3013887;129.16386
2017;7;26;18;8.13218;122.3819
2017;7;27;0;9.362646;133.25671
2017;7;27;6;9.094479;129.28911
2017;7;27;12;8.89168;124.14845
2017;7;27;18;7.178546;123.83363
2017;7;28;0;8.11315;113.690155
2017;7;28;6;9.086422;108.58954
2017;7;28;12;8.495069;112.91165
2017;7;28;18;6.640642;115.00955
2017;7;29;0;8.8881035;109.20329
2017;7;29;6;8.836619;117.91838
2017;7;29;12;7.380814;127.4904
2017;7;29;18;4.080611;130.8849
2017;7;30;0;6.0081778;98.1366
2017;7;30;6;7.362745;93.43198
2017;7;30;12;7.852579;102.45285
2017;7;30;18;6.640528;109.740005
2017;7;31;0;8.25401;112.854004
2017;7;31;6;9.413805;113.736694
2017;7;31;12;7.6643887;120.57173
2017;7;31;18;5.529174;118.556
2018;5;1;0;9.684643;118.07257
2018;5;1;6;9.536386;121.516235
2018;5;1;12;6.9304657;137.95677
2018;5;1;18;5.98744;261.83875
2018;5;2;0;2.5102057;21.273499
2018;5;2;6;1.1431892;180.33743
2018;5;2;12;5.480499;295.7374
2018;5;2;18;5.873286;302.386
2018;5;3;0;3.4840436;278.1495
2018;5;3;6;1.6891844;231.87692
2018;5;3;12;1.05725;318.39764
2018;5;3;18;5.0282245;305.12195
2018;5;4;0;4.7725616;290.61026
2018;5;4;6;3.2773118;252.86037
2018;5;4;12;3.4411569;188.59854
2018;5;4;18;3.539993;193.90518
2018;5;5;0;2.821946;163.54312
2018;5;5;6;4.7742524;140.77507
2018;5;5;12;6.345224;137.64186
2018;5;5;18;1.8320471;230.20877
2018;5;6;0;1.2161587;215.67958
2018;5;6;6;3.1089616;119.38005
2018;5;6;12;3.2515113;154.38004
2018;5;6;18;0.77984524;177.23651
2018;5;7;0;5.2352743;103.70238
2018;5;7;6;7.6422668;110.081665
2018;5;7;12;7.276372;121.98842
2018;5;7;18;4.7786865;124.98343
2018;5;8;0;6.2044168;113.52525
2018;5;8;6;7.789457;112.185104
2018;5;8;12;6.825351;120.13078
2018;5;8;18;4.0204415;121.48201
2018;5;9;0;4.8241677;109.03401
2018;5;9;6;7.373054;100.256546
2018;5;9;12;7.165515;108.66963
2018;5;9;18;4.5253873;120.244934
2018;5;10;0;6.031781;117.47191
2018;5;10;6;8.259802;113.52258
2018;5;10;12;7.8048196;122.70485
2018;5;10;18;7.080272;112.22835
2018;5;11;0;8.113071;104.44354
2018;5;11;6;7.504764;113.54396
2018;5;11;12;6.810907;139.70564
2018;5;11;18;7.637602;144.54608
2018;5;12;0;10.298341;138.39912
2018;5;12;6;10.961012;161.42133
2018;5;12;12;16.625742;140.71489
2018;5;12;18;16.45066;148.35382
2018;5;13;0;15.1705885;138.13858
2018;5;13;6;13.103633;137.17046
2018;5;13;12;12.493611;129.04106
2018;5;13;18;10.276578;121.56673
2018;5;14;0;11.704726;119.13255
2018;5;14;6;11.897947;110.246506
2018;5;14;12;11.093671;111.468185
2018;5;14;18;7.9217567;112.13696
2018;5;15;0;6.3761444;111.4075
2018;5;15;6;5.9670124;129.59216
2018;5;15;12;5.591272;132.31639
2018;5;15;18;5.050057;131.95688
2018;5;16;0;8.177318;118.82744
2018;5;16;6;10.785598;121.389984
2018;5;16;12;10.181129;131.52007
2018;5;16;18;11.801395;125.6456
2018;5;17;0;13.727853;129.8409
2018;5;17;6;11.660108;134.27744
2018;5;17;12;16.413736;131.49843
2018;5;17;18;10.195699;120.065765
2018;5;18;0;10.29497;102.16434
2018;5;18;6;9.007829;84.099304
2018;5;18;12;7.8010097;89.89673
2018;5;18;18;2.4828596;205.6239
2018;5;19;0;6.614102;116.039444
2018;5;19;6;7.238114;128.06557
2018;5;19;12;5.96228;124.15454
2018;5;19;18;3.2668557;129.22841
2018;5;20;0;4.4666967;108.6546
2018;5;20;6;5.8658147;99.335144
2018;5;20;12;5.1186943;107.15698
2018;5;20;18;2.0585856;132.47104
2018;5;21;0;3.9768429;104.285645
2018;5;21;6;8.570111;116.00876
2018;5;21;12;10.221765;128.79163
2018;5;21;18;8.380379;136.65106
2018;5;22;0;10.096905;114.997055
2018;5;22;6;12.009269;113.10043
2018;5;22;12;11.981761;110.78444
2018;5;22;18;9.916658;104.635544
2018;5;23;0;9.89199;104.78204
2018;5;23;6;11.074744;111.00285
2018;5;23;12;9.364391;121.70697
2018;5;23;18;5.796277;143.72086
2018;5;24;0;4.802066;136.29884
2018;5;24;6;4.7336006;113.47595
2018;5;24;12;5.9165697;134.75027
2018;5;24;18;3.7070122;162.36633
2018;5;25;0;4.7869053;141.36534
2018;5;25;6;6.538785;123.27382
2018;5;25;12;8.537578;128.2927
2018;5;25;18;9.2417965;105.15546
2018;5;26;0;11.3801;122.42694
2018;5;26;6;9.005217;120.14928
2018;5;26;12;8.36778;146.08618
2018;5;26;18;5.9773192;168.16113
2018;5;27;0;4.5091543;189.85797
2018;5;27;6;3.7963517;199.57083
2018;5;27;12;5.554792;184.43561
2018;5;27;18;3.855867;184.49002
2018;5;28;0;4.0134134;74.01233
2018;5;28;6;4.260283;107.040955
2018;5;28;12;4.923592;134.486
2018;5;28;18;6.5469375;130.01102
2018;5;29;0;11.5468445;123.00275
2018;5;29;6;13.994558;128.05363
2018;5;29;12;13.215538;139.17859
2018;5;29;18;9.9903345;142.80814
2018;5;30;0;10.732935;140.85376
2018;5;30;6;12.524428;130.78989
2018;5;30;12;10.575257;144.66473
2018;5;30;18;8.8947;150.86478
2018;5;31;0;9.897046;141.76437
2018;5;31;6;9.088736;184.76578
2018;5;31;12;11.50009;165.9053
2018;5;31;18;10.35193;174.95634
2018;6;1;0;12.108647;168.65628
2018;6;1;6;12.635476;184.2015
2018;6;1;12;13.209608;181.17508
2018;6;1;18;8.813096;205.1709
2018;6;2;0;5.8941865;180.60233
2018;6;2;6;5.176807;177.10324
2018;6;2;12;5.0801716;231.25708
2018;6;2;18;4.4640827;214.49611
2018;6;3;0;2.5412323;165.46526
2018;6;3;6;1.9786301;168.53012
2018;6;3;12;3.1260808;190.22519
2018;6;3;18;1.7838339;231.65852
2018;6;4;0;4.3714285;100.969986
2018;6;4;6;4.3111906;98.17145
2018;6;4;12;4.6520557;162.58255
2018;6;4;18;6.7805057;160.9827
2018;6;5;0;5.9157104;153.75975
2018;6;5;6;12.556939;139.46625
2018;6;5;12;11.136913;158.1948
2018;6;5;18;10.352396;152.6576
2018;6;6;0;11.532673;136.68526
2018;6;6;6;13.323619;127.59892
2018;6;6;12;11.856462;130.19508
2018;6;6;18;12.233684;129.18837
2018;6;7;0;13.490375;135.23682
2018;6;7;6;10.266376;151.94238
2018;6;7;12;3.4158356;191.36655
2018;6;7;18;2.2398102;279.6307
2018;6;8;0;5.701916;161.60043
2018;6;8;6;5.040512;189.02023
2018;6;8;12;4.4247327;181.87708
2018;6;8;18;1.5811222;196.73407
2018;6;9;0;4.154958;98.66853
2018;6;9;6;6.050502;112.6398
2018;6;9;12;5.7735624;109.47388
2018;6;9;18;0.7729759;151.06708
2018;6;10;0;1.7600082;114.693985
2018;6;10;6;4.5180492;130.39795
2018;6;10;12;4.8234444;139.46976
2018;6;10;18;2.8001502;130.86276
2018;6;11;0;5.35948;103.14342
2018;6;11;6;6.400854;101.03871
2018;6;11;12;7.465237;122.243
2018;6;11;18;5.652009;145.34998
2018;6;12;0;7.4429717;139.706
2018;6;12;6;7.542909;139.19186
2018;6;12;12;7.897702;132.74728
2018;6;12;18;5.769812;142.76715
2018;6;13;0;6.197832;120.39348
2018;6;13;6;5.495959;127.367386
2018;6;13;12;5.341778;128.32796
2018;6;13;18;2.4367542;198.72809
2018;6;14;0;2.7486815;150.0244
2018;6;14;6;4.7801075;126.32216
2018;6;14;12;7.853739;132.22354
2018;6;14;18;8.172289;133.69304
2018;6;15;0;9.394365;133.34492
2018;6;15;6;7.2489476;133.23026
2018;6;15;12;4.901251;141.33487
2018;6;15;18;0.94557273;209.84326
2018;6;16;0;2.8172877;103.041565
2018;6;16;6;4.480963;111.82042
2018;6;16;12;5.244504;117.52577
2018;6;16;18;2.3426623;153.34111
2018;6;17;0;4.965977;106.94617
2018;6;17;6;6.6259775;104.043
2018;6;17;12;6.150651;119.277695
2018;6;17;18;2.7397363;165.37013
2018;6;18;0;2.929418;121.76358
2018;6;18;6;6.130812;109.675766
2018;6;18;12;7.2839036;125.15704
2018;6;18;18;6.981612;128.2237
2018;6;19;0;8.498491;116.37659
2018;6;19;6;10.216037;116.69208
2018;6;19;12;9.856127;124.84479
2018;6;19;18;8.710312;134.92389
2018;6;20;0;9.5177965;126.3642
2018;6;20;6;10.479668;125.320694
2018;6;20;12;11.875695;124.53053
2018;6;20;18;12.788407;138.54324
2018;6;21;0;15.001597;137.61171
2018;6;21;6;13.676354;142.268
2018;6;21;12;11.739503;144.5711
2018;6;21;18;7.675215;150.11076
2018;6;22;0;3.4394042;167.83179
2018;6;22;6;3.1132913;140.53645
2018;6;22;12;3.2426348;165.62875
2018;6;22;18;4.816029;143.70972
2018;6;23;0;8.960178;107.5685
2018;6;23;6;9.721819;127.50546
2018;6;23;12;7.0456414;139.79955
2018;6;23;18;2.741068;247.88155
2018;6;24;0;1.8810716;322.80908
2018;6;24;6;1.9063169;353.1206
2018;6;24;12;1.1628345;88.13568
2018;6;24;18;0.9707902;336.57068
2018;6;25;0;2.7871506;89.1745
2018;6;25;6;2.0250876;123.40376
2018;6;25;12;1.8820528;197.88887
2018;6;25;18;3.1533866;235.8194
2018;6;26;0;2.3372111;155.31323
2018;6;26;6;4.0732718;140.08214
2018;6;26;12;6.230599;152.68379
2018;6;26;18;5.641706;128.9738
2018;6;27;0;7.882944;118.287796
2018;6;27;6;7.9379582;123.31915
2018;6;27;12;9.666733;123.76137
2018;6;27;18;8.376503;123.2513
2018;6;28;0;11.436459;112.17818
2018;6;28;6;14.034628;112.50531
2018;6;28;12;15.2198105;126.89821
2018;6;28;18;12.344022;125.760376
2018;6;29;0;12.164171;135.99278
2018;6;29;6;10.215838;141.97304
2018;6;29;12;6.964712;148.54358
2018;6;29;18;2.2332966;181.94226
2018;6;30;0;2.9065244;146.79924
2018;6;30;6;6.339442;138.13737
2018;6;30;12;7.9432545;113.93562
2018;6;30;18;9.548776;131.99731
2018;7;1;0;11.031757;153.02711
2018;7;1;6;5.016217;221.79837
2018;7;1;12;5.2384744;125.391495
2018;7;1;18;0.59344417;271.11703
2018;7;2;0;2.9878488;43.240967
2018;7;2;6;2.784543;58.356506
2018;7;2;12;1.1636549;136.02058
2018;7;2;18;2.926382;293.20837
2018;7;3;0;1.5435663;211.13077
2018;7;3;6;3.3657196;147.12076
2018;7;3;12;5.9949646;146.38232
2018;7;3;18;3.7629166;159.41223
2018;7;4;0;7.0395265;133.05319
2018;7;4;6;7.176157;127.761734
2018;7;4;12;8.541688;136.63844
2018;7;4;18;7.187314;148.01512
2018;7;5;0;8.3327055;142.47134
2018;7;5;6;4.2014875;155.5021
2018;7;5;12;1.5917748;171.95883
2018;7;5;18;0.35583463;254.64012
2018;7;6;0;1.9536031;80.55139
2018;7;6;6;3.8582845;107.1864
2018;7;6;12;3.1529648;144.49515
2018;7;6;18;2.2360156;205.02327
2018;7;7;0;4.8157463;125.23581
2018;7;7;6;6.5810823;111.950836
2018;7;7;12;6.836513;125.43556
2018;7;7;18;6.7181034;116.21097
2018;7;8;0;6.6859026;131.0955
2018;7;8;6;7.7338696;146.37842
2018;7;8;12;7.7670326;148.6586
2018;7;8;18;2.9454267;169.0278
2018;7;9;0;1.6534748;231.63412
2018;7;9;6;2.97399;263.72418
2018;7;9;12;4.013793;212.37392
2018;7;9;18;2.0663357;253.22867
2018;7;10;0;4.1512375;105.83826
2018;7;10;6;5.949052;128.55295
2018;7;10;12;7.373847;124.44592
2018;7;10;18;6.5870733;122.27815
2018;7;11;0;8.281701;127.20442
2018;7;11;6;5.997027;147.05495
2018;7;11;12;6.205166;157.18445
2018;7;11;18;5.2729387;173.10953
2018;7;12;0;5.2208014;123.881134
2018;7;12;6;5.63938;125.99208
2018;7;12;12;2.858547;176.05876
2018;7;12;18;1.4096893;304.77405
2018;7;13;0;1.7030889;78.6687
2018;7;13;6;4.277271;87.127014
2018;7;13;12;2.0157814;131.95471
2018;7;13;18;4.2876105;157.92061
2018;7;14;0;6.6317983;163.16565
2018;7;14;6;7.929233;164.29512
2018;7;14;12;6.854155;196.6906
2018;7;14;18;4.988039;197.93826
2018;7;15;0;4.0566835;163.22482
2018;7;15;6;4.380819;160.47588
2018;7;15;12;4.8796253;167.85468
2018;7;15;18;5.6356273;160.41925
2018;7;16;0;8.009328;163.27005
2018;7;16;6;7.550885;155.86496
2018;7;16;12;7.9601483;171.40381
2018;7;16;18;4.9114413;180.75183
2018;7;17;0;7.167423;131.09499
2018;7;17;6;5.711488;159.27818
2018;7;17;12;3.5493214;165.49316
2018;7;17;18;3.248466;156.19252
2018;7;18;0;3.6252017;164.2172
2018;7;18;6;3.5133538;232.29689
2018;7;18;12;2.798076;191.36835
2018;7;18;18;2.4678142;193.81876
2018;7;19;0;5.3533936;114.84512
2018;7;19;6;7.5100927;118.25969
2018;7;19;12;11.425063;124.36313
2018;7;19;18;9.121895;124.4754
2018;7;20;0;6.1344514;156.29184
2018;7;20;6;5.579881;257.08353
2018;7;20;12;2.0217392;204.14957
2018;7;20;18;1.7668296;261.15396
2018;7;21;0;2.4641564;57.733765
2018;7;21;6;4.8651385;97.303375
2018;7;21;12;4.79554;120.42793
2018;7;21;18;1.9785298;265.4317
2018;7;22;0;2.1480954;307.26657
2018;7;22;6;1.8651471;337.8835
2018;7;22;12;2.6067367;19.65918
2018;7;22;18;3.0026033;299.61035
2018;7;23;0;1.1126052;251.50916
2018;7;23;6;2.9642107;119.256775
2018;7;23;12;5.813881;166.63742
2018;7;23;18;6.216391;179.95937
2018;7;24;0;7.7250185;150.44946
2018;7;24;6;9.164647;132.24829
2018;7;24;12;8.18874;125.96181
2018;7;24;18;5.920558;121.71625
2018;7;25;0;5.631281;130.81746
2018;7;25;6;7.195911;133.76546
2018;7;25;12;7.8010635;138.01553
2018;7;25;18;6.4499354;168.14182
2018;7;26;0;7.421886;151.58481
2018;7;26;6;9.959293;145.86023
2018;7;26;12;8.871075;179.50189
2018;7;26;18;9.051074;195.20607
2018;7;27;0;7.942215;196.39911
2018;7;27;6;6.5667768;167.78833
2018;7;27;12;7.8112483;192.66249
2018;7;27;18;4.8765225;202.23358
2018;7;28;0;0.3015073;264.5823
2018;7;28;6;2.2025788;327.9639
2018;7;28;12;1.5417731;57.247498
2018;7;28;18;2.15903;339.16833
2018;7;29;0;3.1502278;89.4082
2018;7;29;6;8.212355;116.353134
2018;7;29;12;7.285241;120.71146
2018;7;29;18;4.5979147;134.87051
2018;7;30;0;6.5188727;118.6752
2018;7;30;6;8.260619;105.993546
2018;7;30;12;7.7212515;124.59616
2018;7;30;18;6.4650164;118.941025
2018;7;31;0;6.6430526;109.245636
2018;7;31;6;9.313247;120.88074
2018;7;31;12;8.144224;133.78389
2018;7;31;18;3.9931326;160.68321
