Year;Month;Day;Hour(utc);301;365
1975;5;1;0;7.305243;261.32697
1975;5;1;6;8.983702;275.84412
1975;5;1;12;8.023872;284.8091
1975;5;1;18;4.4429;330.91052
1975;5;2;0;4.3891716;122.54483
1975;5;2;6;7.8302574;149.319
1975;5;2;12;8.954049;149.8914
1975;5;2;18;6.9508324;129.60219
1975;5;3;0;6.571506;82.55405
1975;5;3;6;7.6546555;81.2431
1975;5;3;12;3.317086;46.931335
1975;5;3;18;3.1133852;236.01062
1975;5;4;0;3.6399512;223.35503
1975;5;4;6;4.479851;112.35344
1975;5;4;12;7.975746;111.19188
1975;5;4;18;10.103905;111.97159
1975;5;5;0;12.123656;100.96178
1975;5;5;6;10.587543;101.88808
1975;5;5;12;6.693056;94.859634
1975;5;5;18;4.710831;1.7334595
1975;5;6;0;10.908134;316.70126
1975;5;6;6;9.478822;319.83414
1975;5;6;12;11.221307;325.85614
1975;5;6;18;9.120549;323.46918
1975;5;7;0;6.2006836;303.07736
1975;5;7;6;6.188371;285.8624
1975;5;7;12;6.2321625;294.14212
1975;5;7;18;5.9558463;306.81708
1975;5;8;0;6.74722;314.88022
1975;5;8;6;7.2994695;316.9742
1975;5;8;12;7.645238;309.89655
1975;5;8;18;8.1275;309.69186
1975;5;9;0;7.1126394;289.64532
1975;5;9;6;6.002686;276.42105
1975;5;9;12;5.0298886;259.54617
1975;5;9;18;4.6579285;259.1216
1975;5;10;0;7.0231957;251.99579
1975;5;10;6;6.1422276;236.47939
1975;5;10;12;2.3969567;220.8893
1975;5;10;18;4.099933;140.39406
1975;5;11;0;3.3160315;181.11557
1975;5;11;6;5.2572775;202.08165
1975;5;11;12;6.1164865;185.21832
1975;5;11;18;4.623002;205.8628
1975;5;12;0;4.2438946;262.44153
1975;5;12;6;5.6045976;268.84818
1975;5;12;12;7.3634033;288.96982
1975;5;12;18;5.1766844;275.9613
1975;5;13;0;5.051919;247.8267
1975;5;13;6;3.3753943;206.45944
1975;5;13;12;3.4342139;209.66931
1975;5;13;18;8.1689205;258.0586
1975;5;14;0;4.631023;214.43115
1975;5;14;6;5.091432;208.01093
1975;5;14;12;7.441099;141.35526
1975;5;14;18;7.332043;120.12131
1975;5;15;0;5.2944107;115.09241
1975;5;15;6;3.4710984;113.65401
1975;5;15;12;0.38131595;344.2396
1975;5;15;18;5.2743745;335.24817
1975;5;16;0;8.016534;320.12958
1975;5;16;6;11.037295;314.44058
1975;5;16;12;12.687182;320.12955
1975;5;16;18;8.81864;326.56064
1975;5;17;0;4.758955;287.82516
1975;5;17;6;5.133652;237.43977
1975;5;17;12;2.6836812;204.52934
1975;5;17;18;4.908095;164.8174
1975;5;18;0;3.706112;234.54782
1975;5;18;6;3.990695;234.58762
1975;5;18;12;2.2564228;203.74442
1975;5;18;18;5.0204353;215.23634
1975;5;19;0;6.4890003;256.80396
1975;5;19;6;5.532012;255.03607
1975;5;19;12;3.093711;254.25449
1975;5;19;18;3.7100885;192.9938
1975;5;20;0;4.8728657;204.48962
1975;5;20;6;5.2465315;162.31369
1975;5;20;12;6.6186604;146.46916
1975;5;20;18;8.646314;134.18538
1975;5;21;0;6.9372687;131.01378
1975;5;21;6;6.9439716;142.56009
1975;5;21;12;5.8885303;136.10844
1975;5;21;18;6.3097844;88.58362
1975;5;22;0;7.37073;105.619
1975;5;22;6;4.2806253;91.471344
1975;5;22;12;5.287004;131.41805
1975;5;22;18;5.78851;123.83823
1975;5;23;0;3.6596525;114.27792
1975;5;23;6;4.1549215;77.07556
1975;5;23;12;6.544473;81.37338
1975;5;23;18;6.587309;102.67508
1975;5;24;0;3.942437;153.31155
1975;5;24;6;5.0379906;202.95209
1975;5;24;12;2.5567908;141.89427
1975;5;24;18;8.177048;107.81036
1975;5;25;0;8.71602;90.993484
1975;5;25;6;9.51968;101.27452
1975;5;25;12;11.166055;106.760025
1975;5;25;18;9.74654;111.1882
1975;5;26;0;6.612354;104.62068
1975;5;26;6;4.304516;92.51944
1975;5;26;12;10.506947;99.10808
1975;5;26;18;14.134733;101.90517
1975;5;27;0;13.1081;102.97586
1975;5;27;6;13.284699;111.114624
1975;5;27;12;11.486013;111.73511
1975;5;27;18;10.774649;90.225525
1975;5;28;0;13.084336;94.658905
1975;5;28;6;12.272728;106.57059
1975;5;28;12;11.081456;99.42354
1975;5;28;18;7.3591566;108.174286
1975;5;29;0;5.111463;98.30025
1975;5;29;6;5.471384;105.270355
1975;5;29;12;3.3311045;77.19568
1975;5;29;18;4.2698665;67.60849
1975;5;30;0;4.108939;105.4482
1975;5;30;6;5.2824187;129.41325
1975;5;30;12;4.952151;146.37506
1975;5;30;18;2.7474577;117.92111
1975;5;31;0;2.7684834;211.58089
1975;5;31;6;4.376318;258.09485
1975;5;31;12;3.6111798;244.5952
1975;5;31;18;4.4071507;254.80646
1975;6;1;0;5.921826;251.62144
1975;6;1;6;6.617686;253.68314
1975;6;1;12;5.024795;268.70663
1975;6;1;18;6.604925;283.94116
1975;6;2;0;7.381982;289.82898
1975;6;2;6;6.1875277;289.52905
1975;6;2;12;5.402373;304.23413
1975;6;2;18;2.4325097;327.62335
1975;6;3;0;1.4759351;314.4935
1975;6;3;6;1.6278433;18.47757
1975;6;3;12;1.6206048;68.725586
1975;6;3;18;2.863086;52.871582
1975;6;4;0;2.4487822;0.2645874
1975;6;4;6;3.8878791;341.09406
1975;6;4;12;4.2574267;352.51315
1975;6;4;18;3.7965026;11.823059
1975;6;5;0;4.6905003;359.4496
1975;6;5;6;3.9683871;356.06125
1975;6;5;12;4.010583;323.39426
1975;6;5;18;3.6947165;330.10135
1975;6;6;0;3.564084;345.11908
1975;6;6;6;1.6176295;121.60501
1975;6;6;12;0.42189908;263.7076
1975;6;6;18;3.1358607;306.77527
1975;6;7;0;6.0398197;327.53436
1975;6;7;6;5.7234926;342.48645
1975;6;7;12;4.066619;339.96048
1975;6;7;18;3.1973965;123.68318
1975;6;8;0;4.4316106;160.2229
1975;6;8;6;4.3297253;187.86157
1975;6;8;12;1.3417239;141.9048
1975;6;8;18;2.834623;76.3064
1975;6;9;0;3.9177604;100.79639
1975;6;9;6;4.9016223;103.51764
1975;6;9;12;4.612714;104.030655
1975;6;9;18;6.292448;85.59595
1975;6;10;0;6.92961;84.751465
1975;6;10;6;5.1432004;74.38019
1975;6;10;12;5.8323483;45.271667
1975;6;10;18;6.3955092;81.53818
1975;6;11;0;3.0516324;82.01123
1975;6;11;6;3.0508564;54.35913
1975;6;11;12;0.93189925;28.695312
1975;6;11;18;1.4162947;205.0364
1975;6;12;0;4.3476954;253.51656
1975;6;12;6;3.1480117;227.06563
1975;6;12;12;3.6572118;173.26633
1975;6;12;18;4.3670444;163.95197
1975;6;13;0;3.0227916;161.00117
1975;6;13;6;0.51558316;192.77309
1975;6;13;12;0.9055139;356.59467
1975;6;13;18;3.3244278;331.87155
1975;6;14;0;5.551744;326.21033
1975;6;14;6;4.4511466;319.1915
1975;6;14;12;4.067879;349.75177
1975;6;14;18;3.4806702;26.535156
1975;6;15;0;3.385413;40.836304
1975;6;15;6;1.8594241;333.00085
1975;6;15;12;2.4197578;40.231323
1975;6;15;18;2.030918;28.397095
1975;6;16;0;2.2091904;335.15472
1975;6;16;6;5.800201;302.46204
1975;6;16;12;8.472431;328.65353
1975;6;16;18;7.170927;348.8213
1975;6;17;0;5.3383183;355.51923
1975;6;17;6;5.359298;325.22763
1975;6;17;12;5.138787;321.75613
1975;6;17;18;4.5874586;299.9182
1975;6;18;0;5.9696755;283.00024
1975;6;18;6;4.8601575;274.32755
1975;6;18;12;2.9497714;103.76633
1975;6;18;18;6.6299753;125.05875
1975;6;19;0;6.37749;116.87839
1975;6;19;6;4.3920302;95.66023
1975;6;19;12;7.6716447;97.55711
1975;6;19;18;7.2798467;101.033005
1975;6;20;0;3.9614756;116.64679
1975;6;20;6;3.051768;247.90616
1975;6;20;12;2.1751018;262.25677
1975;6;20;18;0.6171927;255.15205
1975;6;21;0;2.8523777;172.96161
1975;6;21;6;3.4391;166.73412
1975;6;21;12;7.919931;100.12872
1975;6;21;18;9.378336;102.563446
1975;6;22;0;6.7475863;71.484314
1975;6;22;6;5.811535;73.12628
1975;6;22;12;8.915755;64.160095
1975;6;22;18;4.800459;81.47125
1975;6;23;0;3.2153676;34.849915
1975;6;23;6;3.6762972;261.35635
1975;6;23;12;3.383558;226.5964
1975;6;23;18;7.5920973;157.58728
1975;6;24;0;4.4217076;223.4581
1975;6;24;6;6.31536;262.77322
1975;6;24;12;5.513065;269.90097
1975;6;24;18;4.6548076;285.44177
1975;6;25;0;2.3762376;207.89865
1975;6;25;6;5.8966775;172.8985
1975;6;25;12;10.051193;172.99289
1975;6;25;18;9.96299;152.0057
1975;6;26;0;7.8991156;138.83658
1975;6;26;6;7.2398357;115.29826
1975;6;26;12;9.530572;100.29509
1975;6;26;18;9.00852;108.92316
1975;6;27;0;7.4637494;98.56323
1975;6;27;6;8.016049;101.86415
1975;6;27;12;7.8108997;112.115555
1975;6;27;18;2.8285625;174.78976
1975;6;28;0;0.2945995;111.968216
1975;6;28;6;6.3887444;106.10864
1975;6;28;12;7.127923;76.872406
1975;6;28;18;6.5629005;57.96698
1975;6;29;0;5.965879;322.26227
1975;6;29;6;11.543874;302.62955
1975;6;29;12;15.529282;303.77692
1975;6;29;18;14.606801;314.43262
1975;6;30;0;12.344627;311.59012
1975;6;30;6;10.921772;311.74304
1975;6;30;12;12.305833;314.22296
1975;6;30;18;13.797031;317.11206
1975;7;1;0;12.950297;311.5725
1975;7;1;6;8.637462;299.75763
1975;7;1;12;9.059611;278.11554
1975;7;1;18;7.737342;269.23303
1975;7;2;0;7.9645314;262.10086
1975;7;2;6;10.030287;254.00357
1975;7;2;12;12.797603;242.68346
1975;7;2;18;10.766089;239.84491
1975;7;3;0;8.748115;228.37373
1975;7;3;6;12.617733;215.72195
1975;7;3;12;9.218779;241.5928
1975;7;3;18;7.7182355;253.27846
1975;7;4;0;7.108134;252.14035
1975;7;4;6;9.290081;253.32648
1975;7;4;12;8.501881;251.2631
1975;7;4;18;5.785193;261.9022
1975;7;5;0;4.6408796;263.53436
1975;7;5;6;1.6690542;243.25113
1975;7;5;12;6.5181756;99.933914
1975;7;5;18;5.6839786;129.51042
1975;7;6;0;6.212605;278.69113
1975;7;6;6;7.568883;308.3494
1975;7;6;12;6.547137;328.45767
1975;7;6;18;4.934595;334.02527
1975;7;7;0;3.7098086;299.4958
1975;7;7;6;4.496933;274.839
1975;7;7;12;1.6729909;186.88358
1975;7;7;18;3.2280042;122.80586
1975;7;8;0;2.4794633;162.38887
1975;7;8;6;0.129836;306.59747
1975;7;8;12;2.9096384;303.06848
1975;7;8;18;6.0332713;317.21765
1975;7;9;0;6.6014705;314.39972
1975;7;9;6;6.5779347;311.94937
1975;7;9;12;4.673226;308.29605
1975;7;9;18;4.978588;290.96655
1975;7;10;0;6.4116735;271.9663
1975;7;10;6;7.911038;277.61148
1975;7;10;12;6.993156;290.93338
1975;7;10;18;6.982318;295.75037
1975;7;11;0;7.225714;299.49875
1975;7;11;6;5.2078123;278.02484
1975;7;11;12;5.1518707;266.01086
1975;7;11;18;4.7759047;224.27328
1975;7;12;0;9.188651;261.00497
1975;7;12;6;8.848148;287.5552
1975;7;12;12;7.077087;281.581
1975;7;12;18;7.3844137;294.8739
1975;7;13;0;5.789389;276.65918
1975;7;13;6;3.2289896;265.0427
1975;7;13;12;3.0654922;162.6705
1975;7;13;18;4.6410728;164.97107
1975;7;14;0;4.0003414;282.93414
1975;7;14;6;4.3611755;279.64368
1975;7;14;12;0.7405586;228.45306
1975;7;14;18;4.6460233;264.15955
1975;7;15;0;3.7152092;297.22775
1975;7;15;6;1.9766556;240.41533
1975;7;15;12;5.9000454;174.74188
1975;7;15;18;13.887425;147.36575
1975;7;16;0;4.858259;146.51498
1975;7;16;6;8.1220045;317.55713
1975;7;16;12;15.146768;316.1275
1975;7;16;18;14.6813;311.06372
1975;7;17;0;10.576603;310.87848
1975;7;17;6;9.687857;316.1215
1975;7;17;12;10.095128;334.01453
1975;7;17;18;5.2810183;355.79605
1975;7;18;0;2.1126173;50.652863
1975;7;18;6;1.9441223;0.6138611
1975;7;18;12;2.0850499;50.46631
1975;7;18;18;2.8205626;117.69144
1975;7;19;0;3.8665528;163.23923
1975;7;19;6;4.227745;173.97888
1975;7;19;12;8.322854;148.46286
1975;7;19;18;11.448529;134.95038
1975;7;20;0;11.054076;129.43536
1975;7;20;6;7.2631187;142.07837
1975;7;20;12;3.1147559;283.32864
1975;7;20;18;8.894741;314.14658
1975;7;21;0;9.731463;313.84085
1975;7;21;6;8.14798;310.93262
1975;7;21;12;6.420673;302.739
1975;7;21;18;7.3419843;291.11975
1975;7;22;0;6.7014136;287.9853
1975;7;22;6;7.6950426;279.40796
1975;7;22;12;6.9520745;273.674
1975;7;22;18;6.7711053;290.77615
1975;7;23;0;4.911126;283.687
1975;7;23;6;3.8889089;266.4081
1975;7;23;12;1.6714685;181.5433
1975;7;23;18;5.564449;149.8953
1975;7;24;0;7.74791;136.27524
1975;7;24;6;7.9456153;139.08224
1975;7;24;12;6.68221;139.32515
1975;7;24;18;2.3086152;150.07886
1975;7;25;0;4.116554;321.58328
1975;7;25;6;6.602435;308.1274
1975;7;25;12;7.7425714;307.19122
1975;7;25;18;6.746135;312.3504
1975;7;26;0;6.532726;311.06662
1975;7;26;6;5.9352202;304.41766
1975;7;26;12;5.631885;308.24216
1975;7;26;18;4.741752;300.55072
1975;7;27;0;5.7323213;313.5608
1975;7;27;6;5.06109;301.8231
1975;7;27;12;5.122951;314.33627
1975;7;27;18;4.809399;330.6761
1975;7;28;0;5.424767;318.20792
1975;7;28;6;5.025892;306.64642
1975;7;28;12;5.353586;278.86206
1975;7;28;18;6.276587;280.59442
1975;7;29;0;7.5731053;270.04468
1975;7;29;6;8.51485;262.22592
1975;7;29;12;9.272913;271.33972
1975;7;29;18;6.744509;274.31924
1975;7;30;0;5.569741;272.3999
1975;7;30;6;3.813039;268.7794
1975;7;30;12;3.0473275;265.37128
1975;7;30;18;2.4257662;203.12653
1975;7;31;0;5.14239;270.53568
1975;7;31;6;8.3986;259.5563
1975;7;31;12;8.902228;272.2544
1975;7;31;18;8.969766;289.3002
1976;5;1;0;2.0642264;87.2486
1976;5;1;6;3.079844;241.64374
1976;5;1;12;3.9526663;265.1069
1976;5;1;18;7.247616;274.96945
1976;5;2;0;8.694974;272.7716
1976;5;2;6;9.719524;272.01022
1976;5;2;12;9.221511;267.06253
1976;5;2;18;8.568456;284.76694
1976;5;3;0;7.9725657;275.04956
1976;5;3;6;8.11756;268.60684
1976;5;3;12;7.1276736;271.0448
1976;5;3;18;6.3984447;275.8758
1976;5;4;0;5.4492207;276.82465
1976;5;4;6;6.6270337;279.98187
1976;5;4;12;7.112925;292.23526
1976;5;4;18;7.1203623;291.31995
1976;5;5;0;6.6755714;289.93304
1976;5;5;6;4.819524;268.94955
1976;5;5;12;1.5094153;164.86047
1976;5;5;18;5.104789;104.99538
1976;5;6;0;4.1139445;103.66055
1976;5;6;6;4.556512;90.19232
1976;5;6;12;6.0509377;96.13313
1976;5;6;18;5.046353;122.23662
1976;5;7;0;3.8342812;330.92935
1976;5;7;6;6.6900935;307.24393
1976;5;7;12;7.3138494;318.00156
1976;5;7;18;7.252062;319.94492
1976;5;8;0;8.850163;303.29395
1976;5;8;6;9.498254;304.40332
1976;5;8;12;10.322503;307.70068
1976;5;8;18;12.548146;306.7881
1976;5;9;0;13.773902;302.36215
1976;5;9;6;12.160691;301.7941
1976;5;9;12;10.062979;301.3978
1976;5;9;18;6.9189;295.5298
1976;5;10;0;4.937168;265.424
1976;5;10;6;3.4395332;209.57256
1976;5;10;12;3.9252772;143.2561
1976;5;10;18;3.2521985;166.64874
1976;5;11;0;4.2369876;280.31
1976;5;11;6;7.589843;298.4075
1976;5;11;12;9.483481;295.0309
1976;5;11;18;9.094852;283.9339
1976;5;12;0;8.597696;262.20993
1976;5;12;6;7.9474525;281.52768
1976;5;12;12;10.706608;309.84006
1976;5;12;18;12.063286;315.05798
1976;5;13;0;10.216103;303.7741
1976;5;13;6;9.266771;293.49854
1976;5;13;12;9.502113;297.0398
1976;5;13;18;10.156267;316.518
1976;5;14;0;8.409943;321.70157
1976;5;14;6;6.574379;320.03818
1976;5;14;12;5.5438676;308.88596
1976;5;14;18;3.84744;307.32007
1976;5;15;0;7.2118745;294.85898
1976;5;15;6;7.8623695;284.71017
1976;5;15;12;11.633525;290.04736
1976;5;15;18;14.560412;295.30536
1976;5;16;0;13.954111;313.2445
1976;5;16;6;13.535397;313.96912
1976;5;16;12;12.712802;312.41315
1976;5;16;18;13.763973;314.9236
1976;5;17;0;9.769665;309.0568
1976;5;17;6;6.6356525;301.2833
1976;5;17;12;3.2939212;292.24228
1976;5;17;18;3.3819523;146.68501
1976;5;18;0;5.214028;171.56497
1976;5;18;6;4.4024696;245.47253
1976;5;18;12;5.000478;277.63983
1976;5;18;18;7.332272;285.7092
1976;5;19;0;8.497679;289.2891
1976;5;19;6;8.52994;285.09708
1976;5;19;12;7.438061;305.34607
1976;5;19;18;8.234041;325.38004
1976;5;20;0;9.3784485;332.12082
1976;5;20;6;8.334692;336.9105
1976;5;20;12;9.568915;345.306
1976;5;20;18;6.661808;355.87305
1976;5;21;0;7.4291997;325.64105
1976;5;21;6;7.703875;337.63745
1976;5;21;12;6.9111643;334.9698
1976;5;21;18;5.6125665;323.53998
1976;5;22;0;2.7694411;329.6724
1976;5;22;6;4.5490127;187.26419
1976;5;22;12;6.9729605;137.94862
1976;5;22;18;5.2059736;121.424576
1976;5;23;0;2.6992333;36.975555
1976;5;23;6;3.5454643;304.7851
1976;5;23;12;6.0261436;292.405
1976;5;23;18;4.481916;308.8737
1976;5;24;0;3.3116193;316.63925
1976;5;24;6;0.3849873;275.03867
1976;5;24;12;2.5486495;104.16736
1976;5;24;18;2.906506;123.01439
1976;5;25;0;2.0016332;320.94702
1976;5;25;6;2.7732484;276.34894
1976;5;25;12;2.6322765;161.47498
1976;5;25;18;9.588396;126.99217
1976;5;26;0;8.108814;122.244705
1976;5;26;6;5.026456;118.98697
1976;5;26;12;8.497354;115.53932
1976;5;26;18;8.811667;118.53615
1976;5;27;0;6.473271;103.82732
1976;5;27;6;7.414086;105.656845
1976;5;27;12;11.100614;109.33624
1976;5;27;18;12.249412;110.8241
1976;5;28;0;9.723172;111.84546
1976;5;28;6;7.246897;98.015274
1976;5;28;12;12.797612;108.774826
1976;5;28;18;12.196172;108.11911
1976;5;29;0;9.785435;100.53639
1976;5;29;6;7.7075076;98.997986
1976;5;29;12;10.8398695;96.91208
1976;5;29;18;9.664143;89.09216
1976;5;30;0;5.359221;60.48822
1976;5;30;6;5.4684267;76.14191
1976;5;30;12;5.385565;78.190735
1976;5;30;18;7.36993;88.02582
1976;5;31;0;6.9849243;89.25281
1976;5;31;6;7.1580405;85.588135
1976;5;31;12;8.665867;89.138214
1976;5;31;18;7.8860235;83.17871
1976;6;1;0;5.237776;72.24829
1976;6;1;6;4.8798475;62.66263
1976;6;1;12;6.518449;78.83545
1976;6;1;18;8.466935;72.27637
1976;6;2;0;9.204335;77.621704
1976;6;2;6;12.7318;76.23395
1976;6;2;12;14.254224;85.49182
1976;6;2;18;13.899909;93.30118
1976;6;3;0;11.744339;95.63925
1976;6;3;6;9.010175;86.21735
1976;6;3;12;12.270501;90.80687
1976;6;3;18;11.307037;99.20056
1976;6;4;0;3.9895773;75.41144
1976;6;4;6;4.140592;35.15869
1976;6;4;12;5.0405526;330.91098
1976;6;4;18;4.7680116;345.65726
1976;6;5;0;2.899007;340.47092
1976;6;5;6;2.3715122;352.2008
1976;6;5;12;6.448768;59.808075
1976;6;5;18;7.567809;69.750854
1976;6;6;0;5.634761;100.80536
1976;6;6;6;4.799379;122.23633
1976;6;6;12;6.201059;122.4792
1976;6;6;18;5.263479;109.71747
1976;6;7;0;1.233757;155.39078
1976;6;7;6;0.6619086;291.59247
1976;6;7;12;3.5844576;130.69534
1976;6;7;18;4.6751723;129.58894
1976;6;8;0;3.745783;165.32288
1976;6;8;6;3.837369;234.28236
1976;6;8;12;2.6523025;274.65625
1976;6;8;18;2.605991;321.52243
1976;6;9;0;4.537343;318.6729
1976;6;9;6;5.039054;303.5111
1976;6;9;12;6.2145057;333.31995
1976;6;9;18;4.216274;321.47723
1976;6;10;0;4.14707;334.1776
1976;6;10;6;1.1115632;193.6984
1976;6;10;12;2.8327785;129.20587
1976;6;10;18;1.8133708;113.18964
1976;6;11;0;2.417327;291.4493
1976;6;11;6;4.2816477;284.63724
1976;6;11;12;1.2040085;260.8867
1976;6;11;18;4.1769276;133.83437
1976;6;12;0;4.6512313;140.15105
1976;6;12;6;4.140552;117.93085
1976;6;12;12;6.3281846;116.47662
1976;6;12;18;5.2272754;122.87625
1976;6;13;0;1.0557781;145.91284
1976;6;13;6;2.7846642;278.16406
1976;6;13;12;3.5667005;288.7321
1976;6;13;18;3.0960553;302.2466
1976;6;14;0;2.5019832;265.2706
1976;6;14;6;3.1069715;164.3083
1976;6;14;12;6.927651;133.28136
1976;6;14;18;8.042567;108.46559
1976;6;15;0;10.576793;92.59953
1976;6;15;6;16.501469;86.64334
1976;6;15;12;15.187429;93.03938
1976;6;15;18;13.4906645;97.70546
1976;6;16;0;7.5827317;101.31644
1976;6;16;6;6.1826305;100.234955
1976;6;16;12;6.088523;91.84093
1976;6;16;18;5.653389;97.122696
1976;6;17;0;1.0102708;93.79729
1976;6;17;6;1.8256903;181.5628
1976;6;17;12;3.628448;161.62274
1976;6;17;18;3.1531014;161.82123
1976;6;18;0;5.037485;149.33339
1976;6;18;6;6.9115815;134.36765
1976;6;18;12;11.5254545;123.94812
1976;6;18;18;12.940768;130.86272
1976;6;19;0;7.603575;129.01962
1976;6;19;6;4.486179;131.18805
1976;6;19;12;4.890238;101.163956
1976;6;19;18;6.0031824;104.691986
1976;6;20;0;3.8748746;107.12958
1976;6;20;6;1.7083936;76.765564
1976;6;20;12;2.4023428;71.569855
1976;6;20;18;1.2427837;87.93268
1976;6;21;0;1.8080288;185.31543
1976;6;21;6;4.2532783;249.35715
1976;6;21;12;2.9652956;259.52856
1976;6;21;18;3.1350548;288.97473
1976;6;22;0;4.4475207;300.0895
1976;6;22;6;5.019114;285.70047
1976;6;22;12;4.732525;297.67453
1976;6;22;18;5.6911;320.65924
1976;6;23;0;5.0525208;326.29294
1976;6;23;6;5.104683;330.41937
1976;6;23;12;4.7664003;328.74405
1976;6;23;18;3.159803;348.12756
1976;6;24;0;3.6816704;315.04272
1976;6;24;6;3.9717789;334.43927
1976;6;24;12;3.1304417;8.133575
1976;6;24;18;2.1220412;21.745758
1976;6;25;0;2.9487004;307.608
1976;6;25;6;6.190649;291.14185
1976;6;25;12;5.763334;341.66428
1976;6;25;18;3.66583;5.0101013
1976;6;26;0;1.5962303;15.97934
1976;6;26;6;2.5498116;213.6798
1976;6;26;12;3.676243;229.29114
1976;6;26;18;4.5667915;275.64777
1976;6;27;0;6.1252456;285.74567
1976;6;27;6;6.8873005;292.30927
1976;6;27;12;4.5896626;305.0952
1976;6;27;18;3.8931863;322.2892
1976;6;28;0;4.5320663;317.9634
1976;6;28;6;4.5663743;330.4473
1976;6;28;12;4.7107368;311.3479
1976;6;28;18;5.242862;322.30563
1976;6;29;0;6.6480117;313.28705
1976;6;29;6;5.979866;316.42432
1976;6;29;12;3.7971225;312.6239
1976;6;29;18;1.8318042;328.82785
1976;6;30;0;3.283029;277.8575
1976;6;30;6;6.226126;283.0869
1976;6;30;12;6.6764026;301.7818
1976;6;30;18;7.1178074;315.77
1976;7;1;0;7.8788576;307.8013
1976;7;1;6;6.578759;291.39346
1976;7;1;12;8.135471;266.0302
1976;7;1;18;5.163178;254.09515
1976;7;2;0;5.317374;231.39154
1976;7;2;6;4.311792;235.09294
1976;7;2;12;2.252186;189.88188
1976;7;2;18;7.897628;139.08112
1976;7;3;0;8.123864;132.9029
1976;7;3;6;5.713221;126.09863
1976;7;3;12;6.4884796;141.17813
1976;7;3;18;9.270468;113.71153
1976;7;4;0;9.095315;105.782166
1976;7;4;6;8.229373;97.70564
1976;7;4;12;11.087081;87.730255
1976;7;4;18;9.818591;100.07846
1976;7;5;0;7.179863;116.395004
1976;7;5;6;6.7599664;111.00783
1976;7;5;12;10.661686;115.879486
1976;7;5;18;10.51749;113.304
1976;7;6;0;7.453445;110.04851
1976;7;6;6;6.893242;96.875
1976;7;6;12;7.990002;76.51816
1976;7;6;18;8.383009;74.33038
1976;7;7;0;7.7352433;94.24333
1976;7;7;6;7.904225;99.707245
1976;7;7;12;10.199838;100.15802
1976;7;7;18;9.323058;80.151184
1976;7;8;0;6.4597178;68.70682
1976;7;8;6;6.6738353;66.92984
1976;7;8;12;4.1403346;63.59314
1976;7;8;18;2.497012;23.0867
1976;7;9;0;3.2821996;331.9162
1976;7;9;6;4.3250613;308.55444
1976;7;9;12;3.3762288;305.78516
1976;7;9;18;0.16215962;306.93164
1976;7;10;0;3.9570713;242.11491
1976;7;10;6;4.6858797;265.8133
1976;7;10;12;3.5464494;275.0627
1976;7;10;18;4.372917;307.49112
1976;7;11;0;4.623263;318.08798
1976;7;11;6;4.0612216;334.0915
1976;7;11;12;1.4434235;345.30258
1976;7;11;18;2.8660572;167.9631
1976;7;12;0;5.30227;225.27289
1976;7;12;6;6.2481403;263.05322
1976;7;12;12;6.1526475;295.83676
1976;7;12;18;6.1168594;309.21167
1976;7;13;0;7.5908523;319.60077
1976;7;13;6;6.588104;315.32855
1976;7;13;12;4.6525764;323.66483
1976;7;13;18;3.6848352;302.21295
1976;7;14;0;4.8552914;283.04477
1976;7;14;6;5.5106087;279.5424
1976;7;14;12;5.430314;278.472
1976;7;14;18;5.796562;282.21005
1976;7;15;0;5.9724364;297.3627
1976;7;15;6;5.1230664;317.1354
1976;7;15;12;6.838982;336.90314
1976;7;15;18;6.8732953;338.5169
1976;7;16;0;7.273155;332.36563
1976;7;16;6;8.070376;338.88428
1976;7;16;12;8.1633415;7.58313
1976;7;16;18;6.245588;86.06778
1976;7;17;0;3.6693118;104.23103
1976;7;17;6;4.4973984;248.86298
1976;7;17;12;7.618666;279.75717
1976;7;17;18;10.578689;297.31256
1976;7;18;0;10.238961;300.14258
1976;7;18;6;8.108043;303.81323
1976;7;18;12;5.055001;298.25528
1976;7;18;18;4.265204;263.72546
1976;7;19;0;4.692042;234.36061
1976;7;19;6;6.5632997;248.57907
1976;7;19;12;6.1727357;227.2615
1976;7;19;18;4.6896367;203.37549
1976;7;20;0;2.390238;200.74565
1976;7;20;6;3.0669637;248.59055
1976;7;20;12;5.6657896;273.98694
1976;7;20;18;6.4463634;273.05142
1976;7;21;0;5.1574483;281.53574
1976;7;21;6;6.006799;263.16473
1976;7;21;12;6.8467803;276.98694
1976;7;21;18;4.322631;309.52246
1976;7;22;0;3.1802046;234.97551
1976;7;22;6;2.9274392;200.65802
1976;7;22;12;6.9935555;130.07062
1976;7;22;18;8.307969;156.83813
1976;7;23;0;4.4336095;197.8648
1976;7;23;6;5.0924125;239.11014
1976;7;23;12;5.1662464;287.31934
1976;7;23;18;5.174598;293.76157
1976;7;24;0;4.917188;279.4324
1976;7;24;6;5.081407;259.6807
1976;7;24;12;0.47284374;214.51157
1976;7;24;18;3.947265;121.73433
1976;7;25;0;6.198666;163.52475
1976;7;25;6;6.523034;152.20383
1976;7;25;12;9.420841;251.47737
1976;7;25;18;10.481576;263.95966
1976;7;26;0;3.9546163;262.84192
1976;7;26;6;4.867331;272.49097
1976;7;26;12;8.360823;302.21466
1976;7;26;18;5.593258;286.33362
1976;7;27;0;2.520448;269.6227
1976;7;27;6;3.8526707;159.89539
1976;7;27;12;7.049002;220.99704
1976;7;27;18;3.83305;195.9433
1976;7;28;0;4.9333577;219.53648
1976;7;28;6;8.649106;256.51974
1976;7;28;12;7.173871;257.84256
1976;7;28;18;9.304844;264.47977
1976;7;29;0;7.785994;263.38495
1976;7;29;6;7.2219605;251.01782
1976;7;29;12;6.453647;267.7959
1976;7;29;18;2.0315144;260.51703
1976;7;30;0;3.6868215;142.35631
1976;7;30;6;4.1234374;235.85492
1976;7;30;12;9.047141;238.11812
1976;7;30;18;9.253609;211.57233
1976;7;31;0;9.796981;237.80539
1976;7;31;6;8.0612955;253.52982
1976;7;31;12;10.766491;275.19147
1976;7;31;18;12.620713;286.70718
1977;5;1;0;13.167125;151.73781
1977;5;1;6;14.65327;133.07317
1977;5;1;12;14.4997635;111.69345
1977;5;1;18;11.366919;129.71738
1977;5;2;0;7.8322935;255.13904
1977;5;2;6;6.3646364;248.76141
1977;5;2;12;3.4580388;210.00952
1977;5;2;18;3.7098627;210.3191
1977;5;3;0;5.461359;202.60544
1977;5;3;6;7.8331156;207.46901
1977;5;3;12;10.418422;222.2421
1977;5;3;18;7.1736383;235.59071
1977;5;4;0;6.4667673;240.76312
1977;5;4;6;5.3081126;243.5955
1977;5;4;12;2.1833313;232.51147
1977;5;4;18;1.545874;163.947
1977;5;5;0;1.8714787;109.42842
1977;5;5;6;3.487322;173.86096
1977;5;5;12;2.6873686;184.47157
1977;5;5;18;1.7120211;153.48297
1977;5;6;0;2.8290448;246.56258
1977;5;6;6;3.5852432;326.29803
1977;5;6;12;3.684391;27.253937
1977;5;6;18;1.3546907;31.512817
1977;5;7;0;1.7196767;338.69724
1977;5;7;6;2.2286575;349.40625
1977;5;7;12;2.0658677;68.67819
1977;5;7;18;4.7416806;96.24626
1977;5;8;0;5.0564766;90.598145
1977;5;8;6;4.8159647;81.158875
1977;5;8;12;3.7092474;78.015076
1977;5;8;18;2.8763056;57.236908
1977;5;9;0;2.4283938;307.39532
1977;5;9;6;3.94943;320.10648
1977;5;9;12;3.749436;320.5282
1977;5;9;18;3.5340033;318.36926
1977;5;10;0;5.562108;285.36462
1977;5;10;6;5.8372865;289.817
1977;5;10;12;5.7247114;276.90903
1977;5;10;18;6.817934;287.2024
1977;5;11;0;8.192054;288.18155
1977;5;11;6;7.6871066;282.12936
1977;5;11;12;6.6141443;282.67255
1977;5;11;18;4.933399;285.65137
1977;5;12;0;5.994162;268.6484
1977;5;12;6;5.7447095;261.2703
1977;5;12;12;5.261145;280.27933
1977;5;12;18;2.8404303;307.42743
1977;5;13;0;2.6645465;274.93954
1977;5;13;6;3.6359153;277.51538
1977;5;13;12;2.30566;286.33337
1977;5;13;18;3.787889;267.712
1977;5;14;0;5.430839;277.915
1977;5;14;6;6.7364154;266.15704
1977;5;14;12;5.9740825;277.18777
1977;5;14;18;6.1002274;269.7917
1977;5;15;0;7.2385015;266.47745
1977;5;15;6;7.544762;255.92049
1977;5;15;12;6.294177;245.59206
1977;5;15;18;8.118304;250.44376
1977;5;16;0;8.28258;254.52
1977;5;16;6;8.074762;237.7107
1977;5;16;12;7.1558256;244.89182
1977;5;16;18;2.740563;159.3401
1977;5;17;0;4.95644;152.5905
1977;5;17;6;2.5396628;145.09262
1977;5;17;12;2.4603267;108.80147
1977;5;17;18;3.2840035;328.07523
1977;5;18;0;3.6468613;307.53543
1977;5;18;6;2.55896;235.59474
1977;5;18;12;4.8357344;171.57677
1977;5;18;18;7.3488097;171.5134
1977;5;19;0;6.250353;165.8281
1977;5;19;6;5.7757554;158.3115
1977;5;19;12;10.002191;119.93584
1977;5;19;18;10.321168;105.5603
1977;5;20;0;7.8237376;84.8678
1977;5;20;6;4.254536;43.585724
1977;5;20;12;3.7736096;341.83163
1977;5;20;18;11.149084;306.6744
1977;5;21;0;8.318007;301.6506
1977;5;21;6;5.2698317;285.83463
1977;5;21;12;1.2957814;245.84525
1977;5;21;18;4.437997;170.09563
1977;5;22;0;4.9939175;217.82755
1977;5;22;6;3.2817745;251.93947
1977;5;22;12;5.393859;114.38545
1977;5;22;18;6.5048194;110.94588
1977;5;23;0;5.2664104;101.36217
1977;5;23;6;6.268526;84.185425
1977;5;23;12;10.13594;70.65567
1977;5;23;18;14.482186;101.38864
1977;5;24;0;10.711657;101.609604
1977;5;24;6;10.502973;104.74214
1977;5;24;12;10.940427;113.97937
1977;5;24;18;5.607261;133.79192
1977;5;25;0;3.8111928;150.38693
1977;5;25;6;4.152469;222.07272
1977;5;25;12;2.5780082;234.85834
1977;5;25;18;1.8310877;133.18588
1977;5;26;0;3.5327716;171.17923
1977;5;26;6;4.507473;147.21324
1977;5;26;12;5.6189213;120.00343
1977;5;26;18;7.9198847;114.785095
1977;5;27;0;7.374173;118.98212
1977;5;27;6;6.344288;101.940506
1977;5;27;12;5.5355277;113.02617
1977;5;27;18;6.2245464;78.68872
1977;5;28;0;4.6267643;102.49559
1977;5;28;6;4.9543166;98.070496
1977;5;28;12;6.8717265;114.65155
1977;5;28;18;8.790603;125.26149
1977;5;29;0;7.332003;116.57428
1977;5;29;6;7.1007423;119.6214
1977;5;29;12;9.585565;116.30357
1977;5;29;18;8.434629;105.801865
1977;5;30;0;5.5082006;109.429
1977;5;30;6;4.655621;120.0867
1977;5;30;12;7.8522234;105.64975
1977;5;30;18;9.020266;90.295334
1977;5;31;0;7.8084106;76.01169
1977;5;31;6;10.811709;99.16258
1977;5;31;12;9.440959;104.0047
1977;5;31;18;10.047239;95.0477
1977;6;1;0;7.604553;92.15933
1977;6;1;6;4.05651;89.32645
1977;6;1;12;2.582125;170.39027
1977;6;1;18;1.5772499;186.32352
1977;6;2;0;3.933992;275.0786
1977;6;2;6;4.8958936;319.81262
1977;6;2;12;5.1430645;299.39105
1977;6;2;18;5.0837317;290.97418
1977;6;3;0;4.854712;258.88876
1977;6;3;6;5.5368605;253.05354
1977;6;3;12;3.341856;243.84949
1977;6;3;18;2.3034072;230.04382
1977;6;4;0;3.8552265;236.66449
1977;6;4;6;4.4261327;210.03325
1977;6;4;12;5.9167204;202.13675
1977;6;4;18;14.522323;261.16794
1977;6;5;0;12.516548;279.45758
1977;6;5;6;11.569668;280.59396
1977;6;5;12;9.615862;278.11798
1977;6;5;18;10.248998;281.90344
1977;6;6;0;8.932648;264.62085
1977;6;6;6;13.577737;265.77905
1977;6;6;12;13.626555;260.8651
1977;6;6;18;10.128347;265.39526
1977;6;7;0;8.579949;267.31772
1977;6;7;6;8.339571;275.21808
1977;6;7;12;6.71893;280.74997
1977;6;7;18;7.480079;278.3587
1977;6;8;0;6.7825785;273.06607
1977;6;8;6;5.926588;272.2143
1977;6;8;12;2.8360033;263.6329
1977;6;8;18;3.0482996;149.98337
1977;6;9;0;5.96223;267.23462
1977;6;9;6;6.79301;253.6548
1977;6;9;12;3.6098728;226.87453
1977;6;9;18;6.054281;152.499
1977;6;10;0;6.1714787;178.28835
1977;6;10;6;4.9746346;210.74074
1977;6;10;12;5.6787386;187.61246
1977;6;10;18;7.0593348;200.4827
1977;6;11;0;8.068208;264.00647
1977;6;11;6;9.943458;275.87912
1977;6;11;12;11.558382;295.91104
1977;6;11;18;10.06457;296.79953
1977;6;12;0;6.842932;284.26694
1977;6;12;6;6.9355817;262.4151
1977;6;12;12;9.49589;264.173
1977;6;12;18;9.137528;249.81947
1977;6;13;0;9.214607;239.3209
1977;6;13;6;9.33346;209.39774
1977;6;13;12;10.731663;226.9109
1977;6;13;18;5.7728605;264.86505
1977;6;14;0;6.980345;274.83084
1977;6;14;6;7.597624;263.19907
1977;6;14;12;5.757233;267.97348
1977;6;14;18;1.1582886;307.00024
1977;6;15;0;1.4096283;163.46323
1977;6;15;6;6.235948;298.77972
1977;6;15;12;8.871785;279.95444
1977;6;15;18;8.417838;284.65524
1977;6;16;0;7.0872326;265.0095
1977;6;16;6;8.083289;246.50922
1977;6;16;12;8.756942;239.89476
1977;6;16;18;4.959216;220.79813
1977;6;17;0;4.1876993;198.66452
1977;6;17;6;4.512434;246.4015
1977;6;17;12;4.288302;240.4116
1977;6;17;18;3.4086702;266.0453
1977;6;18;0;4.2912974;241.90274
1977;6;18;6;5.075523;251.65839
1977;6;18;12;3.5342786;227.90425
1977;6;18;18;2.5528219;166.82072
1977;6;19;0;4.078322;237.16515
1977;6;19;6;6.6939383;255.66794
1977;6;19;12;3.6704078;255.31087
1977;6;19;18;0.67209524;115.39453
1977;6;20;0;3.7472773;118.87166
1977;6;20;6;3.1322565;174.61176
1977;6;20;12;5.1057596;153.17023
1977;6;20;18;4.7607017;150.24344
1977;6;21;0;5.612434;126.51259
1977;6;21;6;2.5104907;132.87933
1977;6;21;12;3.6831436;117.73677
1977;6;21;18;2.2666202;46.493225
1977;6;22;0;4.8762207;309.22098
1977;6;22;6;7.849975;319.35095
1977;6;22;12;8.7655945;326.63782
1977;6;22;18;7.7816944;336.77332
1977;6;23;0;8.849533;307.6456
1977;6;23;6;7.9502463;296.72467
1977;6;23;12;6.823997;286.72925
1977;6;23;18;5.940853;297.9251
1977;6;24;0;3.9322426;296.01636
1977;6;24;6;3.6642435;267.82986
1977;6;24;12;5.6915565;280.93976
1977;6;24;18;1.7712021;231.85791
1977;6;25;0;3.9209907;222.67343
1977;6;25;6;4.9800134;210.20897
1977;6;25;12;5.3902245;198.35226
1977;6;25;18;3.1039047;200.88448
1977;6;26;0;5.6766424;240.15656
1977;6;26;6;4.832173;267.47903
1977;6;26;12;6.41854;266.05884
1977;6;26;18;7.6798024;272.9479
1977;6;27;0;7.6081004;276.6654
1977;6;27;6;5.719211;296.2547
1977;6;27;12;7.476842;303.18024
1977;6;27;18;9.337342;325.83273
1977;6;28;0;4.5991793;17.465942
1977;6;28;6;5.6710653;21.31009
1977;6;28;12;4.6001225;15.193939
1977;6;28;18;6.4102283;308.45148
1977;6;29;0;7.2156596;307.93976
1977;6;29;6;6.923283;300.92075
1977;6;29;12;4.1302905;316.12405
1977;6;29;18;4.8192368;314.96667
1977;6;30;0;4.053225;325.8291
1977;6;30;6;3.94208;285.29678
1977;6;30;12;1.4706959;300.72318
1977;6;30;18;2.8799188;263.0202
1977;7;1;0;5.856908;286.43378
1977;7;1;6;6.054822;288.29938
1977;7;1;12;5.878473;299.04315
1977;7;1;18;5.156206;312.93005
1977;7;2;0;6.114764;321.81854
1977;7;2;6;5.2469606;317.24554
1977;7;2;12;5.0653796;324.02368
1977;7;2;18;5.0606313;331.558
1977;7;3;0;5.1530333;316.8659
1977;7;3;6;4.8598967;319.78516
1977;7;3;12;4.714416;327.1106
1977;7;3;18;3.516196;355.16943
1977;7;4;0;4.029902;330.71497
1977;7;4;6;4.3344264;314.1836
1977;7;4;12;3.4726455;329.28714
1977;7;4;18;3.3808777;318.13953
1977;7;5;0;4.62746;296.80338
1977;7;5;6;5.333154;301.00513
1977;7;5;12;4.0094504;312.0014
1977;7;5;18;4.809895;291.92706
1977;7;6;0;5.030596;298.1801
1977;7;6;6;6.63716;286.88452
1977;7;6;12;6.5056334;287.1573
1977;7;6;18;6.0444407;290.15952
1977;7;7;0;7.130177;278.2629
1977;7;7;6;5.982042;269.29608
1977;7;7;12;5.095522;246.68039
1977;7;7;18;4.454866;236.29358
1977;7;8;0;5.194393;212.42021
1977;7;8;6;6.8483114;158.76251
1977;7;8;12;6.0137324;124.0309
1977;7;8;18;5.3310204;100.31752
1977;7;9;0;3.4990122;152.193
1977;7;9;6;2.316928;198.20728
1977;7;9;12;3.180221;138.59842
1977;7;9;18;3.135585;143.15273
1977;7;10;0;2.2047582;176.47684
1977;7;10;6;4.223398;272.139
1977;7;10;12;0.71789914;264.3366
1977;7;10;18;3.7244432;150.51556
1977;7;11;0;4.8291655;236.17163
1977;7;11;6;3.4908664;241.8527
1977;7;11;12;2.6078777;168.31577
1977;7;11;18;4.016827;126.319824
1977;7;12;0;5.853468;103.37044
1977;7;12;6;8.526594;84.1485
1977;7;12;12;10.9716425;106.7785
1977;7;12;18;9.407639;105.17044
1977;7;13;0;6.0590835;98.83615
1977;7;13;6;5.811744;108.86952
1977;7;13;12;4.138045;130.97925
1977;7;13;18;1.5895303;149.84157
1977;7;14;0;1.7897049;4.499817
1977;7;14;6;5.4514527;305.71533
1977;7;14;12;4.515425;8.424011
1977;7;14;18;6.9116964;351.23102
1977;7;15;0;6.108925;336.68762
1977;7;15;6;6.3771667;337.77814
1977;7;15;12;6.8693013;345.67078
1977;7;15;18;4.915513;341.15533
1977;7;16;0;3.6598172;340.5538
1977;7;16;6;3.3745365;289.82242
1977;7;16;12;1.9448861;274.0225
1977;7;16;18;1.7833893;202.2021
1977;7;17;0;3.3696296;226.6252
1977;7;17;6;4.354009;187.1459
1977;7;17;12;3.7133453;180.07803
1977;7;17;18;3.424759;139.50603
1977;7;18;0;2.2240374;167.79669
1977;7;18;6;2.2979372;294.80164
1977;7;18;12;3.7792478;328.8089
1977;7;18;18;3.2023315;353.19037
1977;7;19;0;3.51312;312.1734
1977;7;19;6;2.2362537;314.67346
1977;7;19;12;4.4621067;125.61055
1977;7;19;18;7.5453773;133.42058
1977;7;20;0;7.443946;127.63805
1977;7;20;6;7.0954685;128.25493
1977;7;20;12;8.872156;121.085495
1977;7;20;18;9.672085;110.255875
1977;7;21;0;7.4006577;106.40004
1977;7;21;6;4.917036;106.442505
1977;7;21;12;6.6891937;99.626495
1977;7;21;18;7.016651;94.74274
1977;7;22;0;6.2152376;76.18198
1977;7;22;6;6.94777;61.20691
1977;7;22;12;6.9643064;59.521973
1977;7;22;18;4.231723;61.164
1977;7;23;0;4.2656403;304.79272
1977;7;23;6;4.929105;320.4363
1977;7;23;12;5.1586237;320.73535
1977;7;23;18;5.5204;324.98624
1977;7;24;0;5.9530835;304.71674
1977;7;24;6;4.7757535;297.4881
1977;7;24;12;2.069789;287.91605
1977;7;24;18;3.6391563;114.984085
1977;7;25;0;5.9653707;132.76582
1977;7;25;6;7.8979783;116.08826
1977;7;25;12;8.124231;112.916565
1977;7;25;18;7.423126;110.06099
1977;7;26;0;3.0152466;65.87045
1977;7;26;6;3.3950727;326.53754
1977;7;26;12;7.1548166;314.65625
1977;7;26;18;6.409685;322.36462
1977;7;27;0;3.3982344;305.4759
1977;7;27;6;1.1927693;156.26508
1977;7;27;12;8.248454;162.68466
1977;7;27;18;5.0003214;231.29994
1977;7;28;0;3.8854444;147.25713
1977;7;28;6;6.3047194;143.43544
1977;7;28;12;10.0468445;243.5507
1977;7;28;18;13.919317;284.92575
1977;7;29;0;10.318014;309.56628
1977;7;29;6;11.025031;311.30005
1977;7;29;12;9.418186;304.73407
1977;7;29;18;4.4475975;256.0238
1977;7;30;0;6.403592;236.5174
1977;7;30;6;8.844981;253.41655
1977;7;30;12;7.5217576;259.33673
1977;7;30;18;6.237973;258.5437
1977;7;31;0;5.456187;242.3796
1977;7;31;6;9.800718;273.44315
1977;7;31;12;11.486664;290.00223
1977;7;31;18;14.41562;304.67078
1978;5;1;0;6.5262384;285.0727
1978;5;1;6;6.9207354;283.01666
1978;5;1;12;5.8950944;287.7079
1978;5;1;18;5.1024947;277.2078
1978;5;2;0;6.111566;281.74908
1978;5;2;6;5.1665916;280.26743
1978;5;2;12;3.0255644;273.2426
1978;5;2;18;1.1330448;192.61873
1978;5;3;0;5.9841733;242.73216
1978;5;3;6;4.657134;251.91457
1978;5;3;12;2.983941;264.5262
1978;5;3;18;3.3786733;216.09938
1978;5;4;0;6.1775336;246.50139
1978;5;4;6;4.8898697;263.6456
1978;5;4;12;1.384555;126.64812
1978;5;4;18;3.6531267;157.39749
1978;5;5;0;3.6111343;165.1119
1978;5;5;6;2.562709;201.57108
1978;5;5;12;3.5021698;260.22812
1978;5;5;18;2.077098;270.99417
1978;5;6;0;3.4504483;157.69644
1978;5;6;6;6.5017056;161.3166
1978;5;6;12;5.196477;173.9385
1978;5;6;18;5.786362;141.03218
1978;5;7;0;7.615;141.22289
1978;5;7;6;10.467873;126.418304
1978;5;7;12;13.559133;114.76701
1978;5;7;18;13.373947;108.6429
1978;5;8;0;8.772905;98.7717
1978;5;8;6;14.170625;98.36441
1978;5;8;12;12.813525;92.30354
1978;5;8;18;14.071345;91.247314
1978;5;9;0;11.879366;118.562515
1978;5;9;6;10.545017;130.59952
1978;5;9;12;10.79469;127.59926
1978;5;9;18;6.065481;131.67744
1978;5;10;0;1.5670242;193.79218
1978;5;10;6;5.499463;280.0809
1978;5;10;12;7.7681084;300.56702
1978;5;10;18;8.836376;298.56982
1978;5;11;0;7.948895;295.89557
1978;5;11;6;6.478496;266.87054
1978;5;11;12;3.6300805;214.11755
1978;5;11;18;7.5413485;156.85858
1978;5;12;0;7.117964;196.95473
1978;5;12;6;9.118799;240.20183
1978;5;12;12;11.137846;267.02377
1978;5;12;18;12.046027;284.96622
1978;5;13;0;9.88937;273.69855
1978;5;13;6;9.848159;259.27237
1978;5;13;12;14.401863;260.37878
1978;5;13;18;13.665053;276.22162
1978;5;14;0;11.338476;272.83585
1978;5;14;6;10.538831;272.41855
1978;5;14;12;14.149435;276.01193
1978;5;14;18;11.907575;291.01352
1978;5;15;0;11.402459;294.14236
1978;5;15;6;12.497193;298.2623
1978;5;15;12;15.629794;308.29312
1978;5;15;18;16.791922;316.9697
1978;5;16;0;14.693605;320.85037
1978;5;16;6;12.95802;319.3624
1978;5;16;12;13.196401;315.01343
1978;5;16;18;10.388853;306.1747
1978;5;17;0;7.695579;288.32977
1978;5;17;6;4.8837237;261.90866
1978;5;17;12;5.169404;137.5815
1978;5;17;18;11.180968;131.01639
1978;5;18;0;10.948318;136.38109
1978;5;18;6;11.513924;129.67711
1978;5;18;12;13.560896;113.687515
1978;5;18;18;13.986559;103.410324
1978;5;19;0;14.461568;92.00159
1978;5;19;6;14.850851;83.11868
1978;5;19;12;15.884735;88.98303
1978;5;19;18;14.6919;101.740906
1978;5;20;0;11.322016;95.900024
1978;5;20;6;7.214947;87.99396
1978;5;20;12;8.492499;69.2486
1978;5;20;18;8.733356;85.0058
1978;5;21;0;11.364266;100.356094
1978;5;21;6;7.6806693;66.089966
1978;5;21;12;6.8510027;52.529114
1978;5;21;18;7.4711666;343.14166
1978;5;22;0;7.662706;329.8433
1978;5;22;6;7.6945496;306.03705
1978;5;22;12;5.3718166;312.42978
1978;5;22;18;2.604851;273.2009
1978;5;23;0;3.7037814;206.90254
1978;5;23;6;6.2853312;185.3143
1978;5;23;12;8.195264;140.89375
1978;5;23;18;10.366792;130.16664
1978;5;24;0;8.999847;121.61131
1978;5;24;6;8.896354;108.81
1978;5;24;12;10.620565;109.811615
1978;5;24;18;9.078995;101.12804
1978;5;25;0;4.4068394;82.85721
1978;5;25;6;1.481564;354.1602
1978;5;25;12;1.2350878;317.563
1978;5;25;18;2.7319853;68.47055
1978;5;26;0;3.6139343;91.612076
1978;5;26;6;2.542908;42.420258
1978;5;26;12;4.180803;41.938965
1978;5;26;18;3.7857437;33.566895
1978;5;27;0;3.900548;4.102295
1978;5;27;6;2.4948235;0.014343262
1978;5;27;12;1.5067703;348.9173
1978;5;27;18;0.29039824;125.808914
1978;5;28;0;1.6703048;284.146
1978;5;28;6;3.7192848;265.8875
1978;5;28;12;1.6579186;317.94394
1978;5;28;18;5.1669974;294.73587
1978;5;29;0;6.6870165;314.1655
1978;5;29;6;5.623761;313.56467
1978;5;29;12;3.8643267;332.12204
1978;5;29;18;2.3927605;340.82513
1978;5;30;0;3.6191828;292.83234
1978;5;30;6;4.345492;301.83282
1978;5;30;12;3.232601;296.27084
1978;5;30;18;2.2482245;296.159
1978;5;31;0;2.9444277;255.98715
1978;5;31;6;4.2024584;213.7414
1978;5;31;12;2.8812056;194.80453
1978;5;31;18;4.3833914;134.29959
1978;6;1;0;4.627101;161.2417
1978;6;1;6;4.370909;166.87573
1978;6;1;12;6.650183;146.21887
1978;6;1;18;9.057331;141.0577
1978;6;2;0;7.684574;132.78963
1978;6;2;6;7.7278104;128.45921
1978;6;2;12;9.141071;106.6422
1978;6;2;18;11.205773;85.70212
1978;6;3;0;8.731649;60.94342
1978;6;3;6;7.743711;43.21173
1978;6;3;12;6.6080914;25.224518
1978;6;3;18;7.5034857;338.73065
1978;6;4;0;6.474581;310.5548
1978;6;4;6;5.5017824;282.11707
1978;6;4;12;2.749829;230.285
1978;6;4;18;5.084352;185.59297
1978;6;5;0;5.1628957;173.95786
1978;6;5;6;6.4241905;135.36604
1978;6;5;12;8.814169;127.87822
1978;6;5;18;7.629634;102.77728
1978;6;6;0;4.3404813;94.918076
1978;6;6;6;0.9806952;142.9879
1978;6;6;12;1.9006109;220.88814
1978;6;6;18;3.6006885;247.89946
1978;6;7;0;5.786641;268.78455
1978;6;7;6;7.6847725;275.08353
1978;6;7;12;5.779068;271.43625
1978;6;7;18;3.9659934;242.34161
1978;6;8;0;5.8048887;171.22784
1978;6;8;6;9.962952;160.029
1978;6;8;12;3.026473;196.94724
1978;6;8;18;4.743939;245.35684
1978;6;9;0;6.1647468;283.20047
1978;6;9;6;7.3182416;276.23947
1978;6;9;12;2.1969452;272.9043
1978;6;9;18;5.777984;93.05928
1978;6;10;0;5.3640785;307.42975
1978;6;10;6;12.394224;285.4868
1978;6;10;12;8.93205;280.8259
1978;6;10;18;2.4275775;259.68958
1978;6;11;0;9.475288;109.03058
1978;6;11;6;13.180636;122.599655
1978;6;11;12;11.493104;118.72073
1978;6;11;18;13.412086;109.703476
1978;6;12;0;13.7135515;103.23537
1978;6;12;6;9.966348;111.65752
1978;6;12;12;4.3868136;135.10358
1978;6;12;18;4.436473;321.23157
1978;6;13;0;5.7970686;318.90536
1978;6;13;6;4.2525187;348.9596
1978;6;13;12;4.087488;46.20172
1978;6;13;18;3.6913204;53.49524
1978;6;14;0;3.0498571;353.40125
1978;6;14;6;9.0735655;332.51596
1978;6;14;12;10.795106;341.82254
1978;6;14;18;8.033993;345.44263
1978;6;15;0;4.5351605;322.02914
1978;6;15;6;3.3278773;266.15387
1978;6;15;12;4.0818586;248.12326
1978;6;15;18;3.021052;220.61644
1978;6;16;0;4.5239654;225.67915
1978;6;16;6;6.8345428;157.49033
1978;6;16;12;12.589412;123.446
1978;6;16;18;13.538739;132.24123
1978;6;17;0;6.484866;107.972046
1978;6;17;6;5.07546;85.878784
1978;6;17;12;3.575273;68.64288
1978;6;17;18;3.5097473;38.061523
1978;6;18;0;6.556114;325.8686
1978;6;18;6;9.051591;314.40045
1978;6;18;12;10.973364;319.02072
1978;6;18;18;9.111659;317.65143
1978;6;19;0;7.6923404;308.856
1978;6;19;6;6.7072625;286.43744
1978;6;19;12;3.6963384;277.37518
1978;6;19;18;3.9240925;235.02281
1978;6;20;0;7.594638;268.31586
1978;6;20;6;11.068212;265.57346
1978;6;20;12;11.4457035;276.62997
1978;6;20;18;9.052211;290.6223
1978;6;21;0;8.362072;302.37033
1978;6;21;6;8.015196;302.80832
1978;6;21;12;7.018784;306.27872
1978;6;21;18;4.495835;308.42502
1978;6;22;0;4.2891035;281.73492
1978;6;22;6;5.9012375;270.3894
1978;6;22;12;5.7265525;281.91238
1978;6;22;18;7.55197;281.97253
1978;6;23;0;7.8531814;274.59744
1978;6;23;6;9.499079;266.1712
1978;6;23;12;6.900457;261.25232
1978;6;23;18;5.7831655;236.91365
1978;6;24;0;7.3844695;249.87912
1978;6;24;6;6.74713;264.56168
1978;6;24;12;3.2709975;246.82216
1978;6;24;18;3.1322763;267.9782
1978;6;25;0;4.213716;285.40414
1978;6;25;6;6.5353174;293.70825
1978;6;25;12;11.958059;286.72617
1978;6;25;18;12.151365;288.0883
1978;6;26;0;9.845559;282.61688
1978;6;26;6;7.676616;272.20212
1978;6;26;12;3.9630568;257.6159
1978;6;26;18;0.52211785;121.91261
1978;6;27;0;0.42601725;149.12662
1978;6;27;6;1.1963981;287.13693
1978;6;27;12;1.1885452;316.8308
1978;6;27;18;1.6221014;98.35678
1978;6;28;0;4.3365035;112.55156
1978;6;28;6;1.9843951;150.82051
1978;6;28;12;2.686405;134.22997
1978;6;28;18;0.70878184;236.47118
1978;6;29;0;0.32427877;31.770142
1978;6;29;6;2.2779217;339.18646
1978;6;29;12;3.44463;13.372986
1978;6;29;18;4.6222153;13.109436
1978;6;30;0;4.632928;358.72812
1978;6;30;6;3.469625;12.634705
1978;6;30;12;3.9945054;342.54382
1978;6;30;18;3.7630093;322.63312
1978;7;1;0;6.3715415;314.3942
1978;7;1;6;4.30094;315.0902
1978;7;1;12;1.995355;301.83826
1978;7;1;18;3.0749393;230.02846
1978;7;2;0;5.765775;250.7419
1978;7;2;6;5.33005;243.27487
1978;7;2;12;4.855897;240.64894
1978;7;2;18;3.4920528;234.678
1978;7;3;0;5.277778;239.92911
1978;7;3;6;4.259691;215.50116
1978;7;3;12;4.8902345;153.1435
1978;7;3;18;7.194969;124.7115
1978;7;4;0;11.053232;125.54204
1978;7;4;6;7.30288;165.44601
1978;7;4;12;5.4340806;207.7843
1978;7;4;18;2.9697018;131.12636
1978;7;5;0;5.083131;89.08548
1978;7;5;6;4.7359257;117.44423
1978;7;5;12;3.078773;166.32697
1978;7;5;18;5.6726546;126.88582
1978;7;6;0;6.978132;114.957794
1978;7;6;6;4.874602;122.351105
1978;7;6;12;3.8852954;146.40033
1978;7;6;18;3.8824072;119.79744
1978;7;7;0;3.0885043;143.63855
1978;7;7;6;1.7175409;116.696045
1978;7;7;12;6.1348;86.185425
1978;7;7;18;6.6155763;109.1087
1978;7;8;0;4.3994265;91.93413
1978;7;8;6;2.364006;104.02196
1978;7;8;12;6.0227246;80.538605
1978;7;8;18;5.835827;116.09152
1978;7;9;0;1.998779;124.92456
1978;7;9;6;2.8720508;236.84833
1978;7;9;12;2.6881607;209.30965
1978;7;9;18;4.0341763;125.624374
1978;7;10;0;5.4332776;164.71683
1978;7;10;6;6.3021803;181.28267
1978;7;10;12;5.2360587;246.53947
1978;7;10;18;2.668057;211.19307
1978;7;11;0;4.3158054;177.05719
1978;7;11;6;5.581001;229.27263
1978;7;11;12;8.116993;244.99054
1978;7;11;18;9.208792;268.79883
1978;7;12;0;6.510668;265.55682
1978;7;12;6;6.742285;260.9493
1978;7;12;12;4.911009;261.80032
1978;7;12;18;2.7223299;219.20651
1978;7;13;0;4.193606;198.72589
1978;7;13;6;5.879595;213.46841
1978;7;13;12;6.0291224;193.60416
1978;7;13;18;5.36873;178.71191
1978;7;14;0;5.82222;177.0471
1978;7;14;6;6.603063;175.71548
1978;7;14;12;8.186124;170.19589
1978;7;14;18;5.232583;156.08676
1978;7;15;0;5.9371076;195.40569
1978;7;15;6;6.5609174;235.73557
1978;7;15;12;7.5783215;259.7421
1978;7;15;18;7.971496;263.30954
1978;7;16;0;6.1500654;252.76578
1978;7;16;6;6.71906;257.64355
1978;7;16;12;6.465657;259.25266
1978;7;16;18;4.524124;281.66595
1978;7;17;0;5.293831;291.44635
1978;7;17;6;7.942212;300.71158
1978;7;17;12;5.9764724;301.07883
1978;7;17;18;4.0824385;303.2665
1978;7;18;0;3.3504198;290.32907
1978;7;18;6;3.3128328;248.03262
1978;7;18;12;2.2243524;203.01358
1978;7;18;18;3.7756126;180.87207
1978;7;19;0;2.5196657;165.09784
1978;7;19;6;1.9430684;263.1295
1978;7;19;12;3.0027826;327.0244
1978;7;19;18;1.4942218;89.3956
1978;7;20;0;2.2395806;353.69052
1978;7;20;6;2.0949578;23.177826
1978;7;20;12;2.4038806;337.5699
1978;7;20;18;1.5662146;319.38477
1978;7;21;0;4.0718102;277.5187
1978;7;21;6;5.181692;273.3778
1978;7;21;12;3.2790992;282.37506
1978;7;21;18;2.7180839;306.34152
1978;7;22;0;2.157063;269.6698
1978;7;22;6;3.7630644;249.24654
1978;7;22;12;1.5394292;190.3804
1978;7;22;18;2.5386257;163.67096
1978;7;23;0;3.407167;253.58888
1978;7;23;6;2.2018828;268.70844
1978;7;23;12;1.7958845;214.34222
1978;7;23;18;2.8666375;229.40225
1978;7;24;0;3.8750882;248.97462
1978;7;24;6;4.129639;276.7036
1978;7;24;12;2.7537992;292.73804
1978;7;24;18;2.1593907;274.69705
1978;7;25;0;1.8582629;239.2466
1978;7;25;6;4.747634;245.90099
1978;7;25;12;3.468873;262.42462
1978;7;25;18;2.657657;267.46362
1978;7;26;0;4.8332624;268.40164
1978;7;26;6;4.939228;287.2022
1978;7;26;12;3.273456;326.6292
1978;7;26;18;2.1091464;310.86026
1978;7;27;0;4.112411;293.91626
1978;7;27;6;1.609833;286.08398
1978;7;27;12;1.2611842;315.0118
1978;7;27;18;2.3282545;267.6015
1978;7;28;0;4.809639;286.22855
1978;7;28;6;6.192849;289.4104
1978;7;28;12;5.0789175;298.4987
1978;7;28;18;6.1926684;286.425
1978;7;29;0;5.8282285;269.3262
1978;7;29;6;4.613339;243.62402
1978;7;29;12;4.916416;160.50266
1978;7;29;18;9.136772;134.40108
1978;7;30;0;11.394273;135.35786
1978;7;30;6;10.128098;122.898575
1978;7;30;12;8.626536;136.03694
1978;7;30;18;5.1407485;223.48334
1978;7;31;0;6.1975174;265.54077
1978;7;31;6;5.289961;277.98572
1978;7;31;12;2.6560087;342.0828
1978;7;31;18;0.89234525;108.28841
1979;5;1;0;9.807898;279.33652
1979;5;1;6;10.746487;279.6996
1979;5;1;12;9.97588;277.63382
1979;5;1;18;9.546406;272.22876
1979;5;2;0;11.984773;274.77585
1979;5;2;6;12.824618;286.35666
1979;5;2;12;11.044228;285.55914
1979;5;2;18;8.637632;273.356
1979;5;3;0;5.5088773;284.23624
1979;5;3;6;7.0828424;279.45135
1979;5;3;12;7.454069;279.99844
1979;5;3;18;3.1869547;280.6797
1979;5;4;0;4.6370964;266.9517
1979;5;4;6;2.9545913;274.50494
1979;5;4;12;2.1770434;215.1898
1979;5;4;18;1.1340194;268.02203
1979;5;5;0;5.243666;276.34222
1979;5;5;6;6.257953;267.23096
1979;5;5;12;7.3530555;279.95657
1979;5;5;18;5.9109955;294.8475
1979;5;6;0;4.335942;284.87915
1979;5;6;6;4.69395;258.97522
1979;5;6;12;2.845329;263.71457
1979;5;6;18;5.470592;271.0835
1979;5;7;0;7.675816;289.92676
1979;5;7;6;5.7256155;306.47314
1979;5;7;12;5.093271;299.48743
1979;5;7;18;2.4093485;255.32283
1979;5;8;0;4.567969;296.97675
1979;5;8;6;5.754707;257.24673
1979;5;8;12;8.364571;259.18698
1979;5;8;18;8.130026;284.44888
1979;5;9;0;4.256231;292.30673
1979;5;9;6;4.875681;262.2104
1979;5;9;12;5.2987795;274.776
1979;5;9;18;3.0054328;308.00873
1979;5;10;0;2.571476;3.0358276
1979;5;10;6;2.9647732;332.48044
1979;5;10;12;3.4781888;321.72787
1979;5;10;18;4.3837605;308.01102
1979;5;11;0;4.8917418;297.44232
1979;5;11;6;5.0527253;270.1255
1979;5;11;12;3.3358002;263.1514
1979;5;11;18;3.1085944;255.41531
1979;5;12;0;4.233028;280.6403
1979;5;12;6;0.8847336;275.83994
1979;5;12;12;1.9753066;132.30753
1979;5;12;18;3.766951;131.77184
1979;5;13;0;1.8659573;188.9201
1979;5;13;6;3.2583969;257.88208
1979;5;13;12;0.63623476;268.9595
1979;5;13;18;3.2794657;153.10915
1979;5;14;0;4.5437117;246.78647
1979;5;14;6;5.895447;287.67822
1979;5;14;12;5.6393404;305.11035
1979;5;14;18;6.8270283;321.76425
1979;5;15;0;7.9459906;317.6695
1979;5;15;6;9.353091;313.79877
1979;5;15;12;9.282922;308.7451
1979;5;15;18;9.659488;295.0935
1979;5;16;0;12.176337;303.9831
1979;5;16;6;10.257441;307.16376
1979;5;16;12;8.492954;299.47867
1979;5;16;18;6.8770947;287.13516
1979;5;17;0;7.871942;267.27856
1979;5;17;6;8.207675;259.6735
1979;5;17;12;5.8845015;247.48033
1979;5;17;18;4.1136017;153.79433
1979;5;18;0;9.702579;131.65315
1979;5;18;6;8.080766;126.52142
1979;5;18;12;10.363371;135.1996
1979;5;18;18;7.8041205;137.5439
1979;5;19;0;3.5087507;190.77298
1979;5;19;6;6.5796103;285.1513
1979;5;19;12;6.6451015;307.3258
1979;5;19;18;7.127656;316.68243
1979;5;20;0;5.5908527;315.3188
1979;5;20;6;5.8283134;317.68298
1979;5;20;12;5.5987844;342.35394
1979;5;20;18;3.7294123;352.79297
1979;5;21;0;4.6366363;332.19708
1979;5;21;6;5.5572476;290.94302
1979;5;21;12;7.0037823;302.273
1979;5;21;18;5.093683;300.8047
1979;5;22;0;6.416268;290.94244
1979;5;22;6;4.850486;277.7408
1979;5;22;12;0.56738496;265.94104
1979;5;22;18;1.3433315;127.418
1979;5;23;0;1.5235478;189.45253
1979;5;23;6;3.352474;226.41577
1979;5;23;12;5.8779645;134.85936
1979;5;23;18;7.0994596;137.76106
1979;5;24;0;4.8902793;145.51886
1979;5;24;6;0.807505;207.62169
1979;5;24;12;4.0069423;98.36955
1979;5;24;18;4.8027396;135.75706
1979;5;25;0;3.5614548;99.2005
1979;5;25;6;0.5820077;155.62811
1979;5;25;12;4.5812364;112.484634
1979;5;25;18;7.6381125;136.44673
1979;5;26;0;4.643703;151.09964
1979;5;26;6;3.9957268;230.34425
1979;5;26;12;4.6269655;308.01694
1979;5;26;18;6.268651;322.273
1979;5;27;0;8.143025;329.746
1979;5;27;6;5.6475525;327.0252
1979;5;27;12;4.670782;304.95032
1979;5;27;18;6.540197;282.57385
1979;5;28;0;8.431434;274.59146
1979;5;28;6;9.508837;269.05322
1979;5;28;12;8.705225;273.9585
1979;5;28;18;7.4762115;267.1966
1979;5;29;0;9.003944;245.61484
1979;5;29;6;8.339291;248.59814
1979;5;29;12;3.8935776;271.22498
1979;5;29;18;1.6021003;68.96738
1979;5;30;0;3.231055;120.41371
1979;5;30;6;1.9497242;287.75528
1979;5;30;12;1.113221;173.618
1979;5;30;18;3.526228;171.58746
1979;5;31;0;6.9500833;135.31706
1979;5;31;6;3.7287204;155.20428
1979;5;31;12;8.537866;159.41014
1979;5;31;18;8.803282;210.12906
1979;6;1;0;9.952813;259.3438
1979;6;1;6;7.5140853;268.70474
1979;6;1;12;8.593633;277.93665
1979;6;1;18;6.785185;306.32956
1979;6;2;0;6.9189334;324.94742
1979;6;2;6;7.5589685;330.0903
1979;6;2;12;7.4760275;347.29242
1979;6;2;18;4.987445;45.449585
1979;6;3;0;4.236874;66.70691
1979;6;3;6;5.7374387;65.94391
1979;6;3;12;11.5531025;94.77786
1979;6;3;18;12.681746;104.58263
1979;6;4;0;11.896586;104.1364
1979;6;4;6;11.976321;106.64244
1979;6;4;12;11.427462;106.313995
1979;6;4;18;11.793395;107.85289
1979;6;5;0;7.9913683;107.10724
1979;6;5;6;5.8495464;110.775314
1979;6;5;12;4.3759007;137.19826
1979;6;5;18;3.7054627;230.99258
1979;6;6;0;4.4977555;273.13803
1979;6;6;6;6.607788;262.87036
1979;6;6;12;5.425841;252.15706
1979;6;6;18;6.658613;238.82892
1979;6;7;0;12.823452;244.8503
1979;6;7;6;8.436268;215.43283
1979;6;7;12;6.472501;186.68898
1979;6;7;18;7.6382537;160.47812
1979;6;8;0;7.277352;210.77132
1979;6;8;6;6.9321537;200.68549
1979;6;8;12;7.014416;256.03455
1979;6;8;18;12.58496;290.066
1979;6;9;0;10.991151;283.00775
1979;6;9;6;10.780728;273.82022
1979;6;9;12;10.882128;272.34552
1979;6;9;18;9.751453;282.59592
1979;6;10;0;6.625078;278.3869
1979;6;10;6;5.4502583;287.5227
1979;6;10;12;6.488393;296.4359
1979;6;10;18;7.7022595;292.18668
1979;6;11;0;8.565014;295.3061
1979;6;11;6;9.00447;284.79013
1979;6;11;12;6.884684;268.84167
1979;6;11;18;4.661213;224.84619
1979;6;12;0;9.214947;149.20454
1979;6;12;6;6.7647676;168.47601
1979;6;12;12;4.1881104;237.14795
1979;6;12;18;9.940055;261.3351
1979;6;13;0;14.414979;266.9919
1979;6;13;6;15.611144;288.9909
1979;6;13;12;15.137581;307.0008
1979;6;13;18;10.402248;307.45157
1979;6;14;0;4.818112;296.2877
1979;6;14;6;5.0270615;148.79266
1979;6;14;12;9.485655;196.08774
1979;6;14;18;9.896512;159.89539
1979;6;15;0;4.3763337;205.28442
1979;6;15;6;6.9399753;283.27734
1979;6;15;12;9.537529;297.43124
1979;6;15;18;13.3166895;313.3507
1979;6;16;0;14.155166;308.18573
1979;6;16;6;13.01902;307.7771
1979;6;16;12;11.836085;322.7119
1979;6;16;18;5.7630386;338.57602
1979;6;17;0;2.6452384;344.837
1979;6;17;6;3.3636563;240.41898
1979;6;17;12;2.760192;147.02164
1979;6;17;18;2.8882096;123.40808
1979;6;18;0;0.7199721;146.14246
1979;6;18;6;3.215039;291.0765
1979;6;18;12;4.757762;327.51108
1979;6;18;18;5.5205817;352.424
1979;6;19;0;2.5349872;330.10123
1979;6;19;6;1.429711;277.44302
1979;6;19;12;5.1318517;124.552216
1979;6;19;18;3.587083;109.887985
1979;6;20;0;2.3647969;171.87411
1979;6;20;6;2.5235083;156.69897
1979;6;20;12;5.3423166;139.68124
1979;6;20;18;8.603408;137.82793
1979;6;21;0;3.1843157;124.525055
1979;6;21;6;4.3562193;287.2195
1979;6;21;12;8.46288;307.88232
1979;6;21;18;9.65949;314.7922
1979;6;22;0;7.616768;313.496
1979;6;22;6;7.137577;301.67136
1979;6;22;12;7.2414985;289.57693
1979;6;22;18;7.841864;291.32794
1979;6;23;0;8.214381;295.21625
1979;6;23;6;8.830364;292.42676
1979;6;23;12;10.136538;296.13333
1979;6;23;18;7.643946;300.08823
1979;6;24;0;4.48492;278.3218
1979;6;24;6;3.8586183;209.63559
1979;6;24;12;5.5411763;159.14076
1979;6;24;18;4.6655507;168.22018
1979;6;25;0;5.6345944;150.35495
1979;6;25;6;4.342238;286.32416
1979;6;25;12;1.000888;313.44202
1979;6;25;18;1.4506665;84.14984
1979;6;26;0;2.1204135;163.08127
1979;6;26;6;0.44323128;142.47752
1979;6;26;12;5.094409;86.52252
1979;6;26;18;6.4990196;89.77429
1979;6;27;0;5.9230824;68.19931
1979;6;27;6;5.2434664;70.23184
1979;6;27;12;3.635345;67.298035
1979;6;27;18;1.6000648;313.2327
1979;6;28;0;6.8243732;286.60574
1979;6;28;6;8.40506;280.6028
1979;6;28;12;7.553275;279.84732
1979;6;28;18;5.1915817;304.87546
1979;6;29;0;1.8224236;265.81567
1979;6;29;6;4.2703495;226.94612
1979;6;29;12;2.5573184;184.09708
1979;6;29;18;5.236323;157.39188
1979;6;30;0;4.145638;127.66107
1979;6;30;6;3.2196438;113.32362
1979;6;30;12;5.506367;124.34447
1979;6;30;18;4.621542;293.66882
1979;7;1;0;12.4499;290.02206
1979;7;1;6;9.455305;301.77438
1979;7;1;12;9.56219;339.62515
1979;7;1;18;6.037748;24.811493
1979;7;2;0;5.1771064;62.617004
1979;7;2;6;3.2595828;63.3067
1979;7;2;12;4.9822927;83.15134
1979;7;2;18;3.292747;124.56052
1979;7;3;0;3.0335248;191.37714
1979;7;3;6;4.000292;254.47993
1979;7;3;12;4.7483873;304.4263
1979;7;3;18;3.156855;326.1884
1979;7;4;0;4.2814336;330.92517
1979;7;4;6;4.1338677;326.0256
1979;7;4;12;2.1581254;332.55676
1979;7;4;18;1.128766;321.8238
1979;7;5;0;5.3009753;279.55487
1979;7;5;6;6.809654;268.08087
1979;7;5;12;5.450404;268.5179
1979;7;5;18;5.7345166;270.06226
1979;7;6;0;7.11478;275.64484
1979;7;6;6;8.252281;271.3059
1979;7;6;12;7.720752;254.9068
1979;7;6;18;8.855215;240.18742
1979;7;7;0;6.6289034;230.63885
1979;7;7;6;5.2332635;211.56363
1979;7;7;12;6.472867;159.24963
1979;7;7;18;9.413004;143.01913
1979;7;8;0;8.343166;142.14334
1979;7;8;6;3.6348732;168.19778
1979;7;8;12;1.7390137;103.63513
1979;7;8;18;4.1829205;113.83493
1979;7;9;0;2.0107582;38.51822
1979;7;9;6;4.0870214;37.785614
1979;7;9;12;8.680181;55.589264
1979;7;9;18;6.265177;65.07544
1979;7;10;0;2.6415703;30.271088
1979;7;10;6;2.7732754;299.72574
1979;7;10;12;4.9579883;287.54913
1979;7;10;18;3.877425;311.39304
1979;7;11;0;3.3706238;314.5678
1979;7;11;6;2.4158514;285.19702
1979;7;11;12;2.1365402;271.8806
1979;7;11;18;5.837448;273.9769
1979;7;12;0;7.832283;291.66995
1979;7;12;6;8.897473;298.16663
1979;7;12;12;9.319248;314.91187
1979;7;12;18;7.821753;323.5905
1979;7;13;0;5.74974;310.3712
1979;7;13;6;6.886487;287.67868
1979;7;13;12;6.0387173;282.06537
1979;7;13;18;6.676655;278.73767
1979;7;14;0;7.1698375;280.33347
1979;7;14;6;6.2798843;267.48553
1979;7;14;12;3.8129425;270.23636
1979;7;14;18;0.80722535;133.55843
1979;7;15;0;2.9235206;108.12146
1979;7;15;6;1.6126021;333.1019
1979;7;15;12;2.1117458;344.88568
1979;7;15;18;3.7832634;310.68454
1979;7;16;0;5.6633573;294.44855
1979;7;16;6;6.4776607;283.6821
1979;7;16;12;6.0154486;280.2682
1979;7;16;18;5.424389;261.73853
1979;7;17;0;5.21022;242.75545
1979;7;17;6;6.2127013;194.17908
1979;7;17;12;6.6902227;209.76804
1979;7;17;18;8.437851;169.7737
1979;7;18;0;8.828563;246.4284
1979;7;18;6;15.623492;261.0555
1979;7;18;12;17.245571;275.97394
1979;7;18;18;16.678778;280.11447
1979;7;19;0;15.662819;275.9795
1979;7;19;6;13.977381;288.84534
1979;7;19;12;11.632579;305.1374
1979;7;19;18;10.306544;306.39145
1979;7;20;0;7.1748223;308.85278
1979;7;20;6;4.9201636;280.20798
1979;7;20;12;3.4882536;279.11566
1979;7;20;18;1.7526852;111.139725
1979;7;21;0;3.3999083;189.22032
1979;7;21;6;3.5018072;174.83789
1979;7;21;12;3.2307472;179.67334
1979;7;21;18;3.7464945;136.7629
1979;7;22;0;4.217296;160.31561
1979;7;22;6;4.8904276;179.08075
1979;7;22;12;4.886166;157.51843
1979;7;22;18;3.8870103;158.85556
1979;7;23;0;3.5942674;187.55692
1979;7;23;6;5.6929665;225.18234
1979;7;23;12;4.5060024;237.17767
1979;7;23;18;3.153173;268.4146
1979;7;24;0;4.0883894;305.2752
1979;7;24;6;2.335495;313.95172
1979;7;24;12;2.508369;267.64496
1979;7;24;18;1.9090257;265.95215
1979;7;25;0;2.25539;240.04874
1979;7;25;6;4.2123513;248.8472
1979;7;25;12;2.9300036;280.18588
1979;7;25;18;2.6210492;243.11075
1979;7;26;0;4.5455127;249.36787
1979;7;26;6;4.929226;240.16257
1979;7;26;12;6.3375106;251.31238
1979;7;26;18;6.022283;263.18265
1979;7;27;0;5.4731283;255.42545
1979;7;27;6;4.330306;242.97787
1979;7;27;12;2.0498202;222.35243
1979;7;27;18;5.3060794;110.819046
1979;7;28;0;5.021524;69.481995
1979;7;28;6;2.9117756;51.850464
1979;7;28;12;4.0732822;28.828491
1979;7;28;18;5.2241693;3.5071716
1979;7;29;0;5.1118865;338.85745
1979;7;29;6;5.5023727;314.90857
1979;7;29;12;5.466872;322.16412
1979;7;29;18;3.7554271;326.32724
1979;7;30;0;4.56228;308.34354
1979;7;30;6;4.3625083;267.92252
1979;7;30;12;2.4190433;262.05942
1979;7;30;18;1.9833671;151.17462
1979;7;31;0;1.3308791;187.69531
1979;7;31;6;2.792137;263.51877
1979;7;31;12;2.3391716;281.8865
1979;7;31;18;3.4387367;295.5391
1980;5;1;0;4.9458303;82.29443
1980;5;1;6;6.029249;48.02368
1980;5;1;12;11.992098;115.85733
1980;5;1;18;12.285704;122.45717
1980;5;2;0;8.3015785;125.282074
1980;5;2;6;5.8826914;135.23312
1980;5;2;12;3.3342466;186.94028
1980;5;2;18;4.2418723;132.31483
1980;5;3;0;4.4157863;156.60834
1980;5;3;6;4.2252116;180.1622
1980;5;3;12;4.229285;171.84937
1980;5;3;18;4.995364;152.3783
1980;5;4;0;5.689083;195.46567
1980;5;4;6;6.847893;244.3712
1980;5;4;12;4.7832637;266.73636
1980;5;4;18;5.1413155;302.1405
1980;5;5;0;5.8492107;336.48172
1980;5;5;6;4.588936;8.486389
1980;5;5;12;3.2706246;26.25821
1980;5;5;18;2.0977788;322.30222
1980;5;6;0;2.4399877;288.60864
1980;5;6;6;4.209466;269.07117
1980;5;6;12;4.900009;301.65942
1980;5;6;18;4.9644094;310.36816
1980;5;7;0;6.243767;310.934
1980;5;7;6;4.414983;333.0528
1980;5;7;12;3.3205802;26.063599
1980;5;7;18;2.6874673;355.67612
1980;5;8;0;4.046099;312.9552
1980;5;8;6;5.4991055;315.98566
1980;5;8;12;5.588636;334.153
1980;5;8;18;4.9600387;340.58896
1980;5;9;0;6.3521576;316.61218
1980;5;9;6;5.9624705;323.13998
1980;5;9;12;3.6657264;350.43982
1980;5;9;18;0.4216881;15.145081
1980;5;10;0;2.0094316;179.14496
1980;5;10;6;4.9228225;136.76791
1980;5;10;12;3.4613;143.71254
1980;5;10;18;4.7303157;97.34921
1980;5;11;0;3.2664025;136.09727
1980;5;11;6;3.252413;116.69322
1980;5;11;12;2.0884197;144.01819
1980;5;11;18;3.151254;99.4886
1980;5;12;0;4.146402;115.59569
1980;5;12;6;4.43517;121.968506
1980;5;12;12;3.5497892;110.14583
1980;5;12;18;6.714147;102.60004
1980;5;13;0;4.813885;105.4554
1980;5;13;6;4.2409096;55.618164
1980;5;13;12;8.611596;71.28241
1980;5;13;18;8.127803;112.7796
1980;5;14;0;2.5405874;137.20578
1980;5;14;6;3.864881;51.853455
1980;5;14;12;3.2294455;38.482697
1980;5;14;18;4.5868254;121.31682
1980;5;15;0;3.5531178;103.812225
1980;5;15;6;4.9305906;96.06775
1980;5;15;12;9.138045;100.18063
1980;5;15;18;8.433016;114.11058
1980;5;16;0;4.3378005;119.16632
1980;5;16;6;3.1211793;129.38713
1980;5;16;12;4.329197;97.30139
1980;5;16;18;5.294173;109.15941
1980;5;17;0;3.2663646;103.49454
1980;5;17;6;2.2360773;82.03082
1980;5;17;12;3.6092806;122.435074
1980;5;17;18;5.681065;134.57335
1980;5;18;0;5.0955143;130.03555
1980;5;18;6;4.3528576;144.61292
1980;5;18;12;7.8142085;145.8016
1980;5;18;18;9.280931;145.05092
1980;5;19;0;6.2283163;157.01971
1980;5;19;6;5.2641544;229.77658
1980;5;19;12;4.9869866;228.18309
1980;5;19;18;3.059751;168.8347
1980;5;20;0;9.05389;214.54294
1980;5;20;6;14.585186;222.97266
1980;5;20;12;11.932578;222.69902
1980;5;20;18;7.2084255;194.45137
1980;5;21;0;6.497562;139.9518
1980;5;21;6;9.078293;97.6373
1980;5;21;12;9.948256;119.93216
1980;5;21;18;9.942664;116.46216
1980;5;22;0;12.895446;115.582825
1980;5;22;6;11.124018;123.77565
1980;5;22;12;9.562155;120.21434
1980;5;22;18;9.995442;126.48869
1980;5;23;0;9.567121;126.32234
1980;5;23;6;12.017509;129.76749
1980;5;23;12;13.9803295;142.23047
1980;5;23;18;9.295144;160.374
1980;5;24;0;5.615977;222.51213
1980;5;24;6;6.8270426;236.8151
1980;5;24;12;6.4905624;243.56543
1980;5;24;18;7.7117305;236.76996
1980;5;25;0;4.8744307;250.95647
1980;5;25;6;5.9258285;258.6137
1980;5;25;12;5.3729286;263.74637
1980;5;25;18;3.8937068;282.3623
1980;5;26;0;3.2343202;265.46378
1980;5;26;6;5.146054;237.71162
1980;5;26;12;3.0290976;253.28174
1980;5;26;18;2.4250126;222.1824
1980;5;27;0;3.2519212;236.18234
1980;5;27;6;2.6920526;203.76279
1980;5;27;12;3.6071944;153.93091
1980;5;27;18;4.3517785;148.45572
1980;5;28;0;3.8917768;153.64853
1980;5;28;6;4.771537;140.48463
1980;5;28;12;5.2825584;118.66525
1980;5;28;18;5.2962346;117.99768
1980;5;29;0;4.4789658;106.52307
1980;5;29;6;4.921574;126.985275
1980;5;29;12;3.0167313;117.73996
1980;5;29;18;3.75281;93.99431
1980;5;30;0;1.8755735;99.832886
1980;5;30;6;0.29559973;67.43616
1980;5;30;12;0.9887903;285.063
1980;5;30;18;2.574723;260.08432
1980;5;31;0;4.8965797;263.4758
1980;5;31;6;5.2576957;261.0674
1980;5;31;12;5.150187;277.03223
1980;5;31;18;4.2682157;290.42526
1980;6;1;0;5.4805937;278.52292
1980;6;1;6;4.0942893;240.29652
1980;6;1;12;4.620275;233.85309
1980;6;1;18;3.51727;193.05319
1980;6;2;0;4.845725;218.00946
1980;6;2;6;8.754163;237.46643
1980;6;2;12;7.8530445;272.5522
1980;6;2;18;6.1050515;297.41806
1980;6;3;0;5.6273084;308.32227
1980;6;3;6;4.2449317;310.60825
1980;6;3;12;4.5409017;346.16974
1980;6;3;18;4.3109474;326.63528
1980;6;4;0;6.360037;315.84875
1980;6;4;6;6.904014;297.4902
1980;6;4;12;6.018837;294.36246
1980;6;4;18;4.6791945;281.6485
1980;6;5;0;6.2567544;276.20493
1980;6;5;6;7.035448;265.92603
1980;6;5;12;7.460719;265.88693
1980;6;5;18;5.1741967;271.5313
1980;6;6;0;5.960706;265.159
1980;6;6;6;6.636565;250.7432
1980;6;6;12;6.288779;261.39252
1980;6;6;18;6.2903953;274.04767
1980;6;7;0;4.6034846;254.05156
1980;6;7;6;7.9698796;245.10219
1980;6;7;12;8.223707;259.1426
1980;6;7;18;7.4251957;249.50671
1980;6;8;0;7.393647;242.33588
1980;6;8;6;6.701782;236.5235
1980;6;8;12;4.769366;246.03801
1980;6;8;18;4.727691;249.65622
1980;6;9;0;4.8230963;261.4552
1980;6;9;6;1.7281588;259.0082
1980;6;9;12;2.684804;259.9137
1980;6;9;18;3.6535075;241.87834
1980;6;10;0;5.420109;249.96118
1980;6;10;6;5.0972676;241.96101
1980;6;10;12;2.1552484;202.76138
1980;6;10;18;5.595542;160.31937
1980;6;11;0;7.473471;160.44519
1980;6;11;6;5.8091636;209.99706
1980;6;11;12;1.5211279;209.3948
1980;6;11;18;3.8564875;211.70937
1980;6;12;0;4.8852963;172.83156
1980;6;12;6;8.67661;144.87654
1980;6;12;12;10.44024;112.81387
1980;6;12;18;11.285183;116.521255
1980;6;13;0;9.241062;98.9574
1980;6;13;6;7.3730545;97.81897
1980;6;13;12;5.996562;126.637924
1980;6;13;18;4.6433797;144.30145
1980;6;14;0;4.9379697;136.89856
1980;6;14;6;3.8786147;113.12956
1980;6;14;12;3.5645149;82.9534
1980;6;14;18;5.873098;83.81613
1980;6;15;0;4.699399;118.86392
1980;6;15;6;4.246202;80.861694
1980;6;15;12;9.102576;91.89099
1980;6;15;18;11.876403;101.84784
1980;6;16;0;6.086847;90.68689
1980;6;16;6;4.0667553;72.014404
1980;6;16;12;5.3546486;78.44995
1980;6;16;18;3.9335392;103.757065
1980;6;17;0;2.4871795;116.88014
1980;6;17;6;2.6652796;127.380356
1980;6;17;12;7.9031887;115.85405
1980;6;17;18;5.910492;121.26326
1980;6;18;0;3.6133525;98.39981
1980;6;18;6;5.1439705;41.855255
1980;6;18;12;6.7212796;89.51764
1980;6;18;18;4.589569;56.17514
1980;6;19;0;3.8697517;322.23895
1980;6;19;6;4.4123445;285.1308
1980;6;19;12;3.5436184;306.92773
1980;6;19;18;2.7833161;289.81546
1980;6;20;0;1.787236;10.750305
1980;6;20;6;3.6034002;116.08031
1980;6;20;12;5.727865;118.320786
1980;6;20;18;4.830169;121.76021
1980;6;21;0;3.1761112;122.7039
1980;6;21;6;2.9537835;160.71243
1980;6;21;12;3.1540716;151.74878
1980;6;21;18;5.37492;77.84497
1980;6;22;0;5.9272904;62.707214
1980;6;22;6;3.6867368;67.40918
1980;6;22;12;2.7478065;74.46002
1980;6;22;18;3.0107586;151.05615
1980;6;23;0;2.380701;197.13074
1980;6;23;6;3.2739007;263.2753
1980;6;23;12;1.732105;316.66507
1980;6;23;18;2.1091893;329.44626
1980;6;24;0;3.6145847;286.58148
1980;6;24;6;3.9467683;279.7135
1980;6;24;12;2.2389328;278.89062
1980;6;24;18;0.80267614;265.3844
1980;6;25;0;3.2395775;281.2397
1980;6;25;6;2.9846919;263.80853
1980;6;25;12;0.819023;131.3385
1980;6;25;18;4.4255943;145.39838
1980;6;26;0;6.844574;125.63846
1980;6;26;6;8.190879;123.30098
1980;6;26;12;12.473382;119.16206
1980;6;26;18;8.322522;129.1541
1980;6;27;0;5.9839377;105.29561
1980;6;27;6;5.2311893;113.62593
1980;6;27;12;7.802102;93.847626
1980;6;27;18;7.425889;103.83328
1980;6;28;0;5.244619;79.82095
1980;6;28;6;4.9396744;52.09784
1980;6;28;12;7.150592;67.3772
1980;6;28;18;6.0139585;77.37512
1980;6;29;0;3.5413115;95.68335
1980;6;29;6;2.9688773;122.583664
1980;6;29;12;9.471234;130.58026
1980;6;29;18;10.867492;136.05084
1980;6;30;0;10.62475;117.957
1980;6;30;6;12.206954;112.517395
1980;6;30;12;12.687903;100.71643
1980;6;30;18;13.459633;90.57991
1980;7;1;0;8.517512;96.846176
1980;7;1;6;7.7231593;90.59427
1980;7;1;12;8.540929;92.30553
1980;7;1;18;7.204997;83.01074
1980;7;2;0;6.6244326;72.39874
1980;7;2;6;4.9104357;67.36023
1980;7;2;12;5.9601855;104.9445
1980;7;2;18;3.704705;107.60953
1980;7;3;0;2.298841;358.40717
1980;7;3;6;3.8168383;342.16397
1980;7;3;12;2.9670265;12.603027
1980;7;3;18;3.194589;110.55794
1980;7;4;0;2.8316786;154.54498
1980;7;4;6;2.7416978;205.14761
1980;7;4;12;2.301102;158.41129
1980;7;4;18;2.7216642;124.85469
1980;7;5;0;1.042362;166.97154
1980;7;5;6;4.1765447;270.6472
1980;7;5;12;3.8113139;298.80472
1980;7;5;18;2.28925;46.012024
1980;7;6;0;2.6737702;125.87688
1980;7;6;6;2.7620583;152.32164
1980;7;6;12;2.2595437;92.56145
1980;7;6;18;4.327269;103.57132
1980;7;7;0;2.0194166;107.53281
1980;7;7;6;1.248085;204.79703
1980;7;7;12;2.085552;97.68169
1980;7;7;18;5.053646;100.04924
1980;7;8;0;4.0943584;103.775894
1980;7;8;6;5.2225094;107.01376
1980;7;8;12;10.602444;101.30908
1980;7;8;18;10.029161;106.79434
1980;7;9;0;9.331604;108.37657
1980;7;9;6;9.801986;107.4792
1980;7;9;12;12.797362;108.32173
1980;7;9;18;11.63937;103.97522
1980;7;10;0;8.076279;98.4337
1980;7;10;6;5.705886;99.2144
1980;7;10;12;1.6447233;100.433716
1980;7;10;18;0.3211724;117.222275
1980;7;11;0;4.4247956;276.6377
1980;7;11;6;5.7496266;282.34482
1980;7;11;12;3.734842;297.66458
1980;7;11;18;1.5529736;264.6143
1980;7;12;0;2.0399003;261.0125
1980;7;12;6;2.9415638;233.8857
1980;7;12;12;1.1562008;262.59198
1980;7;12;18;1.4157399;213.71558
1980;7;13;0;5.1974483;270.27612
1980;7;13;6;3.4976702;256.03534
1980;7;13;12;3.4454105;243.74846
1980;7;13;18;2.784358;155.91646
1980;7;14;0;4.468992;246.46124
1980;7;14;6;5.5628333;255.52843
1980;7;14;12;6.6243367;287.88815
1980;7;14;18;7.74192;317.92783
1980;7;15;0;8.18373;321.28162
1980;7;15;6;8.949645;329.50238
1980;7;15;12;8.404471;329.2005
1980;7;15;18;4.4123144;335.54175
1980;7;16;0;2.6779609;314.93063
1980;7;16;6;3.9130907;247.42715
1980;7;16;12;1.9071969;218.61082
1980;7;16;18;4.2837157;288.1223
1980;7;17;0;5.335928;304.8977
1980;7;17;6;5.357244;284.4647
1980;7;17;12;4.982146;304.4361
1980;7;17;18;4.525696;296.04794
1980;7;18;0;4.767825;308.319
1980;7;18;6;4.5395555;283.5888
1980;7;18;12;4.180756;300.22876
1980;7;18;18;3.6353598;282.84048
1980;7;19;0;7.3016667;280.5238
1980;7;19;6;8.269007;269.5866
1980;7;19;12;7.912944;282.17545
1980;7;19;18;6.9217615;299.85342
1980;7;20;0;5.6142545;306.44632
1980;7;20;6;5.4728312;313.05322
1980;7;20;12;2.8307922;292.8148
1980;7;20;18;0.36351463;213.33539
1980;7;21;0;3.7864783;194.58148
1980;7;21;6;4.5519714;257.5677
1980;7;21;12;4.281815;296.0249
1980;7;21;18;6.0554414;273.2885
1980;7;22;0;8.7309065;273.06357
1980;7;22;6;7.2172;267.91998
1980;7;22;12;8.914042;307.27258
1980;7;22;18;9.62748;315.0975
1980;7;23;0;10.571855;308.60635
1980;7;23;6;10.322258;299.00403
1980;7;23;12;11.088121;312.9433
1980;7;23;18;9.557181;319.19305
1980;7;24;0;7.9283876;306.3622
1980;7;24;6;7.506196;292.5811
1980;7;24;12;6.490321;283.66626
1980;7;24;18;6.2283726;285.12527
1980;7;25;0;7.0247087;289.22458
1980;7;25;6;5.7085257;278.79407
1980;7;25;12;3.5849977;277.7754
1980;7;25;18;3.87993;262.37585
1980;7;26;0;5.010632;250.20695
1980;7;26;6;5.2831264;235.29475
1980;7;26;12;3.4806383;207.84778
1980;7;26;18;7.081266;154.14615
1980;7;27;0;5.674777;224.043
1980;7;27;6;5.6658745;201.97919
1980;7;27;12;7.309023;153.42664
1980;7;27;18;9.061142;133.3844
1980;7;28;0;7.923233;120.71208
1980;7;28;6;6.436765;127.73422
1980;7;28;12;7.3950024;108.00636
1980;7;28;18;8.049198;100.72998
1980;7;29;0;5.332733;91.29494
1980;7;29;6;5.3673034;96.819855
1980;7;29;12;5.825623;104.32767
1980;7;29;18;3.0775568;118.90375
1980;7;30;0;2.8477707;141.52644
1980;7;30;6;4.152796;230.03654
1980;7;30;12;3.1319604;234.27118
1980;7;30;18;1.961279;259.78717
1980;7;31;0;2.7690153;242.43045
1980;7;31;6;4.8011584;270.97064
1980;7;31;12;5.012699;294.93948
1980;7;31;18;5.48589;331.49344
1981;5;1;0;4.3864655;273.9055
1981;5;1;6;6.043235;265.767
1981;5;1;12;1.1211492;242.43295
1981;5;1;18;6.9561563;150.93271
1981;5;2;0;8.245757;155.71173
1981;5;2;6;5.209111;165.71732
1981;5;2;12;7.821564;279.40857
1981;5;2;18;11.788549;293.02832
1981;5;3;0;9.69172;300.51172
1981;5;3;6;9.884574;302.1542
1981;5;3;12;9.084914;312.3335
1981;5;3;18;6.81355;320.4521
1981;5;4;0;5.725623;314.0311
1981;5;4;6;4.9080014;295.2763
1981;5;4;12;4.568367;314.94507
1981;5;4;18;4.3700323;318.6073
1981;5;5;0;6.8564415;310.27457
1981;5;5;6;6.352285;310.42267
1981;5;5;12;5.8215647;315.71432
1981;5;5;18;1.5215604;37.973755
1981;5;6;0;2.906708;172.24786
1981;5;6;6;5.4226947;180.34247
1981;5;6;12;8.06485;177.04108
1981;5;6;18;7.4203706;170.7323
1981;5;7;0;7.073938;188.89047
1981;5;7;6;8.060268;171.47057
1981;5;7;12;10.746313;176.1828
1981;5;7;18;10.270526;155.36377
1981;5;8;0;10.413203;143.27608
1981;5;8;6;11.549433;130.27455
1981;5;8;12;13.399357;122.328415
1981;5;8;18;15.641559;123.63289
1981;5;9;0;15.602536;122.31955
1981;5;9;6;14.89102;108.88289
1981;5;9;12;11.483382;105.56616
1981;5;9;18;3.7213898;233.96507
1981;5;10;0;9.1656;287.83722
1981;5;10;6;9.85038;272.18314
1981;5;10;12;18.021778;272.4073
1981;5;10;18;15.7488785;274.63538
1981;5;11;0;9.90031;282.68677
1981;5;11;6;5.9531655;293.72543
1981;5;11;12;3.7692943;19.821228
1981;5;11;18;2.265499;74.75043
1981;5;12;0;1.8461034;141.77988
1981;5;12;6;3.0784616;146.41182
1981;5;12;12;3.5417337;129.6251
1981;5;12;18;6.570739;120.47427
1981;5;13;0;4.400556;94.989136
1981;5;13;6;2.290268;45.77423
1981;5;13;12;3.0377738;325.9301
1981;5;13;18;4.9278665;29.164429
1981;5;14;0;2.9302118;176.07333
1981;5;14;6;3.3663657;168.98212
1981;5;14;12;5.7393193;168.46606
1981;5;14;18;3.523718;217.84512
1981;5;15;0;6.167025;283.6435
1981;5;15;6;8.607151;286.33133
1981;5;15;12;9.205224;291.62164
1981;5;15;18;11.880447;289.17014
1981;5;16;0;11.155383;275.29373
1981;5;16;6;10.076283;257.94913
1981;5;16;12;5.76063;241.34154
1981;5;16;18;4.4917746;228.94376
1981;5;17;0;7.601532;247.76352
1981;5;17;6;8.676838;238.23163
1981;5;17;12;10.003678;250.20534
1981;5;17;18;7.762064;301.8976
1981;5;18;0;6.866446;299.6764
1981;5;18;6;7.2975082;291.79874
1981;5;18;12;3.7963636;269.2002
1981;5;18;18;1.7673239;178.39569
1981;5;19;0;5.0491834;242.58127
1981;5;19;6;6.53848;262.20578
1981;5;19;12;4.8281345;278.43073
1981;5;19;18;1.9241927;267.31973
1981;5;20;0;2.7355242;208.94505
1981;5;20;6;6.865243;229.61111
1981;5;20;12;4.0887756;193.60895
1981;5;20;18;5.432728;224.65677
1981;5;21;0;2.0814342;231.74347
1981;5;21;6;4.0333815;144.11815
1981;5;21;12;6.705877;92.560745
1981;5;21;18;8.172402;109.2986
1981;5;22;0;7.4733686;91.05617
1981;5;22;6;7.13279;95.40115
1981;5;22;12;5.734435;101.106735
1981;5;22;18;3.6311233;110.51854
1981;5;23;0;5.054168;291.77985
1981;5;23;6;5.980266;306.49652
1981;5;23;12;5.9925647;331.91003
1981;5;23;18;1.9239132;307.44476
1981;5;24;0;2.2855785;238.82445
1981;5;24;6;4.339591;207.35701
1981;5;24;12;4.172581;175.28845
1981;5;24;18;6.2051067;160.82594
1981;5;25;0;6.1385236;179.82355
1981;5;25;6;6.33087;194.8469
1981;5;25;12;3.6044536;190.88177
1981;5;25;18;5.0715437;151.34454
1981;5;26;0;5.3316145;155.78564
1981;5;26;6;6.0760813;125.57727
1981;5;26;12;10.918016;119.32091
1981;5;26;18;11.885153;113.12604
1981;5;27;0;12.262188;112.2222
1981;5;27;6;13.090222;114.01567
1981;5;27;12;14.000174;108.36192
1981;5;27;18;13.100422;110.51921
1981;5;28;0;11.000127;107.90137
1981;5;28;6;8.771908;116.42021
1981;5;28;12;9.59224;114.20668
1981;5;28;18;10.558002;120.37822
1981;5;29;0;7.411546;123.88754
1981;5;29;6;5.99243;131.79945
1981;5;29;12;5.3203897;143.22531
1981;5;29;18;6.1276746;144.17432
1981;5;30;0;3.1543636;159.63728
1981;5;30;6;3.9864163;239.94756
1981;5;30;12;2.9621637;279.3139
1981;5;30;18;2.8807697;262.5772
1981;5;31;0;2.7615325;287.97476
1981;5;31;6;4.092696;242.13477
1981;5;31;12;3.3553774;265.0905
1981;5;31;18;1.391802;249.18573
1981;6;1;0;3.6142128;258.6998
1981;6;1;6;1.1356856;236.80931
1981;6;1;12;1.6320482;137.54303
1981;6;1;18;3.8112853;140.6199
1981;6;2;0;4.4999776;145.53418
1981;6;2;6;3.5182385;185.12604
1981;6;2;12;2.8990529;95.463394
1981;6;2;18;4.23315;80.06732
1981;6;3;0;5.449969;83.87256
1981;6;3;6;6.9202147;76.017456
1981;6;3;12;9.832204;83.80792
1981;6;3;18;7.663005;73.47037
1981;6;4;0;6.0475855;87.33777
1981;6;4;6;1.2557721;83.84381
1981;6;4;12;3.259724;29.664124
1981;6;4;18;2.583469;353.2096
1981;6;5;0;3.0038671;345.13385
1981;6;5;6;2.094799;337.45294
1981;6;5;12;4.0179;334.63757
1981;6;5;18;3.2030666;347.40286
1981;6;6;0;4.0307083;314.00937
1981;6;6;6;5.8724413;308.54602
1981;6;6;12;5.660525;316.45407
1981;6;6;18;6.3636894;308.01505
1981;6;7;0;8.834085;296.33755
1981;6;7;6;8.081576;298.006
1981;6;7;12;7.946127;305.76074
1981;6;7;18;7.4823647;296.56866
1981;6;8;0;6.857545;296.60712
1981;6;8;6;6.321313;304.99576
1981;6;8;12;6.090055;344.2096
1981;6;8;18;3.0528624;357.06287
1981;6;9;0;3.962326;276.20706
1981;6;9;6;6.402216;295.84033
1981;6;9;12;6.596941;320.45697
1981;6;9;18;6.1014004;321.07327
1981;6;10;0;6.8066754;294.61508
1981;6;10;6;6.474107;292.85388
1981;6;10;12;6.212922;291.1053
1981;6;10;18;4.118608;295.99716
1981;6;11;0;5.932063;270.1353
1981;6;11;6;6.4621778;259.93915
1981;6;11;12;7.5879803;268.31784
1981;6;11;18;2.3872027;321.0022
1981;6;12;0;6.528642;121.21532
1981;6;12;6;6.4856396;79.72949
1981;6;12;12;9.88075;94.45131
1981;6;12;18;10.942743;98.431915
1981;6;13;0;7.550395;100.46988
1981;6;13;6;4.810352;102.61522
1981;6;13;12;5.0684795;109.62674
1981;6;13;18;2.1269515;219.40703
1981;6;14;0;4.517802;248.04416
1981;6;14;6;5.7276826;256.61563
1981;6;14;12;3.571619;261.8298
1981;6;14;18;2.4663262;237.76556
1981;6;15;0;4.361872;266.02194
1981;6;15;6;3.9351075;251.22333
1981;6;15;12;4.678001;163.37296
1981;6;15;18;10.535852;166.9733
1981;6;16;0;4.7932816;205.33878
1981;6;16;6;6.0947776;234.49182
1981;6;16;12;5.465047;238.70749
1981;6;16;18;5.455539;267.03235
1981;6;17;0;3.7017703;243.26595
1981;6;17;6;5.1532497;240.74263
1981;6;17;12;4.881726;243.48914
1981;6;17;18;3.1820307;270.61124
1981;6;18;0;3.573595;219.49431
1981;6;18;6;2.806777;205.5009
1981;6;18;12;2.152344;245.49013
1981;6;18;18;1.9627746;162.8841
1981;6;19;0;3.0160587;173.69093
1981;6;19;6;4.5075197;240.30608
1981;6;19;12;3.4399397;155.42029
1981;6;19;18;3.2955198;223.8878
1981;6;20;0;3.353356;163.10034
1981;6;20;6;3.6745155;172.73225
1981;6;20;12;4.7292113;118.37486
1981;6;20;18;5.23241;116.20534
1981;6;21;0;2.2999601;90.410904
1981;6;21;6;2.268129;262.40643
1981;6;21;12;2.7082858;309.8748
1981;6;21;18;3.4529598;341.22678
1981;6;22;0;4.7256;321.2563
1981;6;22;6;5.8845954;308.8835
1981;6;22;12;9.861157;319.29965
1981;6;22;18;9.130997;319.91727
1981;6;23;0;6.894335;312.84583
1981;6;23;6;5.4592614;296.20663
1981;6;23;12;2.3045857;315.11554
1981;6;23;18;1.3998207;261.23175
1981;6;24;0;2.8479278;259.27472
1981;6;24;6;1.5230125;217.97818
1981;6;24;12;5.8238764;121.645096
1981;6;24;18;10.712219;130.8037
1981;6;25;0;9.315915;146.11328
1981;6;25;6;7.6107254;153.46161
1981;6;25;12;6.424601;165.47247
1981;6;25;18;6.0114503;146.91275
1981;6;26;0;6.3109164;135.84946
1981;6;26;6;5.87916;169.05606
1981;6;26;12;6.1503444;238.50296
1981;6;26;18;0.905799;247.5779
1981;6;27;0;3.6955578;346.76892
1981;6;27;6;6.560187;340.91162
1981;6;27;12;10.042345;315.63306
1981;6;27;18;9.200996;317.78748
1981;6;28;0;6.0510397;321.64734
1981;6;28;6;2.293164;334.9463
1981;6;28;12;3.0072696;167.83997
1981;6;28;18;6.484918;136.17789
1981;6;29;0;0.6869595;109.40764
1981;6;29;6;8.058242;293.16394
1981;6;29;12;10.325802;317.85977
1981;6;29;18;10.402668;326.93744
1981;6;30;0;9.369009;319.36398
1981;6;30;6;10.106547;317.24484
1981;6;30;12;8.590981;312.67303
1981;6;30;18;6.423105;301.4277
1981;7;1;0;4.6687646;270.1331
1981;7;1;6;5.029986;238.33167
1981;7;1;12;5.042082;150.2846
1981;7;1;18;7.543734;155.17345
1981;7;2;0;6.5448604;147.36432
1981;7;2;6;6.311494;132.3381
1981;7;2;12;9.346831;132.98341
1981;7;2;18;9.281928;139.88824
1981;7;3;0;6.552873;136.81361
1981;7;3;6;2.6287045;150.7236
1981;7;3;12;1.2635422;158.87433
1981;7;3;18;1.3024806;117.9727
1981;7;4;0;0.88630694;212.3666
1981;7;4;6;1.4253234;137.40515
1981;7;4;12;5.1838365;117.47502
1981;7;4;18;7.436216;118.012115
1981;7;5;0;4.6848183;110.647934
1981;7;5;6;2.5717814;96.08829
1981;7;5;12;0.9186255;33.62628
1981;7;5;18;2.498637;328.80795
1981;7;6;0;4.2401032;314.25256
1981;7;6;6;6.307194;307.28723
1981;7;6;12;8.091675;323.20508
1981;7;6;18;7.1748776;327.17526
1981;7;7;0;6.202464;314.09387
1981;7;7;6;5.934214;290.62762
1981;7;7;12;3.3591726;277.50668
1981;7;7;18;1.5625348;252.2052
1981;7;8;0;3.5719106;258.6981
1981;7;8;6;2.0081525;170.97035
1981;7;8;12;4.4459705;134.91585
1981;7;8;18;4.810977;136.94463
1981;7;9;0;4.597135;155.45062
1981;7;9;6;5.169099;199.70734
1981;7;9;12;3.590725;237.99574
1981;7;9;18;3.7905045;254.74142
1981;7;10;0;8.456735;268.2247
1981;7;10;6;5.7880287;277.69406
1981;7;10;12;1.0665547;253.44487
1981;7;10;18;6.3893094;139.2941
1981;7;11;0;8.457605;151.12524
1981;7;11;6;10.267421;126.72359
1981;7;11;12;13.110288;113.571304
1981;7;11;18;13.098644;105.931564
1981;7;12;0;9.545636;100.724106
1981;7;12;6;11.375909;95.81027
1981;7;12;12;11.909199;100.64111
1981;7;12;18;7.8601522;102.22621
1981;7;13;0;1.7045131;87.30792
1981;7;13;6;5.4373064;284.49454
1981;7;13;12;5.7817206;329.8627
1981;7;13;18;6.202477;338.78232
1981;7;14;0;5.229393;315.4261
1981;7;14;6;4.427302;293.1229
1981;7;14;12;4.13018;299.9976
1981;7;14;18;4.8153706;306.87506
1981;7;15;0;7.758532;305.71234
1981;7;15;6;10.387209;319.08105
1981;7;15;12;10.930412;311.12265
1981;7;15;18;10.573256;315.1162
1981;7;16;0;10.07004;301.73306
1981;7;16;6;7.991393;302.19098
1981;7;16;12;4.446631;301.86542
1981;7;16;18;1.4709574;145.85986
1981;7;17;0;6.550898;150.16301
1981;7;17;6;7.3773403;144.6984
1981;7;17;12;6.80522;142.72618
1981;7;17;18;6.3186;150.2385
1981;7;18;0;4.615454;133.9955
1981;7;18;6;3.0442262;193.28561
1981;7;18;12;4.6777067;280.41028
1981;7;18;18;7.426551;308.37982
1981;7;19;0;6.779624;296.0032
1981;7;19;6;7.164309;290.35376
1981;7;19;12;6.837928;298.1664
1981;7;19;18;4.6496716;293.8989
1981;7;20;0;4.4872823;265.7029
1981;7;20;6;5.043815;248.84059
1981;7;20;12;4.0270367;256.36984
1981;7;20;18;4.725375;257.8102
1981;7;21;0;3.60601;206.98041
1981;7;21;6;6.205974;263.1312
1981;7;21;12;14.55899;246.55106
1981;7;21;18;12.17443;230.17393
1981;7;22;0;11.410771;228.13339
1981;7;22;6;13.524191;231.28598
1981;7;22;12;12.689864;236.48859
1981;7;22;18;9.4667;239.48755
1981;7;23;0;5.687093;218.00388
1981;7;23;6;5.7184653;188.74777
1981;7;23;12;5.817399;234.94766
1981;7;23;18;5.6967263;232.28873
1981;7;24;0;3.7648683;201.81326
1981;7;24;6;2.6710496;181.96234
1981;7;24;12;4.0382047;120.74304
1981;7;24;18;4.5275927;119.05304
1981;7;25;0;3.0604613;95.774826
1981;7;25;6;5.1611643;323.8349
1981;7;25;12;8.8691225;323.8509
1981;7;25;18;9.947495;315.51666
1981;7;26;0;10.547104;301.4737
1981;7;26;6;10.305419;295.66653
1981;7;26;12;10.734428;278.05847
1981;7;26;18;11.205494;260.42252
1981;7;27;0;9.339161;267.91672
1981;7;27;6;9.000895;276.19724
1981;7;27;12;8.135967;273.74466
1981;7;27;18;7.6463914;252.78941
1981;7;28;0;3.495084;195.93303
1981;7;28;6;12.143278;229.56882
1981;7;28;12;8.287996;258.34564
1981;7;28;18;7.2932596;280.22836
1981;7;29;0;11.763259;281.9816
1981;7;29;6;13.564446;280.65982
1981;7;29;12;13.240435;278.63013
1981;7;29;18;7.764359;270.71924
1981;7;30;0;5.8221836;280.26077
1981;7;30;6;2.782165;244.87653
1981;7;30;12;1.4407831;189.67947
1981;7;30;18;1.8578553;158.27548
1981;7;31;0;4.34731;224.02565
1981;7;31;6;4.357825;249.15169
1981;7;31;12;4.0815635;246.54921
1981;7;31;18;3.3285503;247.90784
1982;5;1;0;6.5326405;258.81308
1982;5;1;6;4.671685;258.08896
1982;5;1;12;5.971956;298.45203
1982;5;1;18;10.279916;312.55356
1982;5;2;0;10.720583;306.38428
1982;5;2;6;10.778145;304.30496
1982;5;2;12;9.471065;305.95654
1982;5;2;18;7.723012;291.85587
1982;5;3;0;7.73282;279.12134
1982;5;3;6;8.444522;269.1744
1982;5;3;12;8.5053215;273.0925
1982;5;3;18;3.014506;250.16881
1982;5;4;0;4.325145;257.94107
1982;5;4;6;5.052773;246.479
1982;5;4;12;8.184408;263.55167
1982;5;4;18;8.131061;275.05472
1982;5;5;0;9.3149;274.1576
1982;5;5;6;8.718574;282.99725
1982;5;5;12;8.354859;288.13184
1982;5;5;18;6.802168;303.59528
1982;5;6;0;5.2392516;298.39917
1982;5;6;6;4.506041;274.73413
1982;5;6;12;3.9932325;273.1271
1982;5;6;18;1.3413124;169.02603
1982;5;7;0;4.431873;162.12256
1982;5;7;6;5.429959;149.90355
1982;5;7;12;5.6856217;151.46179
1982;5;7;18;4.6140046;162.8381
1982;5;8;0;5.55434;250.47876
1982;5;8;6;6.1136494;263.50674
1982;5;8;12;4.7889853;264.22345
1982;5;8;18;4.2291646;270.3178
1982;5;9;0;4.6674395;259.04016
1982;5;9;6;6.0679283;249.02536
1982;5;9;12;8.424543;246.51059
1982;5;9;18;8.469922;259.83197
1982;5;10;0;7.9233685;262.33563
1982;5;10;6;6.5036864;264.14795
1982;5;10;12;9.142067;269.91104
1982;5;10;18;7.947112;272.87973
1982;5;11;0;6.9644074;272.78406
1982;5;11;6;4.9462705;256.5391
1982;5;11;12;6.3767924;272.8134
1982;5;11;18;8.098052;298.91504
1982;5;12;0;6.5019555;313.1543
1982;5;12;6;7.8266044;318.51254
1982;5;12;12;8.005683;323.80368
1982;5;12;18;7.704192;329.88385
1982;5;13;0;6.7323923;320.70798
1982;5;13;6;6.02743;320.95642
1982;5;13;12;4.7819705;316.79395
1982;5;13;18;3.1629226;300.97955
1982;5;14;0;5.126617;288.6389
1982;5;14;6;5.058209;289.91046
1982;5;14;12;5.108052;304.0057
1982;5;14;18;4.992365;314.39807
1982;5;15;0;6.92778;301.17624
1982;5;15;6;6.3347816;289.64478
1982;5;15;12;6.3203993;294.86972
1982;5;15;18;5.3072386;291.50153
1982;5;16;0;4.8178;297.47626
1982;5;16;6;5.0551267;277.86154
1982;5;16;12;3.1264393;263.6246
1982;5;16;18;2.3673599;250.36937
1982;5;17;0;2.1872194;252.99152
1982;5;17;6;3.9781606;220.38701
1982;5;17;12;3.553844;233.75465
1982;5;17;18;3.6149507;277.0108
1982;5;18;0;4.333967;273.6137
1982;5;18;6;4.475425;242.71413
1982;5;18;12;3.7490656;249.2421
1982;5;18;18;2.3688893;194.21596
1982;5;19;0;4.463001;195.4451
1982;5;19;6;4.1088634;183.52072
1982;5;19;12;5.201903;115.39249
1982;5;19;18;8.657826;120.89043
1982;5;20;0;6.421859;126.93289
1982;5;20;6;6.540456;119.07634
1982;5;20;12;9.966023;114.03624
1982;5;20;18;10.134479;117.94481
1982;5;21;0;8.5434475;115.67561
1982;5;21;6;6.856002;121.52518
1982;5;21;12;7.23068;121.37282
1982;5;21;18;4.671598;126.56505
1982;5;22;0;2.4826138;123.93996
1982;5;22;6;3.1341949;205.49344
1982;5;22;12;4.551514;116.53432
1982;5;22;18;6.535884;112.68869
1982;5;23;0;6.413889;113.44498
1982;5;23;6;7.2563252;113.516266
1982;5;23;12;7.41875;106.48825
1982;5;23;18;7.426385;110.53966
1982;5;24;0;5.3496265;102.147736
1982;5;24;6;5.201744;107.74275
1982;5;24;12;4.6336994;108.79236
1982;5;24;18;2.949416;79.96796
1982;5;25;0;2.3849895;41.910095
1982;5;25;6;1.4480801;38.578735
1982;5;25;12;2.0212464;44.944824
1982;5;25;18;2.3850565;101.98888
1982;5;26;0;1.9928339;172.99574
1982;5;26;6;2.602488;211.2872
1982;5;26;12;2.7225008;191.83838
1982;5;26;18;3.528104;169.7248
1982;5;27;0;4.3403926;199.0741
1982;5;27;6;4.650892;208.86311
1982;5;27;12;2.2082636;224.63338
1982;5;27;18;0.116055824;0.49493408
1982;5;28;0;2.1984673;339.96014
1982;5;28;6;2.4266288;338.64795
1982;5;28;12;2.2774358;20.987488
1982;5;28;18;2.0920787;120.40102
1982;5;29;0;3.1313584;181.69699
1982;5;29;6;4.386176;184.06985
1982;5;29;12;4.257734;160.50684
1982;5;29;18;4.263031;167.66068
1982;5;30;0;6.133131;233.72267
1982;5;30;6;6.940552;278.15094
1982;5;30;12;6.5243707;293.20386
1982;5;30;18;4.4284883;303.1153
1982;5;31;0;3.3516974;298.4347
1982;5;31;6;0.5359971;90.990524
1982;5;31;12;1.976524;140.08177
1982;5;31;18;2.3923843;86.46625
1982;6;1;0;3.53001;74.98346
1982;6;1;6;0.39900604;213.14825
1982;6;1;12;0.71590006;232.52777
1982;6;1;18;2.1993985;161.1262
1982;6;2;0;3.4048705;247.23514
1982;6;2;6;4.2156844;263.35178
1982;6;2;12;5.02417;300.47803
1982;6;2;18;4.0748773;317.24142
1982;6;3;0;5.959712;291.5496
1982;6;3;6;4.2892437;284.4149
1982;6;3;12;2.577157;222.44533
1982;6;3;18;5.6193776;151.44055
1982;6;4;0;5.1035304;155.47098
1982;6;4;6;6.967078;148.26328
1982;6;4;12;9.0094;159.51279
1982;6;4;18;8.021307;151.47244
1982;6;5;0;7.0062613;137.6063
1982;6;5;6;6.065203;131.685
1982;6;5;12;6.567556;130.42433
1982;6;5;18;5.8662057;134.67659
1982;6;6;0;4.6476088;122.93613
1982;6;6;6;1.9030664;176.65793
1982;6;6;12;4.6099486;85.09305
1982;6;6;18;6.5664306;93.82909
1982;6;7;0;5.6222315;66.724365
1982;6;7;6;9.226673;92.06503
1982;6;7;12;12.702874;98.16884
1982;6;7;18;10.870649;111.99524
1982;6;8;0;9.539992;107.81662
1982;6;8;6;8.924228;101.45097
1982;6;8;12;9.793221;109.52554
1982;6;8;18;2.8109777;74.01843
1982;6;9;0;3.2626688;54.01941
1982;6;9;6;3.3847265;43.89508
1982;6;9;12;5.0274806;66.98511
1982;6;9;18;5.400992;88.68671
1982;6;10;0;4.256283;69.740326
1982;6;10;6;3.818921;81.98447
1982;6;10;12;4.0475926;92.0047
1982;6;10;18;3.1945117;99.85756
1982;6;11;0;2.5209138;252.86942
1982;6;11;6;4.8513684;289.04605
1982;6;11;12;4.2435703;328.52133
1982;6;11;18;3.6916287;337.70898
1982;6;12;0;4.085585;303.31546
1982;6;12;6;4.648973;295.9181
1982;6;12;12;3.8496013;287.99197
1982;6;12;18;3.2340734;296.51035
1982;6;13;0;6.0961194;294.58835
1982;6;13;6;5.2932963;301.58188
1982;6;13;12;5.6704726;336.09543
1982;6;13;18;4.6048794;34.687073
1982;6;14;0;1.52351;92.7793
1982;6;14;6;2.3000276;169.96085
1982;6;14;12;3.8109465;204.26076
1982;6;14;18;1.6262816;280.36523
1982;6;15;0;2.878309;324.10217
1982;6;15;6;4.0557055;322.31287
1982;6;15;12;3.8016262;354.93185
1982;6;15;18;1.7857326;65.72461
1982;6;16;0;0.7317635;86.710236
1982;6;16;6;1.5689125;248.96149
1982;6;16;12;2.347578;324.14062
1982;6;16;18;1.7035544;357.75238
1982;6;17;0;2.3311396;35.209534
1982;6;17;6;1.1587644;134.77736
1982;6;17;12;3.0042288;75.344604
1982;6;17;18;3.4344451;56.10022
1982;6;18;0;3.4205062;35.698425
1982;6;18;6;1.8042294;38.296967
1982;6;18;12;0.78038377;282.875
1982;6;18;18;3.5472915;118.23369
1982;6;19;0;3.12537;89.213196
1982;6;19;6;3.6372597;86.753876
1982;6;19;12;6.4769273;118.70987
1982;6;19;18;7.262971;112.429245
1982;6;20;0;4.656878;110.93593
1982;6;20;6;4.072161;108.71481
1982;6;20;12;5.6082325;114.634796
1982;6;20;18;6.152462;112.008514
1982;6;21;0;3.310151;140.31662
1982;6;21;6;2.5913928;218.18991
1982;6;21;12;1.0606344;264.95135
1982;6;21;18;0.54270566;56.261383
1982;6;22;0;3.4034991;317.58936
1982;6;22;6;3.6028352;319.78207
1982;6;22;12;2.5788307;349.5555
1982;6;22;18;2.3266115;45.52414
1982;6;23;0;1.1139932;315.74863
1982;6;23;6;3.319072;325.78995
1982;6;23;12;1.462048;342.0884
1982;6;23;18;3.8020844;326.72382
1982;6;24;0;4.802494;321.2049
1982;6;24;6;4.9718566;306.1422
1982;6;24;12;4.714265;323.52173
1982;6;24;18;2.235403;16.072083
1982;6;25;0;1.0298556;218.52434
1982;6;25;6;3.5780113;237.17236
1982;6;25;12;2.0524013;194.38464
1982;6;25;18;5.008139;140.9788
1982;6;26;0;4.0336323;130.63484
1982;6;26;6;1.9117695;227.4686
1982;6;26;12;3.4874036;85.97827
1982;6;26;18;2.779041;77.95392
1982;6;27;0;2.414139;349.82394
1982;6;27;6;3.5902865;351.84592
1982;6;27;12;3.7184734;25.193665
1982;6;27;18;1.9579918;56.657043
1982;6;28;0;1.4075127;100.47467
1982;6;28;6;0.32216135;293.50104
1982;6;28;12;1.1914603;81.92871
1982;6;28;18;1.4510186;127.022125
1982;6;29;0;2.6683357;177.07405
1982;6;29;6;4.2494287;246.32182
1982;6;29;12;3.689591;263.19058
1982;6;29;18;2.4732533;278.20413
1982;6;30;0;4.6991024;283.66714
1982;6;30;6;4.347147;272.58765
1982;6;30;12;4.323944;292.51923
1982;6;30;18;3.528371;300.23062
1982;7;1;0;5.573079;292.1439
1982;7;1;6;5.44822;285.61322
1982;7;1;12;5.038147;298.59436
1982;7;1;18;2.7898731;283.2627
1982;7;2;0;2.0212197;143.24908
1982;7;2;6;4.854971;143.06561
1982;7;2;12;8.135454;114.22493
1982;7;2;18;11.69184;121.87883
1982;7;3;0;9.801627;112.3996
1982;7;3;6;7.1249256;101.04271
1982;7;3;12;6.785858;92.05252
1982;7;3;18;7.1217184;100.321625
1982;7;4;0;3.0274594;80.89371
1982;7;4;6;0.41789582;16.05542
1982;7;4;12;0.99148005;156.59567
1982;7;4;18;1.5280402;162.90027
1982;7;5;0;0.73338044;268.69144
1982;7;5;6;4.6785693;263.6099
1982;7;5;12;4.2741723;283.03534
1982;7;5;18;3.7320008;294.5717
1982;7;6;0;4.9715505;284.53644
1982;7;6;6;6.9750147;294.18097
1982;7;6;12;8.991101;307.28644
1982;7;6;18;9.475036;317.55283
1982;7;7;0;7.402209;310.84195
1982;7;7;6;5.4273686;303.87714
1982;7;7;12;9.291105;308.23206
1982;7;7;18;9.148782;308.99203
1982;7;8;0;8.444347;302.3877
1982;7;8;6;5.1707244;308.2251
1982;7;8;12;4.056657;326.45444
1982;7;8;18;1.6807193;105.29018
1982;7;9;0;2.694628;281.9865
1982;7;9;6;1.6186864;262.49872
1982;7;9;12;1.895864;197.54707
1982;7;9;18;4.032353;140.90627
1982;7;10;0;3.937549;190.32417
1982;7;10;6;3.1901665;221.5792
1982;7;10;12;1.9740754;98.29326
1982;7;10;18;4.3982754;118.707
1982;7;11;0;5.4504685;138.27213
1982;7;11;6;6.6470423;132.7362
1982;7;11;12;9.627403;121.989456
1982;7;11;18;8.431294;126.367294
1982;7;12;0;5.155572;109.741776
1982;7;12;6;2.5848916;140.45325
1982;7;12;12;3.7471097;136.06055
1982;7;12;18;5.1724567;144.09238
1982;7;13;0;4.3197527;132.85718
1982;7;13;6;2.153518;237.67766
1982;7;13;12;2.1199934;306.84058
1982;7;13;18;1.9657452;159.87265
1982;7;14;0;4.054974;187.82199
1982;7;14;6;7.3974247;152.2333
1982;7;14;12;8.877744;154.16412
1982;7;14;18;4.1795387;240.63797
1982;7;15;0;4.6180787;263.48758
1982;7;15;6;3.9446404;289.17987
1982;7;15;12;3.2866197;347.71606
1982;7;15;18;2.9175966;359.25348
1982;7;16;0;5.9073806;320.3067
1982;7;16;6;9.26573;309.6828
1982;7;16;12;12.675156;320.6645
1982;7;16;18;15.659867;321.78705
1982;7;17;0;15.147688;316.8766
1982;7;17;6;11.353143;331.03122
1982;7;17;12;10.672086;331.28976
1982;7;17;18;10.829739;330.77335
1982;7;18;0;9.989886;315.9219
1982;7;18;6;7.158566;308.1975
1982;7;18;12;6.9670086;308.3549
1982;7;18;18;5.7167635;291.20398
1982;7;19;0;6.615072;272.6345
1982;7;19;6;5.930642;245.0968
1982;7;19;12;4.5273023;225.93384
1982;7;19;18;5.810379;142.54764
1982;7;20;0;6.6577816;167.3274
1982;7;20;6;5.6193447;194.76578
1982;7;20;12;6.3787956;205.55164
1982;7;20;18;3.4168885;226.6716
1982;7;21;0;3.0520763;251.45772
1982;7;21;6;6.937711;248.79431
1982;7;21;12;7.270554;243.78732
1982;7;21;18;7.7309384;265.5206
1982;7;22;0;6.942716;271.691
1982;7;22;6;6.6436644;286.56726
1982;7;22;12;9.849361;297.57657
1982;7;22;18;11.424236;289.83987
1982;7;23;0;12.261332;286.01242
1982;7;23;6;12.90322;290.20114
1982;7;23;12;13.232714;293.43442
1982;7;23;18;9.891251;291.29745
1982;7;24;0;7.0267696;272.33527
1982;7;24;6;3.4349625;304.47598
1982;7;24;12;1.2947057;148.75943
1982;7;24;18;5.7051425;132.68884
1982;7;25;0;7.4485188;164.14676
1982;7;25;6;4.442911;197.19669
1982;7;25;12;8.516695;138.72932
1982;7;25;18;7.2800837;140.36539
1982;7;26;0;4.73897;265.6898
1982;7;26;6;9.360214;280.07977
1982;7;26;12;9.479686;292.2231
1982;7;26;18;8.8237505;304.78055
1982;7;27;0;7.4812317;302.3641
1982;7;27;6;8.969746;289.43378
1982;7;27;12;9.225636;280.2712
1982;7;27;18;7.153985;269.78644
1982;7;28;0;8.098002;255.35458
1982;7;28;6;9.113116;245.24101
1982;7;28;12;8.837119;259.56802
1982;7;28;18;6.011735;288.49994
1982;7;29;0;5.6978674;286.9115
1982;7;29;6;4.921367;256.84537
1982;7;29;12;6.784099;274.7256
1982;7;29;18;6.159109;284.12463
1982;7;30;0;6.2213273;288.83923
1982;7;30;6;5.205097;266.16934
1982;7;30;12;6.7679396;264.4694
1982;7;30;18;5.3398614;234.21953
1982;7;31;0;7.8321013;240.28711
1982;7;31;6;7.7233872;244.9967
1982;7;31;12;5.1617746;243.96214
1982;7;31;18;2.315699;182.18813
1983;5;1;0;2.1885748;71.09265
1983;5;1;6;3.054473;95.648575
1983;5;1;12;2.983276;113.27649
1983;5;1;18;3.9757228;148.52553
1983;5;2;0;3.3138688;216.10097
1983;5;2;6;4.1533704;230.78552
1983;5;2;12;2.8332143;190.56674
1983;5;2;18;5.203266;151.53314
1983;5;3;0;2.5111737;145.38885
1983;5;3;6;1.355653;227.75229
1983;5;3;12;3.0592835;312.3925
1983;5;3;18;1.0019238;220.77121
1983;5;4;0;2.871371;176.02097
1983;5;4;6;3.546656;268.44342
1983;5;4;12;8.569989;298.3971
1983;5;4;18;7.674383;298.8261
1983;5;5;0;6.349392;288.1765
1983;5;5;6;6.487977;262.876
1983;5;5;12;5.2844367;239.47174
1983;5;5;18;4.576231;152.20763
1983;5;6;0;7.00513;148.4258
1983;5;6;6;10.780958;140.65019
1983;5;6;12;10.004891;153.51294
1983;5;6;18;8.860608;161.19118
1983;5;7;0;4.7784543;231.3219
1983;5;7;6;6.7128897;266.86746
1983;5;7;12;8.476571;283.17572
1983;5;7;18;5.6141386;329.55426
1983;5;8;0;5.239689;348.80972
1983;5;8;6;2.6424954;359.089
1983;5;8;12;2.5445955;75.7334
1983;5;8;18;1.9109019;80.65793
1983;5;9;0;1.4332763;13.555542
1983;5;9;6;1.786638;314.99454
1983;5;9;12;2.9365551;306.5609
1983;5;9;18;3.7368655;314.6754
1983;5;10;0;5.9691334;292.85022
1983;5;10;6;6.2991953;278.0581
1983;5;10;12;8.173796;283.3196
1983;5;10;18;8.814902;307.56995
1983;5;11;0;8.158989;295.71487
1983;5;11;6;8.228571;279.99365
1983;5;11;12;9.142671;269.8159
1983;5;11;18;10.687009;281.4948
1983;5;12;0;10.359982;283.87784
1983;5;12;6;8.198524;280.61194
1983;5;12;12;8.110152;260.83
1983;5;12;18;4.779762;254.80244
1983;5;13;0;5.445923;207.26035
1983;5;13;6;7.7514424;203.01474
1983;5;13;12;5.9270024;228.97015
1983;5;13;18;5.2240777;281.45947
1983;5;14;0;5.5087113;316.443
1983;5;14;6;7.613898;321.7725
1983;5;14;12;10.631466;318.40192
1983;5;14;18;10.632072;321.64047
1983;5;15;0;8.629267;313.5039
1983;5;15;6;6.2966213;312.92142
1983;5;15;12;3.7494473;264.1999
1983;5;15;18;4.1898656;249.81934
1983;5;16;0;5.9219294;251.4309
1983;5;16;6;5.9568896;239.38023
1983;5;16;12;5.391618;248.73239
1983;5;16;18;2.3048205;175.97374
1983;5;17;0;4.200924;176.40009
1983;5;17;6;5.375868;158.97397
1983;5;17;12;7.938718;141.1589
1983;5;17;18;10.828942;133.35059
1983;5;18;0;11.270681;145.03961
1983;5;18;6;10.2200365;149.7042
1983;5;18;12;7.228094;182.58377
1983;5;18;18;2.924447;261.89993
1983;5;19;0;5.3044267;268.4651
1983;5;19;6;5.967452;280.42886
1983;5;19;12;2.8051;33.43045
1983;5;19;18;5.796289;96.13367
1983;5;20;0;8.326928;109.4626
1983;5;20;6;10.321334;121.432175
1983;5;20;12;11.935051;105.80139
1983;5;20;18;10.93398;110.26985
1983;5;21;0;6.951187;100.47557
1983;5;21;6;6.6105328;95.07738
1983;5;21;12;5.27756;96.173386
1983;5;21;18;4.76472;87.26581
1983;5;22;0;2.6169434;97.49298
1983;5;22;6;1.1144856;185.16437
1983;5;22;12;1.8611722;248.67622
1983;5;22;18;1.7718768;219.14001
1983;5;23;0;4.614914;267.05402
1983;5;23;6;4.629991;261.16406
1983;5;23;12;4.44084;279.41696
1983;5;23;18;4.5153046;253.11879
1983;5;24;0;4.3027096;276.9942
1983;5;24;6;2.6168606;41.534607
1983;5;24;12;7.45652;80.65924
1983;5;24;18;4.672449;97.901474
1983;5;25;0;3.7264223;8.30304
1983;5;25;6;1.6680633;53.297363
1983;5;25;12;2.3529391;71.92691
1983;5;25;18;4.5205;95.7352
1983;5;26;0;4.284832;105.406555
1983;5;26;6;4.450176;81.671875
1983;5;26;12;6.8021436;75.83209
1983;5;26;18;9.798462;88.96527
1983;5;27;0;5.9589834;82.21698
1983;5;27;6;7.407847;92.006195
1983;5;27;12;6.4612556;85.06912
1983;5;27;18;6.859948;88.96838
1983;5;28;0;3.675198;58.82959
1983;5;28;6;4.257305;79.429565
1983;5;28;12;4.3502846;78.28595
1983;5;28;18;4.473061;99.4812
1983;5;29;0;4.1662035;93.72208
1983;5;29;6;3.4339414;157.84824
1983;5;29;12;4.606196;204.38315
1983;5;29;18;4.572664;258.99527
1983;5;30;0;6.3774834;284.9109
1983;5;30;6;5.810849;278.50613
1983;5;30;12;5.0766616;293.1058
1983;5;30;18;1.8515613;197.21692
1983;5;31;0;4.9249454;251.34874
1983;5;31;6;5.3359313;258.98428
1983;5;31;12;5.057051;267.47568
1983;5;31;18;3.5523007;267.33508
1983;6;1;0;3.1592956;291.1905
1983;6;1;6;3.669404;282.99603
1983;6;1;12;4.410702;320.77292
1983;6;1;18;3.2583485;329.10852
1983;6;2;0;4.85025;315.3277
1983;6;2;6;5.3447204;299.2993
1983;6;2;12;4.8475137;295.7459
1983;6;2;18;2.1809158;292.53464
1983;6;3;0;2.7486272;188.95279
1983;6;3;6;4.783379;170.40431
1983;6;3;12;6.139087;151.70184
1983;6;3;18;4.427493;175.60129
1983;6;4;0;4.3283014;153.52026
1983;6;4;6;7.315818;123.43617
1983;6;4;12;9.820892;120.909225
1983;6;4;18;12.680206;124.77054
1983;6;5;0;5.748186;119.065765
1983;6;5;6;4.581541;105.37906
1983;6;5;12;3.9747005;122.56604
1983;6;5;18;3.1799068;161.28241
1983;6;6;0;3.5752597;143.15201
1983;6;6;6;4.4862785;281.8365
1983;6;6;12;7.2970157;341.9511
1983;6;6;18;7.5390444;339.073
1983;6;7;0;6.8569407;331.3415
1983;6;7;6;6.3110356;323.98135
1983;6;7;12;7.415278;345.71533
1983;6;7;18;3.8611012;5.3565063
1983;6;8;0;3.2191613;332.92798
1983;6;8;6;2.6723018;257.42407
1983;6;8;12;1.9181403;187.53674
1983;6;8;18;5.3225417;143.09082
1983;6;9;0;9.254101;139.37326
1983;6;9;6;10.003367;121.39183
1983;6;9;12;12.655412;116.7726
1983;6;9;18;8.541884;115.78859
1983;6;10;0;4.272991;117.96637
1983;6;10;6;0.030361466;147.91357
1983;6;10;12;1.196208;330.9035
1983;6;10;18;2.4471228;343.38788
1983;6;11;0;5.6241636;314.01425
1983;6;11;6;7.6754665;316.55884
1983;6;11;12;6.403701;336.94043
1983;6;11;18;5.7178073;5.090393
1983;6;12;0;5.088779;4.7557373
1983;6;12;6;4.398885;334.28986
1983;6;12;12;5.3279843;330.54614
1983;6;12;18;5.0471597;317.41223
1983;6;13;0;7.867109;294.5963
1983;6;13;6;6.7519865;298.86237
1983;6;13;12;8.572951;302.10214
1983;6;13;18;9.020428;312.82678
1983;6;14;0;8.723353;305.82407
1983;6;14;6;8.784959;297.6446
1983;6;14;12;7.3549733;299.04144
1983;6;14;18;7.569681;282.5157
1983;6;15;0;8.19442;269.18814
1983;6;15;6;6.113782;269.9297
1983;6;15;12;3.2910354;236.20314
1983;6;15;18;4.721304;124.27742
1983;6;16;0;7.7485094;98.07129
1983;6;16;6;6.0662546;60.363464
1983;6;16;12;8.761449;47.428223
1983;6;16;18;7.456455;46.443542
1983;6;17;0;6.2219205;31.555878
1983;6;17;6;5.904657;24.774292
1983;6;17;12;4.6006923;26.594849
1983;6;17;18;4.2458935;51.31305
1983;6;18;0;4.9825215;58.125366
1983;6;18;6;4.988865;63.24649
1983;6;18;12;5.0384765;78.7677
1983;6;18;18;4.835953;74.127075
1983;6;19;0;3.076116;69.17575
1983;6;19;6;1.5457412;52.029114
1983;6;19;12;3.3296084;55.38983
1983;6;19;18;2.3791919;50.288666
1983;6;20;0;3.0565195;324.87643
1983;6;20;6;3.1042316;291.84808
1983;6;20;12;2.3807597;306.48416
1983;6;20;18;3.76665;116.1844
1983;6;21;0;3.6641812;174.13307
1983;6;21;6;4.983152;212.4349
1983;6;21;12;3.915179;228.66327
1983;6;21;18;5.394679;265.14474
1983;6;22;0;8.06529;252.84613
1983;6;22;6;7.82236;252.36139
1983;6;22;12;10.051073;260.20798
1983;6;22;18;5.884009;226.95892
1983;6;23;0;6.0490866;239.4846
1983;6;23;6;7.207263;239.75311
1983;6;23;12;5.9704146;247.18054
1983;6;23;18;6.04986;271.81274
1983;6;24;0;6.0485983;323.976
1983;6;24;6;9.3326;310.1025
1983;6;24;12;12.01294;312.43677
1983;6;24;18;12.360369;311.6273
1983;6;25;0;9.73501;297.81863
1983;6;25;6;7.183151;297.0074
1983;6;25;12;2.3749297;280.25177
1983;6;25;18;3.7688308;155.72046
1983;6;26;0;4.2732353;208.27887
1983;6;26;6;7.4290676;228.2085
1983;6;26;12;4.705939;168.33856
1983;6;26;18;6.8985744;146.84338
1983;6;27;0;3.59063;212.90137
1983;6;27;6;7.249837;281.20517
1983;6;27;12;11.111987;282.39136
1983;6;27;18;13.13922;300.17145
1983;6;28;0;10.71651;290.93115
1983;6;28;6;5.9970694;285.15668
1983;6;28;12;2.5402658;277.72516
1983;6;28;18;2.944263;117.1387
1983;6;29;0;5.4236274;157.08716
1983;6;29;6;7.1652904;131.3522
1983;6;29;12;13.255033;111.66463
1983;6;29;18;13.227087;106.57074
1983;6;30;0;11.306571;89.460144
1983;6;30;6;9.854807;96.728516
1983;6;30;12;12.846517;97.73459
1983;6;30;18;10.77965;122.1431
1983;7;1;0;7.734278;122.598206
1983;7;1;6;6.2752457;109.45036
1983;7;1;12;6.9275765;118.991806
1983;7;1;18;7.347828;120.1288
1983;7;2;0;7.340185;114.25224
1983;7;2;6;7.6161475;115.36966
1983;7;2;12;7.3414326;107.30347
1983;7;2;18;8.487559;125.050156
1983;7;3;0;6.743794;108.48566
1983;7;3;6;4.3378778;77.8945
1983;7;3;12;4.04245;43.87329
1983;7;3;18;5.853691;1.9095459
1983;7;4;0;9.415276;328.6855
1983;7;4;6;6.897261;335.93204
1983;7;4;12;6.7188625;13.1203
1983;7;4;18;8.60429;31.402466
1983;7;5;0;6.560394;31.879578
1983;7;5;6;5.206432;341.12897
1983;7;5;12;5.6289144;347.23755
1983;7;5;18;5.2304792;294.2203
1983;7;6;0;7.4423876;263.15994
1983;7;6;6;7.017274;244.56685
1983;7;6;12;6.5569735;225.09074
1983;7;6;18;4.7098203;177.15234
1983;7;7;0;6.4166884;256.1293
1983;7;7;6;4.787998;231.7625
1983;7;7;12;10.172829;262.84167
1983;7;7;18;10.349056;288.2026
1983;7;8;0;8.153446;298.5083
1983;7;8;6;9.837265;299.28424
1983;7;8;12;13.202568;306.15283
1983;7;8;18;13.409115;317.94858
1983;7;9;0;11.947535;306.9951
1983;7;9;6;11.110925;304.79013
1983;7;9;12;11.728104;318.09763
1983;7;9;18;8.509678;331.36014
1983;7;10;0;6.5730987;315.988
1983;7;10;6;5.501948;290.494
1983;7;10;12;6.015416;272.67688
1983;7;10;18;6.116734;270.24274
1983;7;11;0;5.871569;264.93225
1983;7;11;6;3.5076349;235.07185
1983;7;11;12;3.7254012;187.00143
1983;7;11;18;3.5460382;170.18301
1983;7;12;0;4.5511193;161.33997
1983;7;12;6;8.184507;144.13876
1983;7;12;12;3.9313638;166.43613
1983;7;12;18;10.664383;272.11392
1983;7;13;0;6.8004785;270.68454
1983;7;13;6;12.694459;236.05975
1983;7;13;12;15.330796;266.70428
1983;7;13;18;12.733023;281.6345
1983;7;14;0;10.343252;283.64246
1983;7;14;6;7.98346;291.99756
1983;7;14;12;3.2485151;271.66595
1983;7;14;18;3.9949024;216.25209
1983;7;15;0;11.192097;244.97884
1983;7;15;6;15.143856;251.32303
1983;7;15;12;14.861007;250.15364
1983;7;15;18;15.049587;284.74304
1983;7;16;0;12.628188;296.90802
1983;7;16;6;11.9835415;289.59927
1983;7;16;12;10.118573;286.22235
1983;7;16;18;9.403464;278.68512
1983;7;17;0;9.110852;267.98053
1983;7;17;6;9.470171;258.6811
1983;7;17;12;10.567889;267.10028
1983;7;17;18;7.306688;251.93947
1983;7;18;0;3.594373;253.30063
1983;7;18;6;4.704882;165.21024
1983;7;18;12;6.9100375;125.68811
1983;7;18;18;6.250001;148.9143
1983;7;19;0;4.2080436;149.45311
1983;7;19;6;6.5236955;152.58652
1983;7;19;12;8.4988785;142.3713
1983;7;19;18;7.20664;120.74971
1983;7;20;0;6.481139;124.15956
1983;7;20;6;6.942694;136.37793
1983;7;20;12;6.2390313;144.9302
1983;7;20;18;2.4658215;201.30696
1983;7;21;0;5.8353224;303.31372
1983;7;21;6;7.5046434;278.52002
1983;7;21;12;7.550231;274.6764
1983;7;21;18;7.5781307;270.72763
1983;7;22;0;5.0688024;262.3604
1983;7;22;6;4.775758;238.51726
1983;7;22;12;4.7240343;242.05214
1983;7;22;18;2.5664885;199.77158
1983;7;23;0;2.6503673;243.42943
1983;7;23;6;1.3864232;275.8361
1983;7;23;12;4.057934;118.14125
1983;7;23;18;2.303508;193.7424
1983;7;24;0;3.614553;262.13812
1983;7;24;6;3.3832722;204.02676
1983;7;24;12;3.8820539;178.12582
1983;7;24;18;9.774683;154.33601
1983;7;25;0;7.459918;138.3495
1983;7;25;6;4.6791725;149.8945
1983;7;25;12;3.2726774;251.93591
1983;7;25;18;7.49982;285.43344
1983;7;26;0;6.5517683;287.01474
1983;7;26;6;7.9073243;286.33994
1983;7;26;12;8.375341;297.23978
1983;7;26;18;8.0278425;274.40775
1983;7;27;0;5.80002;280.775
1983;7;27;6;4.86426;273.68832
1983;7;27;12;3.0980737;277.11887
1983;7;27;18;0.48197663;264.53482
1983;7;28;0;2.5404954;210.07571
1983;7;28;6;2.8031456;121.282974
1983;7;28;12;1.4328158;84.67322
1983;7;28;18;3.65312;298.34647
1983;7;29;0;10.901803;303.67166
1983;7;29;6;12.858054;328.81592
1983;7;29;12;13.859947;326.37683
1983;7;29;18;12.100182;328.63828
1983;7;30;0;11.67794;317.23386
1983;7;30;6;10.206517;313.72348
1983;7;30;12;7.5017204;312.9363
1983;7;30;18;6.0754833;301.33875
1983;7;31;0;4.291527;271.09177
1983;7;31;6;3.2704494;228.03986
1983;7;31;12;3.6956398;164.28046
1983;7;31;18;7.704268;149.68367
1984;5;1;0;11.699505;253.84003
1984;5;1;6;7.29963;224.8879
1984;5;1;12;8.558123;230.4937
1984;5;1;18;7.365206;251.20935
1984;5;2;0;6.6905465;264.80078
1984;5;2;6;7.7891026;289.0801
1984;5;2;12;6.6485734;281.1977
1984;5;2;18;6.924913;260.11844
1984;5;3;0;11.030315;268.05743
1984;5;3;6;10.459245;273.36984
1984;5;3;12;7.3783746;282.01016
1984;5;3;18;6.5849657;281.6267
1984;5;4;0;8.357283;268.88266
1984;5;4;6;8.78112;258.3896
1984;5;4;12;6.594415;252.18321
1984;5;4;18;5.30803;260.27887
1984;5;5;0;4.3374143;239.74414
1984;5;5;6;7.2347336;267.5395
1984;5;5;12;5.2529707;240.46657
1984;5;5;18;2.758361;175.10658
1984;5;6;0;4.2839193;178.78795
1984;5;6;6;5.353481;197.51425
1984;5;6;12;3.3291457;212.09064
1984;5;6;18;5.8848896;129.89967
1984;5;7;0;4.2179017;129.16681
1984;5;7;6;3.8073826;128.20581
1984;5;7;12;6.667235;145.99763
1984;5;7;18;7.780674;140.98761
1984;5;8;0;6.880546;151.66159
1984;5;8;6;7.9936233;152.98468
1984;5;8;12;9.887476;137.21439
1984;5;8;18;8.845954;125.112625
1984;5;9;0;7.2987905;112.290344
1984;5;9;6;7.43662;114.49364
1984;5;9;12;6.47446;120.92824
1984;5;9;18;4.800088;102.63733
1984;5;10;0;1.7164173;112.69173
1984;5;10;6;2.425723;207.37823
1984;5;10;12;3.0316389;227.28731
1984;5;10;18;2.4167037;217.9183
1984;5;11;0;4.322734;178.22052
1984;5;11;6;5.3136935;169.99721
1984;5;11;12;3.0672102;201.74481
1984;5;11;18;2.4012597;283.87442
1984;5;12;0;5.8939295;284.9438
1984;5;12;6;5.3741555;282.73407
1984;5;12;12;6.150275;298.0358
1984;5;12;18;6.025736;308.50632
1984;5;13;0;7.284023;305.74002
1984;5;13;6;10.614983;299.1775
1984;5;13;12;13.344395;298.72702
1984;5;13;18;13.3792515;306.11386
1984;5;14;0;10.830252;299.2621
1984;5;14;6;9.969724;290.05606
1984;5;14;12;10.42994;288.31396
1984;5;14;18;6.2454085;305.10822
1984;5;15;0;6.02135;273.33267
1984;5;15;6;3.782642;266.12674
1984;5;15;12;2.28448;242.68384
1984;5;15;18;4.6482787;280.19485
1984;5;16;0;6.436238;273.05612
1984;5;16;6;4.7598157;252.7573
1984;5;16;12;5.0327225;119.79375
1984;5;16;18;8.929673;147.14099
1984;5;17;0;4.1074176;224.05437
1984;5;17;6;3.6115818;217.51381
1984;5;17;12;4.2930527;140.1107
1984;5;17;18;10.764761;162.12741
1984;5;18;0;4.350013;292.41495
1984;5;18;6;12.19662;283.4009
1984;5;18;12;17.097197;273.2335
1984;5;18;18;17.20335;271.2579
1984;5;19;0;16.23628;267.77264
1984;5;19;6;13.4717455;271.23953
1984;5;19;12;10.78249;268.28192
1984;5;19;18;8.208462;240.74431
1984;5;20;0;7.7488837;205.16153
1984;5;20;6;8.72101;153.27995
1984;5;20;12;12.592248;232.87444
1984;5;20;18;6.304164;213.92914
1984;5;21;0;7.2726827;148.14352
1984;5;21;6;8.468381;170.09924
1984;5;21;12;6.0445457;244.54501
1984;5;21;18;8.982573;310.58878
1984;5;22;0;10.183983;306.04248
1984;5;22;6;11.565759;292.75052
1984;5;22;12;14.002142;299.81882
1984;5;22;18;16.079773;306.39825
1984;5;23;0;14.967149;300.7287
1984;5;23;6;11.840469;299.84866
1984;5;23;12;8.745643;294.8647
1984;5;23;18;7.212044;288.20697
1984;5;24;0;6.0831447;259.51712
1984;5;24;6;4.314705;238.67058
1984;5;24;12;3.4962459;245.7398
1984;5;24;18;7.284815;267.0396
1984;5;25;0;4.1604652;227.56787
1984;5;25;6;7.810044;147.31769
1984;5;25;12;17.672573;242.30264
1984;5;25;18;16.837446;231.405
1984;5;26;0;11.903574;232.50949
1984;5;26;6;14.400647;244.26491
1984;5;26;12;13.796905;258.26202
1984;5;26;18;6.2194004;287.4828
1984;5;27;0;2.8140073;11.213562
1984;5;27;6;4.922005;285.87518
1984;5;27;12;5.077403;297.47284
1984;5;27;18;0.8784985;192.93083
1984;5;28;0;5.0479813;130.18185
1984;5;28;6;9.730061;121.29674
1984;5;28;12;8.266523;100.52081
1984;5;28;18;7.2893367;101.67546
1984;5;29;0;1.0609188;52.681763
1984;5;29;6;4.7732053;316.32883
1984;5;29;12;8.626464;337.43243
1984;5;29;18;8.723887;338.315
1984;5;30;0;8.009371;342.57025
1984;5;30;6;4.3906183;344.9736
1984;5;30;12;5.4910407;38.195312
1984;5;30;18;5.0073733;37.89258
1984;5;31;0;2.0930347;7.547821
1984;5;31;6;3.2754073;293.20825
1984;5;31;12;4.2067018;292.611
1984;5;31;18;5.539665;299.3875
1984;6;1;0;5.215384;292.11737
1984;6;1;6;4.439922;276.86398
1984;6;1;12;1.2902514;215.55194
1984;6;1;18;4.027485;123.6246
1984;6;2;0;2.2471645;127.87378
1984;6;2;6;2.8414798;70.09387
1984;6;2;12;4.323878;38.946716
1984;6;2;18;6.118962;70.51813
1984;6;3;0;6.569058;77.144196
1984;6;3;6;6.9512258;83.7814
1984;6;3;12;7.663516;83.00119
1984;6;3;18;10.468653;95.58092
1984;6;4;0;10.831239;87.20233
1984;6;4;6;9.402343;92.249725
1984;6;4;12;8.931358;99.525635
1984;6;4;18;10.190767;113.574036
1984;6;5;0;7.5159354;113.603485
1984;6;5;6;5.8435416;112.77225
1984;6;5;12;6.516674;100.91069
1984;6;5;18;3.5220478;78.930084
1984;6;6;0;4.6592965;36.93283
1984;6;6;6;4.6002865;81.83304
1984;6;6;12;5.6549277;112.73035
1984;6;6;18;6.1528563;122.626785
1984;6;7;0;5.9181075;103.64526
1984;6;7;6;6.7246075;99.370316
1984;6;7;12;8.241254;115.07312
1984;6;7;18;6.882262;100.26848
1984;6;8;0;4.1541123;76.51599
1984;6;8;6;4.243481;74.52301
1984;6;8;12;5.954864;85.41565
1984;6;8;18;6.2301445;96.57094
1984;6;9;0;4.061828;106.84975
1984;6;9;6;1.8038036;119.06621
1984;6;9;12;6.498673;109.455444
1984;6;9;18;5.7030263;119.34001
1984;6;10;0;2.1590402;117.87341
1984;6;10;6;1.1634332;273.35596
1984;6;10;12;1.2570899;293.73474
1984;6;10;18;1.431231;259.01852
1984;6;11;0;0.65639216;142.61845
1984;6;11;6;3.188858;225.42963
1984;6;11;12;2.931846;228.89124
1984;6;11;18;2.3432775;239.84674
1984;6;12;0;3.7343204;269.8094
1984;6;12;6;5.3303804;280.297
1984;6;12;12;3.9733071;308.72778
1984;6;12;18;1.0185436;302.7873
1984;6;13;0;1.1399643;152.63559
1984;6;13;6;2.8456101;252.107
1984;6;13;12;5.9835296;114.687546
1984;6;13;18;6.68425;151.31326
1984;6;14;0;6.339503;131.88124
1984;6;14;6;6.2735267;123.243164
1984;6;14;12;9.814553;119.65758
1984;6;14;18;9.872004;112.32283
1984;6;15;0;9.4682865;102.60806
1984;6;15;6;8.989668;97.50336
1984;6;15;12;10.775953;107.393906
1984;6;15;18;8.3262;103.69917
1984;6;16;0;6.551438;91.28133
1984;6;16;6;5.6519494;89.238525
1984;6;16;12;4.662083;116.53018
1984;6;16;18;4.4261565;110.25807
1984;6;17;0;3.5743055;110.124344
1984;6;17;6;1.368945;357.38757
1984;6;17;12;4.084973;337.54453
1984;6;17;18;8.334564;336.40308
1984;6;18;0;12.045857;310.46353
1984;6;18;6;11.340578;311.8764
1984;6;18;12;9.961029;323.00708
1984;6;18;18;3.7131007;341.14282
1984;6;19;0;1.7006862;276.66907
1984;6;19;6;3.924005;255.97987
1984;6;19;12;5.2027307;288.141
1984;6;19;18;8.019192;296.55466
1984;6;20;0;8.572555;292.9618
1984;6;20;6;8.602792;289.45477
1984;6;20;12;8.355948;299.44482
1984;6;20;18;7.9652977;317.19574
1984;6;21;0;6.3957515;315.77615
1984;6;21;6;4.319189;292.27487
1984;6;21;12;4.0312953;263.05737
1984;6;21;18;3.8009655;248.5504
1984;6;22;0;6.536897;253.57715
1984;6;22;6;5.161675;262.3857
1984;6;22;12;3.1478493;290.1292
1984;6;22;18;4.068505;296.5887
1984;6;23;0;7.5294867;286.82077
1984;6;23;6;5.4565315;300.19556
1984;6;23;12;2.8574588;305.14954
1984;6;23;18;2.2784343;275.3293
1984;6;24;0;6.3710804;294.1095
1984;6;24;6;8.803966;299.8747
1984;6;24;12;8.765495;311.5074
1984;6;24;18;7.2426705;321.79163
1984;6;25;0;6.685986;328.88803
1984;6;25;6;6.5297685;341.58884
1984;6;25;12;4.5272493;313.85104
1984;6;25;18;4.730535;297.8367
1984;6;26;0;6.0925364;277.96048
1984;6;26;6;6.668802;266.97522
1984;6;26;12;6.0698886;266.49796
1984;6;26;18;4.49886;277.55408
1984;6;27;0;2.767542;303.64194
1984;6;27;6;3.9450622;249.64388
1984;6;27;12;1.9101733;197.71512
1984;6;27;18;5.3028417;215.29169
1984;6;28;0;5.9825387;249.3671
1984;6;28;6;5.233346;246.29424
1984;6;28;12;3.5002213;257.5431
1984;6;28;18;2.1745377;272.23013
1984;6;29;0;3.0990787;309.40182
1984;6;29;6;0.8623645;350.6915
1984;6;29;12;2.3432384;71.37909
1984;6;29;18;3.1213515;116.218735
1984;6;30;0;4.0726056;139.9188
1984;6;30;6;4.5875335;242.74118
1984;6;30;12;2.246917;274.14114
1984;6;30;18;3.5552928;112.7623
1984;7;1;0;3.6169918;115.74698
1984;7;1;6;1.5762622;92.80597
1984;7;1;12;3.734828;56.424194
1984;7;1;18;4.4826016;120.90048
1984;7;2;0;2.947574;149.87885
1984;7;2;6;3.4455264;153.77325
1984;7;2;12;5.309087;131.66193
1984;7;2;18;6.1290917;141.7659
1984;7;3;0;3.3254197;104.88097
1984;7;3;6;2.650077;174.10513
1984;7;3;12;2.0131478;145.7103
1984;7;3;18;3.9432952;128.82819
1984;7;4;0;3.087765;125.778854
1984;7;4;6;1.3568764;254.61906
1984;7;4;12;3.435787;54.59955
1984;7;4;18;5.9981184;68.499756
1984;7;5;0;4.2066975;55.452637
1984;7;5;6;5.8658867;78.85181
1984;7;5;12;7.64826;99.15961
1984;7;5;18;5.877397;104.35837
1984;7;6;0;2.0899103;98.28537
1984;7;6;6;3.0834558;275.25525
1984;7;6;12;3.727785;322.86774
1984;7;6;18;3.5940802;343.33255
1984;7;7;0;5.5207157;309.57278
1984;7;7;6;5.4548416;309.93298
1984;7;7;12;7.366339;329.8019
1984;7;7;18;5.399006;321.3603
1984;7;8;0;7.195402;318.45654
1984;7;8;6;7.3595414;314.3865
1984;7;8;12;6.1393948;328.02087
1984;7;8;18;3.6118855;291.07718
1984;7;9;0;3.9128454;248.49951
1984;7;9;6;3.9242346;191.29257
1984;7;9;12;10.810555;139.13184
1984;7;9;18;10.495568;141.17299
1984;7;10;0;4.5187798;145.42929
1984;7;10;6;1.4348617;118.6181
1984;7;10;12;2.2308605;67.51019
1984;7;10;18;5.262483;326.73956
1984;7;11;0;9.399126;323.6199
1984;7;11;6;8.5096445;312.87183
1984;7;11;12;10.350646;318.46945
1984;7;11;18;8.89957;321.53696
1984;7;12;0;6.3352737;318.545
1984;7;12;6;5.666745;296.51685
1984;7;12;12;5.7034907;294.4565
1984;7;12;18;4.1813493;284.33716
1984;7;13;0;4.928883;285.2811
1984;7;13;6;5.5695643;278.7677
1984;7;13;12;6.1233974;299.5249
1984;7;13;18;5.7993326;291.96167
1984;7;14;0;5.8364987;293.49472
1984;7;14;6;5.412395;270.49606
1984;7;14;12;3.6103275;262.9302
1984;7;14;18;2.4410295;223.10132
1984;7;15;0;2.020338;162.7714
1984;7;15;6;3.4983826;190.86531
1984;7;15;12;3.7579155;136.35048
1984;7;15;18;4.550864;127.36076
1984;7;16;0;3.0092437;86.934326
1984;7;16;6;2.0250149;182.24786
1984;7;16;12;1.8028878;182.10593
1984;7;16;18;1.9162592;113.58864
1984;7;17;0;2.6261709;321.94342
1984;7;17;6;3.9662;320.4549
1984;7;17;12;4.5241604;310.46637
1984;7;17;18;3.9549894;329.77362
1984;7;18;0;4.7590675;303.4874
1984;7;18;6;5.8520665;293.25476
1984;7;18;12;5.7979174;289.6904
1984;7;18;18;5.442217;276.77036
1984;7;19;0;5.251477;276.81674
1984;7;19;6;4.653742;231.97246
1984;7;19;12;3.2874224;228.30763
1984;7;19;18;3.5394273;193.87573
1984;7;20;0;4.2741637;216.97276
1984;7;20;6;5.5258384;206.40805
1984;7;20;12;3.6668074;175.87772
1984;7;20;18;8.953739;144.90347
1984;7;21;0;10.5529785;148.11441
1984;7;21;6;5.5514355;152.5787
1984;7;21;12;0.63132143;119.64891
1984;7;21;18;4.3675947;312.35092
1984;7;22;0;7.6705937;310.68228
1984;7;22;6;8.541651;307.12772
1984;7;22;12;7.447282;317.2623
1984;7;22;18;6.3900876;310.05197
1984;7;23;0;4.560215;289.20532
1984;7;23;6;4.5307;267.3519
1984;7;23;12;4.4316673;266.528
1984;7;23;18;2.1754546;275.22244
1984;7;24;0;0.6622161;240.84712
1984;7;24;6;4.169463;242.98328
1984;7;24;12;0.597906;190.25299
1984;7;24;18;2.9277222;175.19833
1984;7;25;0;4.2856;127.09772
1984;7;25;6;4.873746;101.78316
1984;7;25;12;8.653792;102.72121
1984;7;25;18;10.47034;106.19101
1984;7;26;0;11.121656;115.12741
1984;7;26;6;7.55288;113.27258
1984;7;26;12;8.06077;101.9113
1984;7;26;18;6.4842887;120.33626
1984;7;27;0;3.4276605;123.58238
1984;7;27;6;2.987757;241.53242
1984;7;27;12;4.9655643;287.75156
1984;7;27;18;9.102937;304.7017
1984;7;28;0;9.001802;291.36047
1984;7;28;6;8.6467495;270.02438
1984;7;28;12;7.208439;265.24057
1984;7;28;18;6.0258536;287.85547
1984;7;29;0;7.388548;276.274
1984;7;29;6;5.3087792;268.52942
1984;7;29;12;2.8700418;248.60724
1984;7;29;18;4.1765876;225.23668
1984;7;30;0;4.153822;197.36948
1984;7;30;6;4.822795;196.02295
1984;7;30;12;4.2540207;195.51578
1984;7;30;18;5.242345;291.71753
1984;7;31;0;5.565025;299.6239
1984;7;31;6;5.135569;279.3478
1984;7;31;12;4.7993565;238.05531
1984;7;31;18;6.06423;170.90167
1985;5;1;0;4.998191;168.1702
1985;5;1;6;6.712955;156.21774
1985;5;1;12;11.283069;118.91757
1985;5;1;18;12.988305;122.36076
1985;5;2;0;12.954039;108.56908
1985;5;2;6;15.873927;101.95273
1985;5;2;12;14.038358;97.45241
1985;5;2;18;16.305338;93.24153
1985;5;3;0;7.998338;131.15382
1985;5;3;6;5.4693913;124.74043
1985;5;3;12;10.6268635;106.03105
1985;5;3;18;10.897328;95.413574
1985;5;4;0;9.54488;85.713806
1985;5;4;6;6.645333;72.659546
1985;5;4;12;5.4732594;66.8988
1985;5;4;18;5.1782;108.06198
1985;5;5;0;3.759698;108.85324
1985;5;5;6;3.4482899;126.78786
1985;5;5;12;6.8613453;115.0522
1985;5;5;18;11.438565;113.597595
1985;5;6;0;14.147536;106.42671
1985;5;6;6;16.939999;102.87366
1985;5;6;12;16.35036;99.93428
1985;5;6;18;15.164191;98.7258
1985;5;7;0;12.7850895;97.9252
1985;5;7;6;12.209659;94.25499
1985;5;7;12;11.249868;99.02986
1985;5;7;18;9.857225;99.533295
1985;5;8;0;4.965421;74.25116
1985;5;8;6;2.9435637;52.22235
1985;5;8;12;1.1193734;200.50964
1985;5;8;18;1.917351;212.21376
1985;5;9;0;4.0471387;243.59645
1985;5;9;6;3.9066541;238.42442
1985;5;9;12;2.5196633;101.39383
1985;5;9;18;10.5032835;105.152695
1985;5;10;0;10.9376955;103.20773
1985;5;10;6;10.163943;104.06201
1985;5;10;12;8.370131;105.86067
1985;5;10;18;6.3350625;71.164856
1985;5;11;0;3.5981867;331.55515
1985;5;11;6;5.725657;310.7039
1985;5;11;12;5.582228;321.53842
1985;5;11;18;3.9482713;359.97614
1985;5;12;0;2.3145218;53.63507
1985;5;12;6;2.2080436;149.0215
1985;5;12;12;5.0402923;117.87755
1985;5;12;18;5.9557962;129.1062
1985;5;13;0;5.925448;115.64017
1985;5;13;6;9.063359;93.07675
1985;5;13;12;14.476818;97.767136
1985;5;13;18;13.805993;90.81241
1985;5;14;0;13.098636;93.98764
1985;5;14;6;13.296676;93.120255
1985;5;14;12;12.370376;100.2887
1985;5;14;18;10.877317;105.26291
1985;5;15;0;6.767559;103.920456
1985;5;15;6;6.162046;80.12671
1985;5;15;12;7.80362;76.841675
1985;5;15;18;7.5419216;88.562775
1985;5;16;0;7.0319543;87.59448
1985;5;16;6;8.397511;85.342224
1985;5;16;12;11.326576;100.59628
1985;5;16;18;12.675759;108.103
1985;5;17;0;12.096651;104.05832
1985;5;17;6;10.462279;105.2153
1985;5;17;12;11.672117;104.927765
1985;5;17;18;11.595888;106.32594
1985;5;18;0;10.670693;95.51376
1985;5;18;6;11.586908;95.84073
1985;5;18;12;12.070432;116.79018
1985;5;18;18;9.116197;124.78752
1985;5;19;0;4.3337045;108.97769
1985;5;19;6;2.168418;46.891113
1985;5;19;12;4.1290345;352.16846
1985;5;19;18;5.2554517;311.01266
1985;5;20;0;4.4904137;298.12436
1985;5;20;6;3.0846012;271.7753
1985;5;20;12;1.1793662;113.775955
1985;5;20;18;3.2035246;185.10333
1985;5;21;0;4.681751;227.80598
1985;5;21;6;5.0565014;252.0316
1985;5;21;12;3.1451993;282.8417
1985;5;21;18;3.9099925;272.06714
1985;5;22;0;4.9673676;306.18277
1985;5;22;6;4.3186054;333.89484
1985;5;22;12;1.5705628;56.247955
1985;5;22;18;5.267367;269.5373
1985;5;23;0;5.09042;283.68332
1985;5;23;6;7.696988;289.75366
1985;5;23;12;4.261034;322.3977
1985;5;23;18;2.3829613;324.52917
1985;5;24;0;3.6210575;271.7391
1985;5;24;6;5.7258415;267.56747
1985;5;24;12;5.4912605;303.11304
1985;5;24;18;4.5473514;326.35278
1985;5;25;0;4.1844835;328.8216
1985;5;25;6;3.5938442;327.02335
1985;5;25;12;3.4085317;39.109436
1985;5;25;18;2.399928;34.613464
1985;5;26;0;3.1210592;31.985565
1985;5;26;6;2.381572;315.16718
1985;5;26;12;3.9167912;25.201538
1985;5;26;18;2.6434965;52.828613
1985;5;27;0;3.9146821;1.5349121
1985;5;27;6;2.2385168;347.99542
1985;5;27;12;2.1760418;340.35608
1985;5;27;18;2.2577558;299.30182
1985;5;28;0;3.4013653;164.75923
1985;5;28;6;5.0673485;211.71057
1985;5;28;12;3.327705;132.49593
1985;5;28;18;3.1273198;132.6773
1985;5;29;0;2.1719134;151.29434
1985;5;29;6;4.0084534;216.16248
1985;5;29;12;2.5322807;286.3058
1985;5;29;18;0.76298565;0.40444946
1985;5;30;0;1.8138902;177.76433
1985;5;30;6;3.5695813;254.68762
1985;5;30;12;3.7674882;296.15274
1985;5;30;18;4.2910986;324.98895
1985;5;31;0;4.3055234;312.2
1985;5;31;6;5.2955737;302.4778
1985;5;31;12;5.495448;306.30743
1985;5;31;18;5.690539;302.75568
1985;6;1;0;4.7928004;300.49774
1985;6;1;6;5.108586;299.2785
1985;6;1;12;4.3850574;334.06287
1985;6;1;18;3.2733684;317.65872
1985;6;2;0;3.858434;316.29834
1985;6;2;6;4.567847;301.15903
1985;6;2;12;4.3721604;319.9006
1985;6;2;18;3.6530175;317.06552
1985;6;3;0;3.3754978;278.41702
1985;6;3;6;3.3642642;232.15804
1985;6;3;12;4.296071;152.71136
1985;6;3;18;7.1660256;154.33145
1985;6;4;0;6.947334;144.28574
1985;6;4;6;3.3674483;176.45264
1985;6;4;12;2.7705054;183.71164
1985;6;4;18;3.8718598;179.75418
1985;6;5;0;5.832765;201.49664
1985;6;5;6;7.332352;202.68645
1985;6;5;12;6.9539437;220.97185
1985;6;5;18;7.097095;245.0636
1985;6;6;0;3.6720138;249.26933
1985;6;6;6;3.5151825;190.97333
1985;6;6;12;3.5344703;213.66766
1985;6;6;18;4.326798;204.43396
1985;6;7;0;7.5826306;283.20047
1985;6;7;6;7.6144843;295.5476
1985;6;7;12;8.715623;314.31448
1985;6;7;18;7.514355;308.42178
1985;6;8;0;8.302207;297.17383
1985;6;8;6;9.204049;286.55066
1985;6;8;12;9.337872;291.87952
1985;6;8;18;8.264981;282.20596
1985;6;9;0;5.620201;298.7446
1985;6;9;6;6.228317;316.90277
1985;6;9;12;9.106214;8.161804
1985;6;9;18;6.0524254;83.608215
1985;6;10;0;2.7277448;28.934326
1985;6;10;6;3.6047661;332.72244
1985;6;10;12;4.7943134;356.18277
1985;6;10;18;5.4049635;329.2685
1985;6;11;0;5.13229;322.70004
1985;6;11;6;3.8996415;286.17078
1985;6;11;12;2.7149367;289.10764
1985;6;11;18;1.2965918;316.64847
1985;6;12;0;1.1114327;348.66205
1985;6;12;6;0.49098986;235.10669
1985;6;12;12;1.2344267;99.51059
1985;6;12;18;3.050892;124.828674
1985;6;13;0;4.319912;139.84106
1985;6;13;6;4.7005925;181.24448
1985;6;13;12;4.2088346;172.86012
1985;6;13;18;2.7266371;165.27698
1985;6;14;0;2.1763196;158.47435
1985;6;14;6;3.8708239;236.54414
1985;6;14;12;2.3878539;273.1305
1985;6;14;18;1.6220169;19.609009
1985;6;15;0;3.1479576;146.1021
1985;6;15;6;5.013238;177.38953
1985;6;15;12;3.751746;136.85808
1985;6;15;18;3.9280279;140.59741
1985;6;16;0;2.7708287;99.403015
1985;6;16;6;2.8891747;13.980011
1985;6;16;12;5.3185844;58.150696
1985;6;16;18;6.5125914;83.41571
1985;6;17;0;4.910147;69.035034
1985;6;17;6;2.6747994;15.742493
1985;6;17;12;3.3195748;26.255554
1985;6;17;18;3.3797784;332.31128
1985;6;18;0;4.6887827;312.4399
1985;6;18;6;5.0356817;307.38135
1985;6;18;12;4.1987104;329.67267
1985;6;18;18;3.8237987;12.805542
1985;6;19;0;0.35430256;78.19647
1985;6;19;6;2.0423708;156.66428
1985;6;19;12;5.431979;124.57411
1985;6;19;18;5.223523;118.06178
1985;6;20;0;2.2070658;150.46515
1985;6;20;6;1.4393767;271.18716
1985;6;20;12;2.733349;301.49158
1985;6;20;18;2.9306388;5.081482
1985;6;21;0;3.632396;310.5015
1985;6;21;6;4.3491783;298.18094
1985;6;21;12;3.7024236;304.34085
1985;6;21;18;2.47379;301.02084
1985;6;22;0;2.5536222;271.441
1985;6;22;6;1.648196;249.17474
1985;6;22;12;1.9876652;188.36668
1985;6;22;18;1.3305485;153.80605
1985;6;23;0;4.11685;202.35101
1985;6;23;6;6.1827683;240.13258
1985;6;23;12;3.7819238;234.233
1985;6;23;18;3.9361472;190.65134
1985;6;24;0;5.885312;216.50584
1985;6;24;6;8.152688;212.99959
1985;6;24;12;10.383628;232.13815
1985;6;24;18;14.987531;253.47322
1985;6;25;0;12.677769;257.13837
1985;6;25;6;10.56983;273.68488
1985;6;25;12;11.020164;281.63513
1985;6;25;18;9.598704;295.42624
1985;6;26;0;12.649751;294.01276
1985;6;26;6;11.781816;294.6334
1985;6;26;12;8.18799;293.81473
1985;6;26;18;3.0764706;191.6957
1985;6;27;0;6.021466;230.45403
1985;6;27;6;8.170911;193.54913
1985;6;27;12;6.8225646;276.6959
1985;6;27;18;7.856479;329.67096
1985;6;28;0;6.409277;342.62198
1985;6;28;6;4.18072;309.77133
1985;6;28;12;1.2198195;271.06396
1985;6;28;18;5.547845;141.92523
1985;6;29;0;9.163561;131.77504
1985;6;29;6;9.03721;134.53883
1985;6;29;12;12.540929;120.0762
1985;6;29;18;10.450868;107.32124
1985;6;30;0;8.099985;98.2897
1985;6;30;6;6.1455507;101.7932
1985;6;30;12;6.5608454;101.8911
1985;6;30;18;7.180991;93.97342
1985;7;1;0;4.847812;69.36871
1985;7;1;6;7.535951;61.76068
1985;7;1;12;9.769189;54.175293
1985;7;1;18;10.456211;55.123047
1985;7;2;0;8.124792;55.20407
1985;7;2;6;7.147555;44.248352
1985;7;2;12;8.346155;30.513702
1985;7;2;18;8.962075;48.71881
1985;7;3;0;6.239604;41.814392
1985;7;3;6;2.4723818;133.05717
1985;7;3;12;5.5202913;120.19284
1985;7;3;18;5.890313;131.72842
1985;7;4;0;4.2791233;147.66666
1985;7;4;6;3.8973038;165.82684
1985;7;4;12;6.4474225;142.32446
1985;7;4;18;7.1910625;159.89465
1985;7;5;0;4.0110493;158.6399
1985;7;5;6;3.8294036;277.43414
1985;7;5;12;2.220659;291.95175
1985;7;5;18;2.1461039;296.52722
1985;7;6;0;4.3401794;288.5046
1985;7;6;6;4.3366776;255.6563
1985;7;6;12;3.8401134;256.78354
1985;7;6;18;3.4897363;178.46701
1985;7;7;0;5.2627063;183.18265
1985;7;7;6;10.342166;159.76752
1985;7;7;12;9.298473;133.09958
1985;7;7;18;5.9831815;192.36255
1985;7;8;0;5.0436115;196.4925
1985;7;8;6;6.921391;243.48552
1985;7;8;12;9.277122;286.1323
1985;7;8;18;13.120032;317.3398
1985;7;9;0;11.780008;312.51227
1985;7;9;6;12.030596;312.6249
1985;7;9;12;11.365774;315.9044
1985;7;9;18;9.416468;310.33557
1985;7;10;0;7.0279975;313.89178
1985;7;10;6;5.5883555;308.64307
1985;7;10;12;1.8087243;7.2585144
1985;7;10;18;2.4731092;121.62364
1985;7;11;0;6.195974;230.99478
1985;7;11;6;8.791227;291.70157
1985;7;11;12;12.341583;312.8843
1985;7;11;18;10.480385;315.65552
1985;7;12;0;8.768197;326.03046
1985;7;12;6;6.149198;310.9423
1985;7;12;12;5.0900087;280.0648
1985;7;12;18;3.2097447;258.73715
1985;7;13;0;5.573369;242.65312
1985;7;13;6;5.570775;250.48836
1985;7;13;12;4.391555;268.64273
1985;7;13;18;3.914957;310.6607
1985;7;14;0;3.7673209;337.44904
1985;7;14;6;3.9421923;333.3553
1985;7;14;12;4.851633;346.42126
1985;7;14;18;3.2895951;356.72586
1985;7;15;0;2.166891;104.6398
1985;7;15;6;2.9556863;225.78683
1985;7;15;12;1.4258481;146.21927
1985;7;15;18;1.9708728;263.57974
1985;7;16;0;4.1852045;320.31653
1985;7;16;6;5.597425;294.8879
1985;7;16;12;6.219795;330.22842
1985;7;16;18;6.1712637;321.77066
1985;7;17;0;6.782928;328.52667
1985;7;17;6;7.1109476;328.63144
1985;7;17;12;9.024692;357.3529
1985;7;17;18;7.6358023;351.42752
1985;7;18;0;6.604925;330.43295
1985;7;18;6;7.6355767;325.40765
1985;7;18;12;8.179979;340.91116
1985;7;18;18;4.6976185;336.84064
1985;7;19;0;6.032865;316.50555
1985;7;19;6;6.4790854;303.73572
1985;7;19;12;7.5580306;324.4743
1985;7;19;18;7.0818024;313.83353
1985;7;20;0;6.8434634;311.22476
1985;7;20;6;5.6049905;292.08194
1985;7;20;12;2.4164488;270.87167
1985;7;20;18;2.2801893;152.74675
1985;7;21;0;3.953613;230.56099
1985;7;21;6;5.6264997;271.42023
1985;7;21;12;5.2094936;288.97345
1985;7;21;18;3.564084;319.64346
1985;7;22;0;0.66372937;16.077515
1985;7;22;6;5.614505;203.74911
1985;7;22;12;6.2102633;240.56303
1985;7;22;18;6.028145;274.51816
1985;7;23;0;6.4219403;300.5464
1985;7;23;6;6.245091;298.84348
1985;7;23;12;3.9960067;312.23718
1985;7;23;18;4.126592;273.02902
1985;7;24;0;4.151369;280.93082
1985;7;24;6;4.67493;251.45988
1985;7;24;12;1.0545788;184.22844
1985;7;24;18;4.4015822;139.04868
1985;7;25;0;5.6912003;144.0581
1985;7;25;6;5.9465413;138.16158
1985;7;25;12;6.7844825;108.15967
1985;7;25;18;6.1606765;105.530304
1985;7;26;0;5.9855814;95.44699
1985;7;26;6;1.6105866;126.17085
1985;7;26;12;3.5916607;72.93115
1985;7;26;18;2.6708417;78.13635
1985;7;27;0;1.7593435;51.39502
1985;7;27;6;2.31269;317.2337
1985;7;27;12;1.1910337;252.08939
1985;7;27;18;1.8025615;300.87057
1985;7;28;0;1.2899977;345.40518
1985;7;28;6;1.7073054;130.47348
1985;7;28;12;5.2054014;96.89116
1985;7;28;18;9.276041;110.85637
1985;7;29;0;11.151422;109.37413
1985;7;29;6;8.061966;121.00391
1985;7;29;12;8.752988;105.142944
1985;7;29;18;8.393923;85.74774
1985;7;30;0;6.5992317;76.41028
1985;7;30;6;5.081438;52.559814
1985;7;30;12;4.764718;64.31201
1985;7;30;18;5.7693744;74.40228
1985;7;31;0;4.5248785;86.59216
1985;7;31;6;4.5276675;99.637634
1985;7;31;12;6.78411;87.646576
1985;7;31;18;7.229049;95.66608
1986;5;1;0;7.288089;117.785355
1986;5;1;6;4.9628134;129.36407
1986;5;1;12;4.9650064;167.07146
1986;5;1;18;5.5911393;147.74713
1986;5;2;0;5.7522078;127.12186
1986;5;2;6;7.3204865;140.18509
1986;5;2;12;12.032274;137.53069
1986;5;2;18;9.751393;166.77301
1986;5;3;0;6.592891;228.42279
1986;5;3;6;7.4969544;267.10303
1986;5;3;12;6.6787024;289.13522
1986;5;3;18;6.8020563;289.53925
1986;5;4;0;6.8816423;277.12305
1986;5;4;6;6.6859365;259.80585
1986;5;4;12;4.929707;253.26584
1986;5;4;18;1.1543723;167.92828
1986;5;5;0;3.821295;145.2577
1986;5;5;6;4.176417;171.87329
1986;5;5;12;4.219566;156.5701
1986;5;5;18;3.528504;207.79015
1986;5;6;0;4.5840416;306.8113
1986;5;6;6;1.8761735;321.11902
1986;5;6;12;2.5507078;0.64019775
1986;5;6;18;2.5917792;359.25525
1986;5;7;0;3.888995;349.60034
1986;5;7;6;4.5980606;338.1116
1986;5;7;12;3.7136164;359.9922
1986;5;7;18;3.3993986;317.00803
1986;5;8;0;6.644322;318.99152
1986;5;8;6;7.61449;334.562
1986;5;8;12;6.4677224;348.63434
1986;5;8;18;3.8346167;8.320557
1986;5;9;0;4.216548;320.38037
1986;5;9;6;4.585721;292.06192
1986;5;9;12;4.916022;284.73624
1986;5;9;18;6.2385626;294.036
1986;5;10;0;5.256757;292.51456
1986;5;10;6;5.1453757;285.56934
1986;5;10;12;5.363931;302.7946
1986;5;10;18;4.7813106;298.86475
1986;5;11;0;5.5257826;320.3311
1986;5;11;6;4.926395;333.5008
1986;5;11;12;1.8138996;1.290802
1986;5;11;18;4.582465;316.94562
1986;5;12;0;6.6144505;316.9171
1986;5;12;6;6.5958385;316.48553
1986;5;12;12;4.641745;343.84723
1986;5;12;18;2.8772025;11.393097
1986;5;13;0;5.3091803;302.64993
1986;5;13;6;5.1881304;286.5275
1986;5;13;12;4.1661134;289.18576
1986;5;13;18;4.0397224;290.7543
1986;5;14;0;4.8740973;278.18958
1986;5;14;6;5.5418043;285.08157
1986;5;14;12;5.8862815;290.8725
1986;5;14;18;6.9266024;297.13885
1986;5;15;0;6.499952;292.95325
1986;5;15;6;5.983364;266.36493
1986;5;15;12;2.5748599;272.953
1986;5;15;18;2.0531983;164.00941
1986;5;16;0;3.22345;145.6069
1986;5;16;6;3.471856;233.39601
1986;5;16;12;0.9597665;352.05994
1986;5;16;18;2.4473915;301.9153
1986;5;17;0;4.574153;292.46356
1986;5;17;6;4.986158;268.98187
1986;5;17;12;5.1384063;297.16495
1986;5;17;18;3.6713073;276.36713
1986;5;18;0;3.9186213;205.45062
1986;5;18;6;6.0916224;169.01675
1986;5;18;12;9.875183;146.6001
1986;5;18;18;10.750685;154.39647
1986;5;19;0;8.932774;166.02097
1986;5;19;6;4.331209;245.28397
1986;5;19;12;3.7998157;267.30023
1986;5;19;18;4.657287;316.43872
1986;5;20;0;7.688621;328.33414
1986;5;20;6;11.021828;330.63727
1986;5;20;12;13.045454;356.23715
1986;5;20;18;8.38732;358.92062
1986;5;21;0;7.0357466;6.04895
1986;5;21;6;6.0263777;34.083466
1986;5;21;12;4.774486;44.556305
1986;5;21;18;3.630759;105.430664
1986;5;22;0;3.503318;188.74594
1986;5;22;6;5.819847;233.12154
1986;5;22;12;6.735262;269.02206
1986;5;22;18;6.047827;292.82767
1986;5;23;0;5.494837;294.56128
1986;5;23;6;3.147459;272.69452
1986;5;23;12;3.3790803;198.87317
1986;5;23;18;3.8702812;165.93668
1986;5;24;0;3.312348;234.86053
1986;5;24;6;0.97512054;161.5666
1986;5;24;12;2.2913847;230.8479
1986;5;24;18;5.3688216;320.2976
1986;5;25;0;6.992963;341.34412
1986;5;25;6;6.132215;326.6952
1986;5;25;12;5.557602;328.10175
1986;5;25;18;4.2319555;308.76285
1986;5;26;0;3.926236;285.15366
1986;5;26;6;3.8554432;242.15253
1986;5;26;12;3.3423605;155.79774
1986;5;26;18;8.766034;152.43636
1986;5;27;0;5.826062;167.33679
1986;5;27;6;9.169956;155.48143
1986;5;27;12;13.444903;144.81749
1986;5;27;18;15.078474;141.14053
1986;5;28;0;8.974495;141.84691
1986;5;28;6;2.7703114;243.3923
1986;5;28;12;8.41729;321.47824
1986;5;28;18;8.367656;314.15854
1986;5;29;0;6.509946;311.9917
1986;5;29;6;5.270832;297.37656
1986;5;29;12;4.7647967;301.00708
1986;5;29;18;3.3918405;276.09604
1986;5;30;0;3.0816658;245.07675
1986;5;30;6;4.1515155;219.72926
1986;5;30;12;3.8253908;169.74704
1986;5;30;18;5.697051;163.40375
1986;5;31;0;4.5094404;197.68591
1986;5;31;6;4.7825046;224.61304
1986;5;31;12;1.7829994;229.94398
1986;5;31;18;3.013594;158.94011
1986;6;1;0;2.3003855;232.22897
1986;6;1;6;4.018148;239.98827
1986;6;1;12;4.12361;266.2655
1986;6;1;18;3.91168;281.08853
1986;6;2;0;5.101502;295.0176
1986;6;2;6;8.725695;289.1915
1986;6;2;12;7.9371305;295.23672
1986;6;2;18;8.044195;296.63678
1986;6;3;0;7.6415133;301.8475
1986;6;3;6;8.193591;297.08548
1986;6;3;12;7.2048135;314.6548
1986;6;3;18;5.5576053;329.12674
1986;6;4;0;4.863083;342.7818
1986;6;4;6;2.9282722;5.796509
1986;6;4;12;3.982084;100.23154
1986;6;4;18;11.159966;116.9364
1986;6;5;0;14.233383;105.2711
1986;6;5;6;14.864844;98.156006
1986;6;5;12;12.75644;100.76755
1986;6;5;18;10.602141;108.066605
1986;6;6;0;6.2458224;106.56702
1986;6;6;6;3.4236166;109.73213
1986;6;6;12;6.5554132;112.27956
1986;6;6;18;7.3467436;106.80391
1986;6;7;0;5.509633;83.16055
1986;6;7;6;5.3216257;66.76599
1986;6;7;12;9.129328;58.44525
1986;6;7;18;10.286347;75.747314
1986;6;8;0;8.025926;71.94495
1986;6;8;6;6.5264177;47.066284
1986;6;8;12;5.3910027;39.576355
1986;6;8;18;5.83633;0.94055176
1986;6;9;0;3.8505542;8.083862
1986;6;9;6;2.9971461;267.2897
1986;6;9;12;5.9209485;289.00543
1986;6;9;18;8.381165;313.9212
1986;6;10;0;7.6670084;324.5544
1986;6;10;6;4.70424;323.06485
1986;6;10;12;6.3243866;119.746124
1986;6;10;18;8.12177;129.86284
1986;6;11;0;4.125825;138.38374
1986;6;11;6;0.76553506;249.25702
1986;6;11;12;4.4109645;39.65448
1986;6;11;18;6.064261;78.755005
1986;6;12;0;4.3291965;63.1857
1986;6;12;6;4.5293527;36.766968
1986;6;12;12;3.6219242;34.450287
1986;6;12;18;2.8852932;4.5755615
1986;6;13;0;3.670082;314.33643
1986;6;13;6;5.1660004;291.1423
1986;6;13;12;5.4728303;310.1529
1986;6;13;18;7.5087;316.30862
1986;6;14;0;8.493819;304.64453
1986;6;14;6;7.815618;304.33524
1986;6;14;12;7.1575494;294.93768
1986;6;14;18;4.395514;279.86786
1986;6;15;0;3.724605;253.60603
1986;6;15;6;4.207562;235.83987
1986;6;15;12;0.472449;352.68912
1986;6;15;18;0.5157352;230.85623
1986;6;16;0;0.74635935;118.62839
1986;6;16;6;3.3128366;249.09937
1986;6;16;12;1.415967;285.36633
1986;6;16;18;1.7339555;306.3193
1986;6;17;0;4.2332454;306.07095
1986;6;17;6;5.094134;299.58585
1986;6;17;12;5.6460767;304.18066
1986;6;17;18;5.5726175;303.74997
1986;6;18;0;6.2644777;287.0913
1986;6;18;6;4.7087708;270.24704
1986;6;18;12;3.12393;237.29225
1986;6;18;18;4.9387817;157.16573
1986;6;19;0;7.4987483;154.95181
1986;6;19;6;7.4962373;174.83394
1986;6;19;12;9.4041395;136.50179
1986;6;19;18;9.567746;126.70442
1986;6;20;0;7.791456;120.814896
1986;6;20;6;3.197805;152.99255
1986;6;20;12;4.12916;159.19589
1986;6;20;18;5.803247;155.83366
1986;6;21;0;4.606606;132.89597
1986;6;21;6;1.6700622;138.0693
1986;6;21;12;2.7138293;289.56412
1986;6;21;18;3.524131;307.63306
1986;6;22;0;4.3132877;321.54626
1986;6;22;6;3.4469926;327.7597
1986;6;22;12;1.8995811;227.29503
1986;6;22;18;5.061577;156.78549
1986;6;23;0;7.3790812;169.8157
1986;6;23;6;10.880382;146.87595
1986;6;23;12;10.865817;144.69398
1986;6;23;18;7.397442;188.7688
1986;6;24;0;5.33204;175.39078
1986;6;24;6;5.3518567;267.911
1986;6;24;12;9.302536;275.94556
1986;6;24;18;7.8418036;297.09848
1986;6;25;0;4.406399;272.2656
1986;6;25;6;3.516664;240.78214
1986;6;25;12;3.70453;120.27742
1986;6;25;18;4.514449;127.00746
1986;6;26;0;7.2487164;250.36838
1986;6;26;6;6.86631;244.05798
1986;6;26;12;2.3992894;216.08647
1986;6;26;18;4.8143725;173.87401
1986;6;27;0;6.4245505;170.33795
1986;6;27;6;5.8727255;182.02017
1986;6;27;12;5.1982503;180.56653
1986;6;27;18;6.090018;132.45885
1986;6;28;0;3.046965;211.11806
1986;6;28;6;4.340779;247.59474
1986;6;28;12;2.2252085;238.97661
1986;6;28;18;4.5343924;154.04813
1986;6;29;0;3.9794514;160.75562
1986;6;29;6;5.8415956;288.44443
1986;6;29;12;6.8777323;285.3322
1986;6;29;18;6.6426096;287.9837
1986;6;30;0;4.60863;278.99954
1986;6;30;6;3.9489868;270.9497
1986;6;30;12;0.95763004;298.50772
1986;6;30;18;2.2434826;116.012115
1986;7;1;0;3.1678846;161.47551
1986;7;1;6;3.5756834;231.8976
1986;7;1;12;2.9249334;116.62546
1986;7;1;18;4.7059283;130.82504
1986;7;2;0;4.8610997;127.13423
1986;7;2;6;4.410187;155.09824
1986;7;2;12;5.131725;127.29465
1986;7;2;18;5.38149;137.99658
1986;7;3;0;3.347632;181.83066
1986;7;3;6;4.8557315;258.2564
1986;7;3;12;4.2252374;297.79474
1986;7;3;18;5.308351;318.6669
1986;7;4;0;5.6193633;326.77542
1986;7;4;6;5.167188;282.7446
1986;7;4;12;5.918837;296.31842
1986;7;4;18;5.6280437;291.8978
1986;7;5;0;6.636537;294.11624
1986;7;5;6;4.7739344;298.81592
1986;7;5;12;2.450703;276.1254
1986;7;5;18;1.647976;140.1226
1986;7;6;0;3.0261269;260.7224
1986;7;6;6;6.750611;287.85168
1986;7;6;12;6.207861;304.2466
1986;7;6;18;3.4823523;330.37744
1986;7;7;0;4.72076;294.6308
1986;7;7;6;3.4401627;294.22128
1986;7;7;12;2.5089288;284.0665
1986;7;7;18;2.4754534;126.0049
1986;7;8;0;1.0217338;238.23672
1986;7;8;6;3.836189;290.70703
1986;7;8;12;4.9138966;317.9894
1986;7;8;18;4.5654445;312.13596
1986;7;9;0;5.0502644;317.13007
1986;7;9;6;4.07284;286.40125
1986;7;9;12;2.1314495;270.3194
1986;7;9;18;2.1749141;179.36101
1986;7;10;0;4.4058533;208.92766
1986;7;10;6;4.9708962;217.0689
1986;7;10;12;2.7296958;205.95898
1986;7;10;18;3.1168978;133.61517
1986;7;11;0;2.9602218;137.87067
1986;7;11;6;5.0638633;261.04523
1986;7;11;12;3.7556853;292.08536
1986;7;11;18;4.910928;320.1953
1986;7;12;0;5.5726337;328.05814
1986;7;12;6;5.8236375;349.6203
1986;7;12;12;5.834956;11.846313
1986;7;12;18;6.6159134;25.006866
1986;7;13;0;6.0388274;15.141663
1986;7;13;6;6.658464;348.13055
1986;7;13;12;5.54424;354.97974
1986;7;13;18;6.3476434;336.80487
1986;7;14;0;8.768037;327.16125
1986;7;14;6;7.3228226;312.213
1986;7;14;12;9.785807;302.7013
1986;7;14;18;7.870155;302.5917
1986;7;15;0;7.8035703;295.5217
1986;7;15;6;7.627943;268.4667
1986;7;15;12;8.849287;270.76947
1986;7;15;18;9.32713;275.1821
1986;7;16;0;8.854586;275.21722
1986;7;16;6;8.123839;270.2723
1986;7;16;12;7.3514943;265.9706
1986;7;16;18;6.9613814;255.09113
1986;7;17;0;8.353191;250.31007
1986;7;17;6;8.975461;260.46295
1986;7;17;12;8.481824;259.31818
1986;7;17;18;6.925433;262.5883
1986;7;18;0;6.352228;237.00366
1986;7;18;6;5.7025933;199.56378
1986;7;18;12;10.60525;260.25363
1986;7;18;18;7.7034836;279.93207
1986;7;19;0;10.281752;297.95178
1986;7;19;6;8.570775;301.795
1986;7;19;12;13.142467;286.53613
1986;7;19;18;11.506435;287.01657
1986;7;20;0;11.172073;286.86826
1986;7;20;6;8.155963;271.3034
1986;7;20;12;7.286683;246.39473
1986;7;20;18;5.946994;197.10156
1986;7;21;0;7.8682823;224.14377
1986;7;21;6;12.221772;244.17258
1986;7;21;12;4.7846766;181.59694
1986;7;21;18;9.4847555;224.27586
1986;7;22;0;6.563439;204.11548
1986;7;22;6;4.62597;233.3086
1986;7;22;12;5.834812;297.11774
1986;7;22;18;7.234434;321.18924
1986;7;23;0;7.0160003;310.48196
1986;7;23;6;5.867837;287.25302
1986;7;23;12;6.551306;292.71082
1986;7;23;18;5.3115935;290.5521
1986;7;24;0;4.694735;265.91693
1986;7;24;6;4.3243933;255.13977
1986;7;24;12;3.3720334;260.70227
1986;7;24;18;0.60676545;167.68192
1986;7;25;0;4.1241035;155.03448
1986;7;25;6;3.4240346;189.33803
1986;7;25;12;2.8801098;159.53198
1986;7;25;18;1.2823949;84.82767
1986;7;26;0;1.323582;301.71472
1986;7;26;6;4.0371966;293.7118
1986;7;26;12;3.3520498;323.2671
1986;7;26;18;4.6731544;294.5889
1986;7;27;0;5.1162624;312.31216
1986;7;27;6;4.650596;279.8178
1986;7;27;12;4.629023;291.68866
1986;7;27;18;5.134875;281.1919
1986;7;28;0;6.2875314;315.03323
1986;7;28;6;4.1721196;343.05298
1986;7;28;12;3.325819;358.2093
1986;7;28;18;1.9118396;20.525543
1986;7;29;0;3.2993226;287.66116
1986;7;29;6;3.816794;282.11096
1986;7;29;12;3.7564683;286.27966
1986;7;29;18;4.3355684;300.07773
1986;7;30;0;6.4282303;302.77585
1986;7;30;6;6.106682;296.18954
1986;7;30;12;6.255594;292.31366
1986;7;30;18;5.74543;312.76678
1986;7;31;0;6.168912;328.17712
1986;7;31;6;7.099064;326.05173
1986;7;31;12;8.587387;331.2376
1986;7;31;18;7.330195;327.94937
1987;5;1;0;7.3406014;280.6612
1987;5;1;6;4.9221845;258.08984
1987;5;1;12;3.77651;193.31297
1987;5;1;18;4.2954364;156.08669
1987;5;2;0;5.8462925;164.66647
1987;5;2;6;9.900488;150.71155
1987;5;2;12;7.856763;113.18097
1987;5;2;18;7.4715266;117.16478
1987;5;3;0;2.6756067;171.96658
1987;5;3;6;8.01279;250.74057
1987;5;3;12;6.2196965;256.38007
1987;5;3;18;1.8023206;280.19928
1987;5;4;0;1.9168656;51.264587
1987;5;4;6;4.17837;246.5433
1987;5;4;12;4.514455;270.0539
1987;5;4;18;2.9310431;287.16864
1987;5;5;0;2.8130922;281.44806
1987;5;5;6;3.6878927;251.163
1987;5;5;12;1.8476359;233.91632
1987;5;5;18;2.8165705;171.05571
1987;5;6;0;3.7195091;204.50739
1987;5;6;6;4.1892695;247.38226
1987;5;6;12;1.8877988;209.68964
1987;5;6;18;2.2957363;205.88223
1987;5;7;0;5.057092;230.17606
1987;5;7;6;6.594426;240.46967
1987;5;7;12;8.2347975;249.32736
1987;5;7;18;10.975817;267.8771
1987;5;8;0;11.678773;266.57996
1987;5;8;6;13.79462;270.95322
1987;5;8;12;11.892265;278.03333
1987;5;8;18;6.065423;242.04211
1987;5;9;0;6.3450017;183.77289
1987;5;9;6;7.982294;167.94481
1987;5;9;12;8.149832;188.22528
1987;5;9;18;12.43823;239.3154
1987;5;10;0;9.407477;254.35654
1987;5;10;6;6.6642346;252.85799
1987;5;10;12;0.41895583;11.144226
1987;5;10;18;4.074945;132.11795
1987;5;11;0;5.2212605;284.55103
1987;5;11;6;10.084178;288.3007
1987;5;11;12;8.897381;309.12015
1987;5;11;18;1.5393587;303.44904
1987;5;12;0;5.9495673;122.58186
1987;5;12;6;10.180443;128.78758
1987;5;12;12;10.521636;124.376465
1987;5;12;18;9.045332;130.20343
1987;5;13;0;4.9662066;169.33124
1987;5;13;6;6.1341968;283.61136
1987;5;13;12;3.400166;282.5164
1987;5;13;18;3.6596484;122.650406
1987;5;14;0;10.038444;138.16551
1987;5;14;6;10.8596115;147.35017
1987;5;14;12;9.359144;144.45847
1987;5;14;18;5.4693513;231.77687
1987;5;15;0;5.204721;290.48035
1987;5;15;6;2.8281474;289.9299
1987;5;15;12;1.7717053;206.03477
1987;5;15;18;7.736681;276.23746
1987;5;16;0;9.282055;287.4962
1987;5;16;6;8.48345;278.77118
1987;5;16;12;4.947678;274.11578
1987;5;16;18;3.7641332;233.81552
1987;5;17;0;3.9052944;186.09195
1987;5;17;6;3.5083587;220.65076
1987;5;17;12;4.662156;256.95364
1987;5;17;18;4.17807;276.78125
1987;5;18;0;3.891676;233.46394
1987;5;18;6;5.781501;224.86884
1987;5;18;12;4.7676096;148.07437
1987;5;18;18;13.128765;200.53705
1987;5;19;0;15.155059;200.86758
1987;5;19;6;13.685588;209.2206
1987;5;19;12;12.57064;180.02574
1987;5;19;18;13.077943;167.7991
1987;5;20;0;10.901191;172.12506
1987;5;20;6;11.589756;166.03381
1987;5;20;12;13.108605;166.42746
1987;5;20;18;11.683958;171.537
1987;5;21;0;11.690301;160.08643
1987;5;21;6;9.29688;130.33415
1987;5;21;12;14.02597;127.51219
1987;5;21;18;8.626704;165.61005
1987;5;22;0;5.74042;137.59854
1987;5;22;6;8.890132;119.44765
1987;5;22;12;15.759879;109.438934
1987;5;22;18;16.98333;116.52162
1987;5;23;0;13.414515;122.18509
1987;5;23;6;15.028702;113.01959
1987;5;23;12;17.44759;110.724106
1987;5;23;18;16.07509;108.52884
1987;5;24;0;16.987337;109.98724
1987;5;24;6;16.125948;105.4415
1987;5;24;12;16.460037;104.52176
1987;5;24;18;16.652828;113.37927
1987;5;25;0;12.346864;117.662796
1987;5;25;6;11.850942;115.43471
1987;5;25;12;14.598311;106.35271
1987;5;25;18;15.720486;100.922745
1987;5;26;0;12.638696;103.13884
1987;5;26;6;10.46513;129.4096
1987;5;26;12;7.5183992;136.45169
1987;5;26;18;7.2347684;133.72902
1987;5;27;0;3.1576376;160.76558
1987;5;27;6;3.663838;180.4163
1987;5;27;12;5.3006554;138.28722
1987;5;27;18;5.7952924;153.36237
1987;5;28;0;3.7140462;170.8521
1987;5;28;6;3.7157428;175.80916
1987;5;28;12;3.7484822;125.84413
1987;5;28;18;4.394596;124.09837
1987;5;29;0;5.232908;100.534485
1987;5;29;6;3.890733;92.39824
1987;5;29;12;10.808735;107.783264
1987;5;29;18;9.920716;111.38138
1987;5;30;0;11.3542;107.61247
1987;5;30;6;9.716272;114.48424
1987;5;30;12;10.275892;115.59474
1987;5;30;18;9.354968;115.93901
1987;5;31;0;5.757589;118.5345
1987;5;31;6;4.539996;119.27722
1987;5;31;12;7.0350122;132.77507
1987;5;31;18;5.5980716;144.18506
1987;6;1;0;3.6980045;159.04855
1987;6;1;6;3.7974286;182.63321
1987;6;1;12;4.2589645;173.9763
1987;6;1;18;3.4152749;175.8592
1987;6;2;0;3.7212787;203.27872
1987;6;2;6;3.7420757;234.60152
1987;6;2;12;4.147175;260.91867
1987;6;2;18;3.9621768;288.83215
1987;6;3;0;4.947102;251.77576
1987;6;3;6;5.7008786;260.34225
1987;6;3;12;8.388423;275.44916
1987;6;3;18;9.413679;283.70218
1987;6;4;0;6.2238507;280.40408
1987;6;4;6;3.6754873;234.0038
1987;6;4;12;7.3132315;276.08527
1987;6;4;18;5.209352;273.9638
1987;6;5;0;5.0023093;235.73994
1987;6;5;6;7.89572;252.5115
1987;6;5;12;7.806553;279.6081
1987;6;5;18;3.1406457;302.99948
1987;6;6;0;2.9374144;310.92313
1987;6;6;6;1.9105958;136.1796
1987;6;6;12;6.9525065;144.49773
1987;6;6;18;13.044063;243.97403
1987;6;7;0;8.475776;259.37213
1987;6;7;6;7.9732766;239.01225
1987;6;7;12;11.630807;243.55777
1987;6;7;18;13.574162;264.9972
1987;6;8;0;12.229919;267.90268
1987;6;8;6;11.629534;266.76025
1987;6;8;12;10.028868;269.5679
1987;6;8;18;5.41614;271.27695
1987;6;9;0;3.4431143;210.26764
1987;6;9;6;5.116328;233.43262
1987;6;9;12;3.3663638;226.80055
1987;6;9;18;1.9457513;199.03856
1987;6;10;0;4.1351957;145.767
1987;6;10;6;5.7404065;187.78879
1987;6;10;12;5.8365517;194.85507
1987;6;10;18;5.5978355;276.88736
1987;6;11;0;1.8668196;355.07227
1987;6;11;6;0.7840673;80.33469
1987;6;11;12;2.7477264;159.16075
1987;6;11;18;5.0835347;128.94957
1987;6;12;0;7.7759104;145.27742
1987;6;12;6;9.602472;156.61899
1987;6;12;12;7.924619;158.92929
1987;6;12;18;6.6568737;149.86351
1987;6;13;0;8.033719;132.3699
1987;6;13;6;8.749231;133.02724
1987;6;13;12;8.587128;146.77802
1987;6;13;18;3.0166528;179.08342
1987;6;14;0;4.3991876;146.16034
1987;6;14;6;7.8169856;131.76262
1987;6;14;12;13.918623;121.17557
1987;6;14;18;10.326451;133.30217
1987;6;15;0;7.276879;118.3141
1987;6;15;6;3.0464282;153.49576
1987;6;15;12;6.4741454;281.53555
1987;6;15;18;5.242024;252.98969
1987;6;16;0;3.1976893;233.06038
1987;6;16;6;5.0914702;228.46333
1987;6;16;12;2.0255828;184.40968
1987;6;16;18;4.242818;119.76349
1987;6;17;0;3.9641216;142.98349
1987;6;17;6;5.7272525;139.45781
1987;6;17;12;6.480163;121.38187
1987;6;17;18;9.131857;105.4944
1987;6;18;0;7.6936812;103.93059
1987;6;18;6;6.2766304;111.17201
1987;6;18;12;9.028266;112.21477
1987;6;18;18;7.992157;118.27435
1987;6;19;0;6.2222934;118.342224
1987;6;19;6;5.1271954;127.480194
1987;6;19;12;4.6968775;126.179276
1987;6;19;18;3.210338;132.52083
1987;6;20;0;1.643933;204.90665
1987;6;20;6;1.4992478;304.6743
1987;6;20;12;2.344091;330.40842
1987;6;20;18;1.2201759;60.199005
1987;6;21;0;3.7792404;216.09818
1987;6;21;6;4.518642;233.45135
1987;6;21;12;1.750329;202.08922
1987;6;21;18;2.5122292;146.26184
1987;6;22;0;3.334969;170.24377
1987;6;22;6;3.4982147;139.158
1987;6;22;12;3.3346872;119.97946
1987;6;22;18;2.540023;75.38919
1987;6;23;0;4.300995;59.376526
1987;6;23;6;4.115308;67.944336
1987;6;23;12;5.0537615;84.27985
1987;6;23;18;5.429336;87.118835
1987;6;24;0;4.971781;78.25214
1987;6;24;6;3.0263753;91.48068
1987;6;24;12;4.316593;85.54773
1987;6;24;18;3.367233;95.51012
1987;6;25;0;2.6644154;74.832275
1987;6;25;6;1.9125901;3.5263367
1987;6;25;12;1.0201288;250.81248
1987;6;25;18;2.4094737;241.76483
1987;6;26;0;5.2506704;272.452
1987;6;26;6;5.6508427;305.6038
1987;6;26;12;3.2220922;338.6004
1987;6;26;18;2.5578814;273.2137
1987;6;27;0;4.8528385;293.74103
1987;6;27;6;5.695071;287.6759
1987;6;27;12;3.4776564;296.64752
1987;6;27;18;3.1604655;224.25969
1987;6;28;0;5.530035;267.19165
1987;6;28;6;1.4540383;180.7754
1987;6;28;12;5.7505856;124.33836
1987;6;28;18;8.167246;134.50133
1987;6;29;0;4.6956615;142.93686
1987;6;29;6;1.8848412;240.0682
1987;6;29;12;0.9104615;349.79755
1987;6;29;18;2.7714567;92.11029
1987;6;30;0;2.0666778;117.71535
1987;6;30;6;3.5027611;123.77513
1987;6;30;12;7.751567;124.649765
1987;6;30;18;7.611266;145.02643
1987;7;1;0;3.936852;136.64699
1987;7;1;6;3.2357185;149.44315
1987;7;1;12;5.8321276;153.63692
1987;7;1;18;6.922926;161.28336
1987;7;2;0;5.124916;171.61703
1987;7;2;6;5.6064944;209.07387
1987;7;2;12;3.640855;221.88702
1987;7;2;18;1.907436;227.82883
1987;7;3;0;1.8387157;279.22293
1987;7;3;6;3.8032146;299.28345
1987;7;3;12;4.2842803;288.2289
1987;7;3;18;4.2154946;320.51218
1987;7;4;0;3.67241;326.12912
1987;7;4;6;4.5702424;326.3268
1987;7;4;12;5.0249014;336.84985
1987;7;4;18;4.5001855;333.2081
1987;7;5;0;4.123931;335.5617
1987;7;5;6;4.4840636;274.30316
1987;7;5;12;3.9982147;297.5665
1987;7;5;18;4.0371504;303.07596
1987;7;6;0;6.1617665;307.4368
1987;7;6;6;4.420733;304.01566
1987;7;6;12;4.999575;287.3069
1987;7;6;18;4.147109;273.70117
1987;7;7;0;5.1784697;271.01788
1987;7;7;6;4.945478;253.6098
1987;7;7;12;4.480505;231.09323
1987;7;7;18;2.8683612;157.96814
1987;7;8;0;7.929145;146.0813
1987;7;8;6;7.897392;158.14436
1987;7;8;12;8.740762;159.62073
1987;7;8;18;9.903564;137.36531
1987;7;9;0;7.772838;132.36118
1987;7;9;6;5.797704;133.65039
1987;7;9;12;6.479841;126.95102
1987;7;9;18;6.064231;172.14316
1987;7;10;0;2.2080998;249.15764
1987;7;10;6;1.2987224;282.45282
1987;7;10;12;2.7378743;89.23468
1987;7;10;18;4.2522974;115.40701
1987;7;11;0;2.9244537;130.87712
1987;7;11;6;3.4721932;181.17735
1987;7;11;12;4.647628;201.81366
1987;7;11;18;3.8550072;156.3616
1987;7;12;0;4.594347;165.71115
1987;7;12;6;3.880144;206.2605
1987;7;12;12;2.1340091;158.46759
1987;7;12;18;5.838158;132.13896
1987;7;13;0;4.088004;113.19882
1987;7;13;6;0.87251496;89.84943
1987;7;13;12;3.057015;5.080078
1987;7;13;18;4.740358;16.083801
1987;7;14;0;5.3037486;337.19498
1987;7;14;6;4.433467;342.4242
1987;7;14;12;3.3290467;346.8946
1987;7;14;18;3.3932;134.61842
1987;7;15;0;3.627396;276.40393
1987;7;15;6;6.632789;299.75223
1987;7;15;12;10.298107;336.24103
1987;7;15;18;7.677341;349.13147
1987;7;16;0;6.5307918;322.16348
1987;7;16;6;5.0372777;286.63776
1987;7;16;12;3.3197415;265.7604
1987;7;16;18;6.8180714;139.85234
1987;7;17;0;8.745995;133.56578
1987;7;17;6;9.643615;142.53607
1987;7;17;12;10.331265;139.96399
1987;7;17;18;9.005989;134.1001
1987;7;18;0;7.2112913;106.09485
1987;7;18;6;4.840261;104.44234
1987;7;18;12;7.1815753;77.51511
1987;7;18;18;3.7821286;100.61784
1987;7;19;0;0.80570906;149.26736
1987;7;19;6;4.4184732;289.14496
1987;7;19;12;2.5461686;31.263794
1987;7;19;18;3.10253;144.39243
1987;7;20;0;5.581735;133.58875
1987;7;20;6;5.551426;114.31473
1987;7;20;12;8.15854;108.270355
1987;7;20;18;7.4023986;112.61821
1987;7;21;0;2.234437;83.74951
1987;7;21;6;3.1837146;273.784
1987;7;21;12;6.7636766;320.15347
1987;7;21;18;7.952684;331.84244
1987;7;22;0;6.5624347;320.8505
1987;7;22;6;8.089642;315.34598
1987;7;22;12;9.473896;326.8515
1987;7;22;18;8.593678;317.78735
1987;7;23;0;7.3275676;296.64008
1987;7;23;6;7.3080044;281.9733
1987;7;23;12;6.176221;275.83932
1987;7;23;18;2.8493261;286.11026
1987;7;24;0;3.3367865;136.23445
1987;7;24;6;6.5518427;126.11745
1987;7;24;12;9.596605;118.27348
1987;7;24;18;7.9483604;123.15407
1987;7;25;0;4.0002537;109.46121
1987;7;25;6;0.9572488;205.39493
1987;7;25;12;7.725702;301.87274
1987;7;25;18;7.7173796;314.53125
1987;7;26;0;6.3404574;291.004
1987;7;26;6;5.16653;275.24277
1987;7;26;12;4.283976;246.86856
1987;7;26;18;2.9185503;136.16692
1987;7;27;0;4.5241275;152.9797
1987;7;27;6;4.2056274;185.05063
1987;7;27;12;1.93821;273.23996
1987;7;27;18;3.6696756;298.80347
1987;7;28;0;6.3365517;293.2735
1987;7;28;6;7.226512;283.0115
1987;7;28;12;5.0921617;285.9659
1987;7;28;18;2.442035;277.32526
1987;7;29;0;4.2310185;256.5281
1987;7;29;6;5.036384;256.02634
1987;7;29;12;7.432177;273.2066
1987;7;29;18;3.388999;274.6782
1987;7;30;0;1.1913127;64.658325
1987;7;30;6;2.295293;26.81726
1987;7;30;12;6.4086213;312.9815
1987;7;30;18;7.942173;312.88004
1987;7;31;0;10.12667;301.0289
1987;7;31;6;9.734301;294.1538
1987;7;31;12;10.584963;295.8037
1987;7;31;18;9.124524;314.45886
1988;5;1;0;6.7450504;276.81262
1988;5;1;6;8.197007;276.0135
1988;5;1;12;9.978694;297.2549
1988;5;1;18;9.712553;307.26953
1988;5;2;0;8.363444;295.7315
1988;5;2;6;8.462507;278.69324
1988;5;2;12;8.253577;243.38786
1988;5;2;18;14.945805;266.85916
1988;5;3;0;9.643024;270.05206
1988;5;3;6;9.048833;254.76038
1988;5;3;12;8.731517;235.05365
1988;5;3;18;11.796029;266.78723
1988;5;4;0;12.86904;294.396
1988;5;4;6;11.691957;316.0739
1988;5;4;12;15.039174;326.5842
1988;5;4;18;16.391815;326.3869
1988;5;5;0;13.096307;334.46698
1988;5;5;6;7.3979;44.972076
1988;5;5;12;10.356501;60.43799
1988;5;5;18;10.248091;89.79022
1988;5;6;0;8.511996;76.10141
1988;5;6;6;8.203808;73.605835
1988;5;6;12;8.455739;70.92514
1988;5;6;18;10.976511;89.19229
1988;5;7;0;10.363883;77.589874
1988;5;7;6;9.55105;99.628784
1988;5;7;12;12.171259;93.69246
1988;5;7;18;6.7585073;79.50946
1988;5;8;0;7.6545424;333.00977
1988;5;8;6;10.08619;312.50748
1988;5;8;12;8.654289;337.6205
1988;5;8;18;5.299331;318.56482
1988;5;9;0;4.8387966;313.47995
1988;5;9;6;6.1519046;262.62817
1988;5;9;12;5.327123;269.65616
1988;5;9;18;5.109913;302.0376
1988;5;10;0;8.366135;318.8001
1988;5;10;6;10.96026;309.7801
1988;5;10;12;14.183378;306.9912
1988;5;10;18;13.081541;308.91046
1988;5;11;0;10.474823;296.0607
1988;5;11;6;7.4802628;284.80084
1988;5;11;12;3.6136186;248.06807
1988;5;11;18;3.0173445;170.92001
1988;5;12;0;5.5061855;242.79553
1988;5;12;6;4.974597;227.74767
1988;5;12;12;5.7681313;154.44473
1988;5;12;18;5.4734445;168.12566
1988;5;13;0;3.2205174;213.6381
1988;5;13;6;3.7781498;256.04355
1988;5;13;12;1.2445505;266.49167
1988;5;13;18;0.99317247;130.00432
1988;5;14;0;4.148806;159.38474
1988;5;14;6;3.9355938;196.47583
1988;5;14;12;1.7531766;112.55838
1988;5;14;18;5.4335427;114.88457
1988;5;15;0;3.9564328;101.330215
1988;5;15;6;5.456469;80.979126
1988;5;15;12;9.690052;93.413025
1988;5;15;18;10.0455265;98.50722
1988;5;16;0;12.341945;95.83252
1988;5;16;6;11.695096;101.98515
1988;5;16;12;11.481218;94.87065
1988;5;16;18;12.780754;92.71126
1988;5;17;0;10.108619;87.40637
1988;5;17;6;9.024217;87.24695
1988;5;17;12;8.176777;114.330475
1988;5;17;18;6.4451156;152.04971
1988;5;18;0;5.5835605;158.30367
1988;5;18;6;5.97461;169.34995
1988;5;18;12;6.116729;168.24582
1988;5;18;18;4.468708;205.29794
1988;5;19;0;3.8089721;156.87662
1988;5;19;6;2.5801015;182.46558
1988;5;19;12;6.22065;124.86423
1988;5;19;18;6.8208113;125.64458
1988;5;20;0;5.6924686;109.96561
1988;5;20;6;4.5443144;86.11676
1988;5;20;12;6.5153832;84.31601
1988;5;20;18;6.9062557;98.11659
1988;5;21;0;3.5783622;30.58722
1988;5;21;6;4.5410237;88.19153
1988;5;21;12;5.689778;83.45929
1988;5;21;18;6.290709;94.946365
1988;5;22;0;3.2918112;101.54114
1988;5;22;6;4.680457;81.24411
1988;5;22;12;5.73278;50.518616
1988;5;22;18;8.553011;62.12726
1988;5;23;0;11.058131;77.43927
1988;5;23;6;10.533645;101.789856
1988;5;23;12;7.59952;112.409164
1988;5;23;18;7.1806316;99.6349
1988;5;24;0;9.595489;97.11726
1988;5;24;6;11.275623;112.84738
1988;5;24;12;12.429666;119.4677
1988;5;24;18;12.062527;117.558334
1988;5;25;0;11.212233;110.2657
1988;5;25;6;10.3211;109.99237
1988;5;25;12;11.09663;110.63568
1988;5;25;18;9.308565;117.18083
1988;5;26;0;6.225865;99.26343
1988;5;26;6;5.2299957;95.87544
1988;5;26;12;8.68745;91.22778
1988;5;26;18;8.836865;96.92694
1988;5;27;0;6.9677854;89.1626
1988;5;27;6;5.8642898;74.976685
1988;5;27;12;7.0426993;94.492676
1988;5;27;18;6.5676622;134.76292
1988;5;28;0;5.036357;148.55237
1988;5;28;6;4.65823;172.78735
1988;5;28;12;3.7388847;150.12093
1988;5;28;18;3.4583504;150.10254
1988;5;29;0;3.455155;234.17978
1988;5;29;6;5.204402;236.6803
1988;5;29;12;4.742233;272.13217
1988;5;29;18;3.8756688;277.7893
1988;5;30;0;5.257609;290.91016
1988;5;30;6;4.1727123;285.38168
1988;5;30;12;2.3334022;322.18356
1988;5;30;18;2.7533748;120.13162
1988;5;31;0;3.1575131;133.622
1988;5;31;6;2.5956051;175.90799
1988;5;31;12;1.2388207;165.98364
1988;5;31;18;2.5970418;59.11499
1988;6;1;0;3.701486;38.980408
1988;6;1;6;3.6675782;85.60071
1988;6;1;12;2.210072;146.37979
1988;6;1;18;1.2840332;187.76202
1988;6;2;0;6.3870697;283.0787
1988;6;2;6;6.0849686;294.9273
1988;6;2;12;5.162542;292.24063
1988;6;2;18;4.67566;281.63278
1988;6;3;0;6.5244875;263.8201
1988;6;3;6;8.269142;258.51663
1988;6;3;12;8.737799;261.96466
1988;6;3;18;6.1517224;271.49356
1988;6;4;0;3.2029386;205.56929
1988;6;4;6;3.2522247;232.76216
1988;6;4;12;3.018057;174.10907
1988;6;4;18;5.643945;153.52017
1988;6;5;0;5.623165;152.58838
1988;6;5;6;4.620782;182.78607
1988;6;5;12;3.2494788;202.78796
1988;6;5;18;1.9533304;209.11075
1988;6;6;0;3.6377633;277.6577
1988;6;6;6;4.6143737;269.42383
1988;6;6;12;6.790771;281.5358
1988;6;6;18;7.644604;291.4851
1988;6;7;0;3.8836606;314.4643
1988;6;7;6;1.5502857;152.06825
1988;6;7;12;9.390428;250.91635
1988;6;7;18;4.8863096;237.33994
1988;6;8;0;6.0116897;228.46335
1988;6;8;6;5.6255174;185.20276
1988;6;8;12;7.127079;166.58014
1988;6;8;18;6.3061085;204.35759
1988;6;9;0;4.0985055;277.64395
1988;6;9;6;6.624486;107.13374
1988;6;9;12;10.137629;104.44728
1988;6;9;18;10.523521;114.85295
1988;6;10;0;7.0729957;135.9741
1988;6;10;6;6.767427;114.22272
1988;6;10;12;7.6456356;150.35957
1988;6;10;18;6.5831485;150.94856
1988;6;11;0;6.339747;144.51715
1988;6;11;6;5.129109;156.1265
1988;6;11;12;7.558206;170.75337
1988;6;11;18;6.79833;165.27754
1988;6;12;0;9.674103;137.92201
1988;6;12;6;11.556307;112.63887
1988;6;12;12;12.070341;112.14592
1988;6;12;18;8.370454;95.23004
1988;6;13;0;1.1931912;298.61176
1988;6;13;6;2.6685686;239.92413
1988;6;13;12;6.9272475;149.56343
1988;6;13;18;9.662323;145.0773
1988;6;14;0;6.7421474;159.60669
1988;6;14;6;0.8509594;258.0519
1988;6;14;12;3.8349643;349.7588
1988;6;14;18;8.684534;317.54047
1988;6;15;0;8.589065;292.00284
1988;6;15;6;12.345522;279.12708
1988;6;15;12;12.277261;281.11536
1988;6;15;18;11.51713;277.75433
1988;6;16;0;7.2236004;279.32812
1988;6;16;6;2.9223204;172.11304
1988;6;16;12;1.4382491;150.87552
1988;6;16;18;8.558535;295.81848
1988;6;17;0;6.1852264;298.34512
1988;6;17;6;3.2208786;308.55997
1988;6;17;12;3.368536;352.49182
1988;6;17;18;7.802614;314.0901
1988;6;18;0;9.564115;312.78732
1988;6;18;6;11.103857;307.16824
1988;6;18;12;13.61907;312.79654
1988;6;18;18;13.854413;325.38733
1988;6;19;0;13.465005;328.41586
1988;6;19;6;15.3877945;328.21167
1988;6;19;12;17.129215;322.20023
1988;6;19;18;16.507347;332.17786
1988;6;20;0;13.27057;325.17856
1988;6;20;6;10.993295;323.4681
1988;6;20;12;11.259724;325.42078
1988;6;20;18;7.7894535;344.92465
1988;6;21;0;4.8715878;326.83847
1988;6;21;6;0.810429;324.16144
1988;6;21;12;4.6928487;138.85254
1988;6;21;18;8.573661;149.84299
1988;6;22;0;4.013855;197.19545
1988;6;22;6;9.254178;274.66125
1988;6;22;12;8.330607;289.11032
1988;6;22;18;6.9028144;285.24576
1988;6;23;0;4.7242208;281.0408
1988;6;23;6;1.9789469;268.78278
1988;6;23;12;1.7241268;22.991577
1988;6;23;18;3.2636461;266.30054
1988;6;24;0;7.3328676;285.55118
1988;6;24;6;5.9672637;270.88467
1988;6;24;12;3.6023283;112.42143
1988;6;24;18;8.183101;123.79149
1988;6;25;0;8.800186;150.50357
1988;6;25;6;4.1713567;231.03172
1988;6;25;12;9.605504;271.9555
1988;6;25;18;10.770992;292.62698
1988;6;26;0;9.746202;303.07068
1988;6;26;6;12.617448;299.3221
1988;6;26;12;14.588269;309.09293
1988;6;26;18;10.087908;316.64917
1988;6;27;0;8.690645;316.37845
1988;6;27;6;8.059426;311.1024
1988;6;27;12;6.9529305;298.91345
1988;6;27;18;6.866098;301.30072
1988;6;28;0;6.035672;312.4806
1988;6;28;6;4.7987704;316.9222
1988;6;28;12;3.8508089;326.62894
1988;6;28;18;3.711895;344.847
1988;6;29;0;5.3060546;314.9752
1988;6;29;6;4.9684534;304.06094
1988;6;29;12;4.1051836;321.04333
1988;6;29;18;4.508149;302.01404
1988;6;30;0;5.8248773;339.09113
1988;6;30;6;4.6561165;317.83292
1988;6;30;12;3.2132008;323.46646
1988;6;30;18;3.4987206;292.893
1988;7;1;0;4.184382;295.3238
1988;7;1;6;3.4294665;285.5787
1988;7;1;12;1.8034995;266.92703
1988;7;1;18;3.1757138;247.08704
1988;7;2;0;5.6846485;266.6195
1988;7;2;6;5.889893;273.89624
1988;7;2;12;5.550917;288.51074
1988;7;2;18;5.1856775;289.6868
1988;7;3;0;4.734887;265.09625
1988;7;3;6;4.9544296;248.58081
1988;7;3;12;4.961294;239.22704
1988;7;3;18;4.810582;235.2098
1988;7;4;0;5.8364296;218.23215
1988;7;4;6;6.9531717;230.50063
1988;7;4;12;5.8502774;186.14203
1988;7;4;18;10.620848;153.6662
1988;7;5;0;6.662975;212.26483
1988;7;5;6;9.476601;236.1753
1988;7;5;12;8.390613;266.69595
1988;7;5;18;6.5212293;291.12518
1988;7;6;0;6.682838;280.56223
1988;7;6;6;5.940258;253.28777
1988;7;6;12;4.490647;220.70126
1988;7;6;18;5.1859455;144.85449
1988;7;7;0;7.4365573;145.35722
1988;7;7;6;6.8873096;132.8335
1988;7;7;12;6.916885;126.999664
1988;7;7;18;7.2655325;123.30089
1988;7;8;0;4.3866673;103.31448
1988;7;8;6;4.156682;85.581116
1988;7;8;12;7.6325955;82.246796
1988;7;8;18;9.554516;83.21655
1988;7;9;0;7.585843;90.62746
1988;7;9;6;7.156563;85.01294
1988;7;9;12;7.7653627;84.87598
1988;7;9;18;7.7350426;105.139404
1988;7;10;0;4.568296;84.45868
1988;7;10;6;3.3822165;105.90532
1988;7;10;12;4.6997304;111.354904
1988;7;10;18;3.0577803;124.56435
1988;7;11;0;2.8592472;102.78589
1988;7;11;6;2.4393258;262.43134
1988;7;11;12;2.1968226;309.0405
1988;7;11;18;4.180981;289.2397
1988;7;12;0;5.235269;297.5723
1988;7;12;6;5.700019;288.53937
1988;7;12;12;3.9015906;292.24762
1988;7;12;18;2.0552604;295.00555
1988;7;13;0;1.6596271;259.88837
1988;7;13;6;3.0275514;240.22029
1988;7;13;12;2.0001364;157.0787
1988;7;13;18;4.567558;151.3981
1988;7;14;0;5.193964;149.50722
1988;7;14;6;5.2327905;152.15988
1988;7;14;12;6.8868923;125.958435
1988;7;14;18;7.577406;125.88713
1988;7;15;0;3.3252149;124.66136
1988;7;15;6;1.5306523;232.44261
1988;7;15;12;2.2357743;265.981
1988;7;15;18;3.3940485;289.61243
1988;7;16;0;3.8832772;281.8249
1988;7;16;6;4.067179;250.92654
1988;7;16;12;2.9062514;133.37015
1988;7;16;18;4.721129;115.66377
1988;7;17;0;6.423728;130.26027
1988;7;17;6;5.680736;124.71307
1988;7;17;12;7.994107;118.40805
1988;7;17;18;5.2835517;132.78346
1988;7;18;0;3.5233607;72.819885
1988;7;18;6;2.4196935;310.62933
1988;7;18;12;2.6353726;324.81674
1988;7;18;18;2.994771;48.899628
1988;7;19;0;3.927904;51.572083
1988;7;19;6;4.01647;70.827515
1988;7;19;12;6.835001;95.72691
1988;7;19;18;5.223686;85.58154
1988;7;20;0;4.628105;28.326965
1988;7;20;6;4.0679297;53.447235
1988;7;20;12;4.4993896;42.92456
1988;7;20;18;6.4014;78.84552
1988;7;21;0;5.1102805;51.756897
1988;7;21;6;5.0109115;33.105988
1988;7;21;12;5.949555;55.49829
1988;7;21;18;6.671943;74.02887
1988;7;22;0;4.8942523;3.3930664
1988;7;22;6;3.591578;319.968
1988;7;22;12;5.798762;7.1352844
1988;7;22;18;1.0562103;93.81706
1988;7;23;0;0.8990467;330.9284
1988;7;23;6;1.6477631;292.36597
1988;7;23;12;4.3381248;80.21228
1988;7;23;18;5.79988;105.08223
1988;7;24;0;3.6659422;106.249146
1988;7;24;6;2.794229;60.32544
1988;7;24;12;3.5890796;29.24707
1988;7;24;18;3.8138008;330.7787
1988;7;25;0;6.9762683;310.1877
1988;7;25;6;7.853905;314.80835
1988;7;25;12;7.2679963;328.04266
1988;7;25;18;6.6454086;3.4049377
1988;7;26;0;4.6327543;345.84543
1988;7;26;6;5.1056275;326.0282
1988;7;26;12;5.2228365;331.30804
1988;7;26;18;5.0164547;305.3468
1988;7;27;0;6.4926248;298.06656
1988;7;27;6;6.863919;291.87268
1988;7;27;12;6.8298206;291.5166
1988;7;27;18;5.195694;282.42572
1988;7;28;0;3.491899;291.56625
1988;7;28;6;0.40398034;324.75586
1988;7;28;12;0.9343559;73.12518
1988;7;28;18;1.644016;264.86792
1988;7;29;0;6.7033362;286.99228
1988;7;29;6;7.1133537;292.5031
1988;7;29;12;6.224524;300.85883
1988;7;29;18;4.7122493;283.06772
1988;7;30;0;4.206517;265.49985
1988;7;30;6;4.693388;218.53145
1988;7;30;12;5.2262807;153.913
1988;7;30;18;5.252975;189.61816
1988;7;31;0;7.785801;270.1598
1988;7;31;6;4.676025;240.79433
1988;7;31;12;3.3072762;237.4245
1988;7;31;18;8.620596;155.50397
1989;5;1;0;2.260469;227.32515
1989;5;1;6;3.2561362;183.11948
1989;5;1;12;4.7216287;130.57118
1989;5;1;18;4.0085526;155.12961
1989;5;2;0;2.7867486;136.31573
1989;5;2;6;3.2116513;239.9893
1989;5;2;12;3.4901822;247.87865
1989;5;2;18;4.5211387;254.52586
1989;5;3;0;5.69561;266.05453
1989;5;3;6;5.885666;282.4483
1989;5;3;12;7.2231216;308.3922
1989;5;3;18;8.601631;309.60696
1989;5;4;0;7.9622817;304.96637
1989;5;4;6;8.1333475;281.19394
1989;5;4;12;6.917531;265.05283
1989;5;4;18;5.057691;248.90492
1989;5;5;0;4.4422593;206.59808
1989;5;5;6;5.8206205;136.0324
1989;5;5;12;5.2053795;144.54843
1989;5;5;18;2.1019745;171.36444
1989;5;6;0;5.2610655;284.53113
1989;5;6;6;8.273704;277.8687
1989;5;6;12;9.143674;270.69034
1989;5;6;18;10.275794;252.38374
1989;5;7;0;11.59076;279.5247
1989;5;7;6;14.856448;285.4144
1989;5;7;12;15.159197;283.5025
1989;5;7;18;13.023777;277.25992
1989;5;8;0;9.172225;258.09903
1989;5;8;6;7.1445656;217.85646
1989;5;8;12;7.028412;191.26624
1989;5;8;18;9.643675;256.86917
1989;5;9;0;10.3296;263.9069
1989;5;9;6;13.872398;270.1077
1989;5;9;12;14.027743;266.93488
1989;5;9;18;12.787586;280.81543
1989;5;10;0;9.67271;273.51553
1989;5;10;6;8.031305;250.89354
1989;5;10;12;4.870543;189.62927
1989;5;10;18;12.581368;244.68324
1989;5;11;0;11.815036;237.88211
1989;5;11;6;12.43645;245.12032
1989;5;11;12;10.74688;277.37347
1989;5;11;18;13.3693285;294.41092
1989;5;12;0;13.510627;303.21304
1989;5;12;6;9.773371;309.003
1989;5;12;12;5.010802;353.87238
1989;5;12;18;11.992546;125.04813
1989;5;13;0;8.425888;106.68187
1989;5;13;6;7.1548824;63.96454
1989;5;13;12;9.326664;72.90509
1989;5;13;18;8.145452;74.763794
1989;5;14;0;5.198921;39.43622
1989;5;14;6;5.445523;78.50928
1989;5;14;12;3.2412353;109.16652
1989;5;14;18;1.3643901;63.81488
1989;5;15;0;0.8412732;227.18274
1989;5;15;6;5.3470864;262.00967
1989;5;15;12;6.3478193;282.77652
1989;5;15;18;6.7540483;296.88852
1989;5;16;0;7.080943;296.01447
1989;5;16;6;6.8333464;293.59366
1989;5;16;12;5.0274568;304.68573
1989;5;16;18;3.31739;284.5381
1989;5;17;0;3.4878285;249.66254
1989;5;17;6;4.7740865;225.40356
1989;5;17;12;4.293057;223.66449
1989;5;17;18;4.9398985;195.68382
1989;5;18;0;5.291406;218.60396
1989;5;18;6;6.961295;235.24693
1989;5;18;12;4.9599776;248.57185
1989;5;18;18;2.7001574;215.15643
1989;5;19;0;4.2317667;229.48976
1989;5;19;6;3.8313634;239.30116
1989;5;19;12;2.4815278;174.3573
1989;5;19;18;5.883724;150.79604
1989;5;20;0;4.928318;154.17941
1989;5;20;6;3.1758423;228.84279
1989;5;20;12;2.370968;325.08768
1989;5;20;18;3.1920178;15.02005
1989;5;21;0;4.889731;102.484314
1989;5;21;6;10.049002;84.0108
1989;5;21;12;11.686181;66.82898
1989;5;21;18;10.456245;64.56775
1989;5;22;0;14.694945;79.24881
1989;5;22;6;13.745703;83.075775
1989;5;22;12;11.439375;99.97067
1989;5;22;18;9.667965;110.3819
1989;5;23;0;3.128827;140.745
1989;5;23;6;3.7480347;248.05078
1989;5;23;12;7.174228;295.98593
1989;5;23;18;9.152876;301.94574
1989;5;24;0;9.438775;293.82513
1989;5;24;6;9.698889;282.78845
1989;5;24;12;9.316014;283.64676
1989;5;24;18;9.173839;282.40027
1989;5;25;0;9.169552;276.54315
1989;5;25;6;8.82994;270.89084
1989;5;25;12;8.0994835;263.9844
1989;5;25;18;4.4577007;239.69072
1989;5;26;0;4.8822517;175.54324
1989;5;26;6;6.5140014;249.76855
1989;5;26;12;9.72635;277.19125
1989;5;26;18;9.266173;293.86194
1989;5;27;0;8.207241;276.4259
1989;5;27;6;9.025292;257.83298
1989;5;27;12;8.402572;255.34271
1989;5;27;18;7.630157;250.12415
1989;5;28;0;7.1503015;258.0362
1989;5;28;6;5.1411624;238.3855
1989;5;28;12;3.2072043;234.73045
1989;5;28;18;4.8978114;134.20724
1989;5;29;0;6.930948;167.6784
1989;5;29;6;7.0022306;249.30653
1989;5;29;12;7.2161627;256.48706
1989;5;29;18;4.9404893;247.42111
1989;5;30;0;4.4229264;227.47098
1989;5;30;6;6.027703;237.29413
1989;5;30;12;5.9172273;226.72273
1989;5;30;18;6.733471;216.31458
1989;5;31;0;6.236072;206.66412
1989;5;31;6;10.598076;198.77081
1989;5;31;12;7.795357;236.53139
1989;5;31;18;5.2159023;263.95596
1989;6;1;0;1.1100382;251.69112
1989;6;1;6;3.151103;208.49792
1989;6;1;12;4.4583745;189.33179
1989;6;1;18;6.857758;250.55525
1989;6;2;0;6.659484;254.29837
1989;6;2;6;7.979923;255.6564
1989;6;2;12;11.142699;265.58453
1989;6;2;18;10.429926;264.6498
1989;6;3;0;10.54842;279.14645
1989;6;3;6;8.604904;265.91043
1989;6;3;12;6.8526134;268.1508
1989;6;3;18;3.4570835;267.76495
1989;6;4;0;4.22169;200.10544
1989;6;4;6;5.500145;159.7997
1989;6;4;12;7.44995;139.77974
1989;6;4;18;9.523892;124.20445
1989;6;5;0;11.990691;124.62407
1989;6;5;6;11.008503;135.0852
1989;6;5;12;8.520951;149.2741
1989;6;5;18;7.042066;165.48773
1989;6;6;0;3.3213332;171.79295
1989;6;6;6;1.9794997;238.23456
1989;6;6;12;3.4053426;213.63722
1989;6;6;18;3.682146;185.64859
1989;6;7;0;5.7419024;178.43796
1989;6;7;6;5.7376738;170.1814
1989;6;7;12;7.981407;114.45921
1989;6;7;18;10.06904;106.88365
1989;6;8;0;9.042424;96.70424
1989;6;8;6;8.580772;105.263885
1989;6;8;12;10.879333;104.278244
1989;6;8;18;9.100193;111.569626
1989;6;9;0;4.895278;97.59645
1989;6;9;6;2.7258046;182.72931
1989;6;9;12;0.864592;347.68622
1989;6;9;18;2.6420166;73.24963
1989;6;10;0;1.4012121;81.6933
1989;6;10;6;1.2467664;172.03644
1989;6;10;12;0.38256198;207.91228
1989;6;10;18;2.9528754;109.81384
1989;6;11;0;2.6305587;119.10477
1989;6;11;6;2.3217237;155.43504
1989;6;11;12;1.3409823;172.27385
1989;6;11;18;0.7137751;233.4863
1989;6;12;0;2.6328392;284.569
1989;6;12;6;2.9023051;263.81186
1989;6;12;12;3.271794;274.68604
1989;6;12;18;3.5409424;284.483
1989;6;13;0;5.202777;278.82236
1989;6;13;6;4.869955;240.76498
1989;6;13;12;3.8688238;183.54872
1989;6;13;18;5.799822;173.01797
1989;6;14;0;3.5859632;238.18417
1989;6;14;6;3.7862353;241.45885
1989;6;14;12;3.0047235;175.15498
1989;6;14;18;4.5905614;140.67183
1989;6;15;0;3.5582445;131.39679
1989;6;15;6;1.786743;240.55466
1989;6;15;12;0.48748976;125.73656
1989;6;15;18;1.8373704;127.94391
1989;6;16;0;2.1044676;196.96002
1989;6;16;6;2.69387;205.90273
1989;6;16;12;5.0533795;117.80296
1989;6;16;18;6.439955;118.662125
1989;6;17;0;5.2049203;79.008545
1989;6;17;6;1.582811;6.85968
1989;6;17;12;3.91233;306.94684
1989;6;17;18;4.6261187;333.5596
1989;6;18;0;3.4973667;284.0143
1989;6;18;6;4.522034;220.52153
1989;6;18;12;6.332265;231.79784
1989;6;18;18;4.7345724;214.55684
1989;6;19;0;8.785089;213.21909
1989;6;19;6;5.588496;190.91095
1989;6;19;12;11.1228695;168.46954
1989;6;19;18;9.361881;155.85341
1989;6;20;0;2.0153303;207.74667
1989;6;20;6;0.85999256;13.6006775
1989;6;20;12;2.9512556;38.202026
1989;6;20;18;6.809024;2.5357666
1989;6;21;0;14.792443;332.5116
1989;6;21;6;15.584166;324.64297
1989;6;21;12;17.374977;321.5844
1989;6;21;18;13.339062;326.0264
1989;6;22;0;9.450216;320.53128
1989;6;22;6;6.0707808;311.23544
1989;6;22;12;5.4109316;259.1427
1989;6;22;18;7.69923;258.8404
1989;6;23;0;14.348918;257.79242
1989;6;23;6;14.063939;258.62643
1989;6;23;12;12.385675;275.919
1989;6;23;18;11.857887;286.4486
1989;6;24;0;9.516208;310.33
1989;6;24;6;8.871144;322.5575
1989;6;24;12;8.41036;337.5821
1989;6;24;18;6.499947;0.558197
1989;6;25;0;4.8421526;318.99576
1989;6;25;6;4.547203;287.40216
1989;6;25;12;6.343706;279.84918
1989;6;25;18;8.470694;300.90717
1989;6;26;0;4.2161536;313.0536
1989;6;26;6;5.1732054;302.63483
1989;6;26;12;5.1548905;315.46124
1989;6;26;18;4.06534;348.52823
1989;6;27;0;4.2731724;329.1994
1989;6;27;6;5.256341;312.3463
1989;6;27;12;4.4243746;333.95905
1989;6;27;18;3.7476077;318.54263
1989;6;28;0;4.7797623;315.87262
1989;6;28;6;3.5522287;303.87616
1989;6;28;12;3.1443503;281.91324
1989;6;28;18;2.8358111;305.58588
1989;6;29;0;4.444399;307.73865
1989;6;29;6;5.422806;316.1799
1989;6;29;12;3.8993504;316.63434
1989;6;29;18;3.7712615;309.4595
1989;6;30;0;3.3548558;264.45264
1989;6;30;6;4.5219407;230.87482
1989;6;30;12;3.9390957;171.30414
1989;6;30;18;5.835006;154.66516
1989;7;1;0;5.503441;127.923965
1989;7;1;6;4.0430174;110.39748
1989;7;1;12;4.7510614;94.895004
1989;7;1;18;4.7171364;82.567566
1989;7;2;0;4.468131;55.36856
1989;7;2;6;4.6054955;49.320435
1989;7;2;12;4.215924;47.317657
1989;7;2;18;3.7763119;0.910553
1989;7;3;0;4.082537;332.61273
1989;7;3;6;3.4396648;322.1257
1989;7;3;12;3.9950242;309.5707
1989;7;3;18;4.13835;326.3006
1989;7;4;0;5.368492;301.50488
1989;7;4;6;6.124539;287.8128
1989;7;4;12;4.591478;312.7138
1989;7;4;18;4.3113546;287.7635
1989;7;5;0;3.9865649;302.1109
1989;7;5;6;2.9594102;304.2652
1989;7;5;12;2.0202498;298.38455
1989;7;5;18;2.4205139;299.83618
1989;7;6;0;4.794119;303.3556
1989;7;6;6;4.7309837;315.36145
1989;7;6;12;3.8536294;322.26483
1989;7;6;18;2.5982714;127.6998
1989;7;7;0;5.4655023;142.87357
1989;7;7;6;6.103837;146.4816
1989;7;7;12;7.9326167;129.38712
1989;7;7;18;6.8727107;128.29532
1989;7;8;0;3.9094663;125.54158
1989;7;8;6;1.5579718;245.80122
1989;7;8;12;3.1016476;332.8379
1989;7;8;18;4.989036;321.80786
1989;7;9;0;9.003855;298.6916
1989;7;9;6;11.080171;286.91425
1989;7;9;12;15.007334;291.36502
1989;7;9;18;16.409939;292.84998
1989;7;10;0;13.6569195;287.77502
1989;7;10;6;11.662441;276.24
1989;7;10;12;12.542576;273.18768
1989;7;10;18;11.932336;270.60727
1989;7;11;0;11.425065;262.13474
1989;7;11;6;7.536979;249.30891
1989;7;11;12;3.6442688;270.64566
1989;7;11;18;11.791361;292.0992
1989;7;12;0;10.482748;279.79742
1989;7;12;6;9.739462;271.0825
1989;7;12;12;9.0903845;270.9571
1989;7;12;18;7.628868;266.47025
1989;7;13;0;7.550466;240.8996
1989;7;13;6;9.107424;238.67757
1989;7;13;12;4.0735283;197.7883
1989;7;13;18;10.991546;246.98645
1989;7;14;0;12.548045;245.85867
1989;7;14;6;13.613013;237.42264
1989;7;14;12;9.975987;231.19812
1989;7;14;18;6.8236713;197.62604
1989;7;15;0;6.9343424;173.84404
1989;7;15;6;9.722166;156.23944
1989;7;15;12;7.975813;167.56615
1989;7;15;18;6.2699294;156.07472
1989;7;16;0;3.7329555;156.50009
1989;7;16;6;3.1660788;170.39413
1989;7;16;12;5.805321;140.21135
1989;7;16;18;7.8901696;127.23529
1989;7;17;0;5.3419;117.30669
1989;7;17;6;5.570849;94.85718
1989;7;17;12;8.034662;98.566376
1989;7;17;18;6.559846;118.25568
1989;7;18;0;3.029463;126.40245
1989;7;18;6;3.893043;287.33463
1989;7;18;12;2.6011379;351.79022
1989;7;18;18;6.0874643;137.08498
1989;7;19;0;5.962321;131.46376
1989;7;19;6;2.9524539;104.31897
1989;7;19;12;4.5603333;40.98871
1989;7;19;18;5.2346625;359.3396
1989;7;20;0;4.4398417;334.5628
1989;7;20;6;2.3244367;324.8603
1989;7;20;12;2.934458;44.187744
1989;7;20;18;2.135712;74.23706
1989;7;21;0;2.128517;276.3883
1989;7;21;6;3.3073504;0.107940674
1989;7;21;12;3.2976723;48.129456
1989;7;21;18;3.1385903;66.68469
1989;7;22;0;2.418513;93.69368
1989;7;22;6;3.359116;47.093018
1989;7;22;12;8.697364;77.256836
1989;7;22;18;9.674328;77.11282
1989;7;23;0;6.32558;76.02948
1989;7;23;6;5.605771;60.36801
1989;7;23;12;7.152261;59.440796
1989;7;23;18;7.7974906;73.30817
1989;7;24;0;4.741864;86.27759
1989;7;24;6;3.7482595;84.507355
1989;7;24;12;4.7120075;88.576355
1989;7;24;18;5.432125;92.70055
1989;7;25;0;3.3908913;75.97333
1989;7;25;6;3.5250638;71.453735
1989;7;25;12;3.4162464;91.499115
1989;7;25;18;1.6889211;115.24817
1989;7;26;0;0.7412354;135.99648
1989;7;26;6;1.804789;285.8077
1989;7;26;12;1.5602806;302.2545
1989;7;26;18;2.7156954;141.24953
1989;7;27;0;3.693942;191.94348
1989;7;27;6;4.5840774;234.86154
1989;7;27;12;2.7435036;261.4452
1989;7;27;18;2.0802863;270.84842
1989;7;28;0;4.292946;284.9882
1989;7;28;6;4.8251505;278.3857
1989;7;28;12;4.3882933;298.48883
1989;7;28;18;3.5772915;299.1864
1989;7;29;0;5.5582376;305.6703
1989;7;29;6;5.3390183;291.3142
1989;7;29;12;5.3297725;297.69687
1989;7;29;18;5.866816;282.84424
1989;7;30;0;6.646582;282.33316
1989;7;30;6;6.1578684;259.86624
1989;7;30;12;0.8716983;92.88223
1989;7;30;18;5.4596033;152.01717
1989;7;31;0;5.674209;202.9562
1989;7;31;6;4.435688;221.74805
1989;7;31;12;1.4621263;195.51434
1989;7;31;18;3.522016;121.81682
