Year;Month;Day;Hour(utc);301;365
2008;5;1;0;7.375259;325.77386
2008;5;1;6;10.349403;328.13934
2008;5;1;12;13.283911;339.9626
2008;5;1;18;13.594423;339.91763
2008;5;2;0;13.280628;339.28122
2008;5;2;6;15.461826;348.87927
2008;5;2;12;11.083486;4.2667236
2008;5;2;18;3.3850968;315.33923
2008;5;3;0;4.95569;343.11093
2008;5;3;6;5.571615;327.24927
2008;5;3;12;3.4012496;341.85828
2008;5;3;18;1.9102705;346.93906
2008;5;4;0;4.768492;331.4275
2008;5;4;6;6.354681;322.1376
2008;5;4;12;7.3358183;332.87897
2008;5;4;18;7.095007;339.14935
2008;5;5;0;7.5133414;340.50674
2008;5;5;6;6.2411146;329.7515
2008;5;5;12;4.424437;330.81335
2008;5;5;18;2.7000992;341.0123
2008;5;6;0;4.529475;319.66272
2008;5;6;6;6.176845;321.8417
2008;5;6;12;6.010294;319.20868
2008;5;6;18;7.467603;339.8202
2008;5;7;0;6.4213305;335.65402
2008;5;7;6;7.276116;323.76172
2008;5;7;12;5.356562;319.98257
2008;5;7;18;4.097399;312.7769
2008;5;8;0;5.2952566;310.57715
2008;5;8;6;2.91147;260.96823
2008;5;8;12;4.9731727;212.7059
2008;5;8;18;6.550157;213.07994
2008;5;9;0;5.2357225;231.5108
2008;5;9;6;3.4987888;303.1921
2008;5;9;12;3.8057647;13.777161
2008;5;9;18;1.4846846;30.620178
2008;5;10;0;4.175942;350.5204
2008;5;10;6;6.0023694;330.3194
2008;5;10;12;4.7230816;336.40952
2008;5;10;18;2.241414;357.90295
2008;5;11;0;4.138571;8.173767
2008;5;11;6;5.2631397;47.748566
2008;5;11;12;4.067397;58.03235
2008;5;11;18;3.1294174;55.793488
2008;5;12;0;1.9771067;350.42682
2008;5;12;6;1.5230628;8.564819
2008;5;12;12;1.959044;24.293732
2008;5;12;18;1.6127368;73.163574
2008;5;13;0;2.9318743;96.34621
2008;5;13;6;2.8340018;96.025635
2008;5;13;12;2.543845;93.37846
2008;5;13;18;2.0040267;101.68919
2008;5;14;0;2.3648767;350.5118
2008;5;14;6;4.09776;323.8867
2008;5;14;12;3.8913667;330.18024
2008;5;14;18;2.389034;316.67316
2008;5;15;0;3.592436;323.39188
2008;5;15;6;2.4953094;318.18985
2008;5;15;12;1.0853068;343.93195
2008;5;15;18;2.8514228;147.24109
2008;5;16;0;2.5135698;203.91727
2008;5;16;6;1.3446164;209.60431
2008;5;16;12;0.72057253;91.517456
2008;5;16;18;2.5354254;144.17612
2008;5;17;0;1.1620189;213.42343
2008;5;17;6;2.2456422;306.27878
2008;5;17;12;1.0288041;29.80606
2008;5;17;18;1.0749996;183.01065
2008;5;18;0;3.5123606;323.32718
2008;5;18;6;4.830831;333.04803
2008;5;18;12;3.3613372;336.04343
2008;5;18;18;1.2640374;306.54892
2008;5;19;0;5.199792;321.53345
2008;5;19;6;6.251769;342.66992
2008;5;19;12;0.6244742;64.914734
2008;5;19;18;5.506338;169.01813
2008;5;20;0;5.6183553;189.01901
2008;5;20;6;3.2478273;200.88834
2008;5;20;12;2.482883;159.73206
2008;5;20;18;4.0655284;168.59299
2008;5;21;0;1.1953787;199.29155
2008;5;21;6;3.9092214;323.82166
2008;5;21;12;3.2541194;145.35388
2008;5;21;18;5.7916274;171.25587
2008;5;22;0;2.3506672;210.74939
2008;5;22;6;3.603439;314.93707
2008;5;22;12;5.4010954;74.79129
2008;5;22;18;6.06302;359.22827
2008;5;23;0;7.3725457;358.71823
2008;5;23;6;6.7759495;342.62665
2008;5;23;12;6.436219;336.36307
2008;5;23;18;3.4518394;322.42343
2008;5;24;0;3.682349;329.0881
2008;5;24;6;4.121486;320.4504
2008;5;24;12;1.5914026;311.2003
2008;5;24;18;1.9114426;359.88757
2008;5;25;0;2.6029813;5.2579346
2008;5;25;6;2.7766562;69.70178
2008;5;25;12;4.4692807;73.86517
2008;5;25;18;4.9910874;109.64177
2008;5;26;0;5.339796;88.45978
2008;5;26;6;5.5925984;84.4592
2008;5;26;12;4.860465;136.13591
2008;5;26;18;4.2654924;135.83617
2008;5;27;0;3.2633634;132.04347
2008;5;27;6;1.8634573;69.22168
2008;5;27;12;2.9645271;138.08676
2008;5;27;18;3.486421;104.4146
2008;5;28;0;4.915002;121.26175
2008;5;28;6;3.5323496;114.012695
2008;5;28;12;6.1129355;122.233505
2008;5;28;18;6.3982706;115.81682
2008;5;29;0;6.444057;102.43794
2008;5;29;6;8.232893;110.80284
2008;5;29;12;10.215152;114.225876
2008;5;29;18;11.250725;116.16542
2008;5;30;0;9.188494;95.13748
2008;5;30;6;8.455605;88.471375
2008;5;30;12;7.2320833;129.47601
2008;5;30;18;2.5271158;158.91241
2008;5;31;0;1.9812132;37.301514
2008;5;31;6;1.7751639;347.7
2008;5;31;12;1.9829139;97.26097
2008;5;31;18;3.1242645;157.28604
2008;6;1;0;1.3225477;160.049
2008;6;1;6;1.7251927;14.781158
2008;6;1;12;4.2670255;69.627655
2008;6;1;18;4.499247;34.45038
2008;6;2;0;5.093054;12.369751
2008;6;2;6;3.479197;30.854553
2008;6;2;12;4.301832;60.65497
2008;6;2;18;4.3719864;63.31192
2008;6;3;0;3.2920237;16.168793
2008;6;3;6;7.5876355;341.68726
2008;6;3;12;3.9496665;6.8518066
2008;6;3;18;3.0244594;338.93024
2008;6;4;0;4.007961;341.56946
2008;6;4;6;6.2822585;334.70218
2008;6;4;12;2.625933;60.405853
2008;6;4;18;2.4414773;83.13571
2008;6;5;0;3.2593799;20.398682
2008;6;5;6;6.5874147;346.3755
2008;6;5;12;5.1960373;359.99838
2008;6;5;18;1.812178;79.8432
2008;6;6;0;3.9743896;5.5498962
2008;6;6;6;5.549897;354.09943
2008;6;6;12;4.4304156;15.387817
2008;6;6;18;3.8217425;30.099426
2008;6;7;0;6.268557;47.374146
2008;6;7;6;4.8343415;45.68213
2008;6;7;12;3.6497686;11.414856
2008;6;7;18;3.4975684;337.49472
2008;6;8;0;6.2705593;334.8926
2008;6;8;6;8.862347;335.3851
2008;6;8;12;5.9676027;352.56924
2008;6;8;18;3.6865618;352.82385
2008;6;9;0;6.1767135;329.77612
2008;6;9;6;6.7704425;348.841
2008;6;9;12;3.3076704;358.94794
2008;6;9;18;3.1078725;338.08716
2008;6;10;0;4.739396;325.65552
2008;6;10;6;5.1429577;315.635
2008;6;10;12;4.04234;315.88788
2008;6;10;18;4.6652684;321.5044
2008;6;11;0;6.419599;319.9074
2008;6;11;6;5.5193734;322.4273
2008;6;11;12;3.3981693;341.70493
2008;6;11;18;2.3348036;2.2792664
2008;6;12;0;5.376616;317.98294
2008;6;12;6;6.907084;320.52728
2008;6;12;12;7.3161764;330.80856
2008;6;12;18;6.053767;334.04996
2008;6;13;0;6.204767;333.73123
2008;6;13;6;6.052746;321.13358
2008;6;13;12;6.2586913;323.3261
2008;6;13;18;7.116392;326.86722
2008;6;14;0;9.256961;326.63623
2008;6;14;6;10.143144;325.9474
2008;6;14;12;12.348043;317.0793
2008;6;14;18;15.6650095;321.43042
2008;6;15;0;15.690367;336.3207
2008;6;15;6;18.150059;337.6172
2008;6;15;12;21.072523;334.15414
2008;6;15;18;17.98909;338.96982
2008;6;16;0;11.517225;345.05322
2008;6;16;6;11.109527;343.60648
2008;6;16;12;9.024385;355.8532
2008;6;16;18;4.8001385;345.65988
2008;6;17;0;8.465786;335.72186
2008;6;17;6;10.293001;333.38312
2008;6;17;12;13.217618;345.02283
2008;6;17;18;12.008165;349.64694
2008;6;18;0;9.509834;345.163
2008;6;18;6;10.268119;343.58102
2008;6;18;12;8.280041;340.00305
2008;6;18;18;7.6381783;330.6776
2008;6;19;0;8.836988;327.58777
2008;6;19;6;12.165058;323.46555
2008;6;19;12;16.143665;337.4275
2008;6;19;18;11.249727;352.31958
2008;6;20;0;7.617306;350.5934
2008;6;20;6;0.58850616;278.02173
2008;6;20;12;2.5279493;229.59926
2008;6;20;18;1.7672995;250.24612
2008;6;21;0;5.2927494;324.93207
2008;6;21;6;8.301153;328.06625
2008;6;21;12;8.234092;337.94598
2008;6;21;18;2.0860882;2.2868347
2008;6;22;0;0.5536244;284.45044
2008;6;22;6;3.2585282;21.661835
2008;6;22;12;3.8567014;10.108032
2008;6;22;18;2.6685445;343.82816
2008;6;23;0;5.894971;327.71625
2008;6;23;6;5.935291;329.03613
2008;6;23;12;3.4251404;333.38016
2008;6;23;18;2.481618;318.13834
2008;6;24;0;5.30725;314.18597
2008;6;24;6;5.9761596;324.2738
2008;6;24;12;3.4219422;328.70612
2008;6;24;18;1.3644973;339.4259
2008;6;25;0;4.761231;315.96484
2008;6;25;6;5.84569;316.7037
2008;6;25;12;4.245516;317.54742
2008;6;25;18;2.911185;309.3464
2008;6;26;0;5.949355;320.8182
2008;6;26;6;5.7765613;327.55927
2008;6;26;12;3.622364;339.08633
2008;6;26;18;3.1890128;331.60004
2008;6;27;0;5.8803687;323.26593
2008;6;27;6;3.8621302;347.01733
2008;6;27;12;0.9043055;25.846405
2008;6;27;18;3.2781277;311.25864
2008;6;28;0;4.1371865;334.13394
2008;6;28;6;5.6164484;328.46396
2008;6;28;12;2.9382405;327.85168
2008;6;28;18;1.5365816;246.65639
2008;6;29;0;6.602036;321.82193
2008;6;29;6;6.3909616;326.98413
2008;6;29;12;4.7330413;340.77795
2008;6;29;18;3.39891;325.1994
2008;6;30;0;5.996025;330.70822
2008;6;30;6;5.332541;333.15332
2008;6;30;12;4.1255927;325.36536
2008;6;30;18;4.0646415;314.29758
2008;7;1;0;4.2543454;313.38184
2008;7;1;6;3.809137;314.94995
2008;7;1;12;1.9495758;350.56128
2008;7;1;18;0.601349;63.84149
2008;7;2;0;3.5561194;330.17703
2008;7;2;6;5.271733;318.1735
2008;7;2;12;4.0908027;345.91806
2008;7;2;18;3.5068967;332.24277
2008;7;3;0;5.815666;329.91046
2008;7;3;6;5.313826;356.1624
2008;7;3;12;5.8398113;10.111969
2008;7;3;18;4.5912423;24.513123
2008;7;4;0;4.7511344;5.8596497
2008;7;4;6;4.6307154;358.8495
2008;7;4;12;3.2199254;6.4569397
2008;7;4;18;1.206158;341.85803
2008;7;5;0;1.9441494;320.01132
2008;7;5;6;3.193786;332.13828
2008;7;5;12;1.8267376;2.218933
2008;7;5;18;0.8280594;239.18794
2008;7;6;0;0.44249794;197.13913
2008;7;6;6;1.8638769;339.3414
2008;7;6;12;3.546322;348.8736
2008;7;6;18;2.2749074;310.4912
2008;7;7;0;5.4447956;325.27905
2008;7;7;6;6.591597;328.91864
2008;7;7;12;5.3742933;351.2627
2008;7;7;18;1.8292046;25.724152
2008;7;8;0;2.6504035;356.23044
2008;7;8;6;3.2469192;2.748108
2008;7;8;12;2.0283575;104.646866
2008;7;8;18;2.0991185;120.64159
2008;7;9;0;4.2941017;322.6735
2008;7;9;6;6.5235987;328.99612
2008;7;9;12;3.3363602;316.79895
2008;7;9;18;1.8129973;299.89972
2008;7;10;0;2.5335228;282.39035
2008;7;10;6;3.2975707;317.85345
2008;7;10;12;1.0246869;310.15466
2008;7;10;18;0.815411;265.58438
2008;7;11;0;3.2184982;309.46085
2008;7;11;6;5.704577;330.89224
2008;7;11;12;4.8491225;338.82224
2008;7;11;18;0.5845958;129.59532
2008;7;12;0;0.1301748;9.636475
2008;7;12;6;3.0571814;32.622498
2008;7;12;12;3.041107;110.22882
2008;7;12;18;2.0445065;40.056915
2008;7;13;0;2.5486116;333.44675
2008;7;13;6;2.6341143;328.87994
2008;7;13;12;3.6576855;310.07623
2008;7;13;18;0.66248566;5.3444214
2008;7;14;0;1.3679374;340.45657
2008;7;14;6;5.1949205;321.75198
2008;7;14;12;5.317121;330.32867
2008;7;14;18;4.545795;336.4034
2008;7;15;0;7.396153;335.24203
2008;7;15;6;5.68172;340.1167
2008;7;15;12;3.3896096;33.15274
2008;7;15;18;2.384227;54.97116
2008;7;16;0;4.8539762;334.05145
2008;7;16;6;6.093037;326.1974
2008;7;16;12;2.9004807;326.9492
2008;7;16;18;1.1293815;315.78812
2008;7;17;0;4.582457;313.32605
2008;7;17;6;5.5404367;319.84412
2008;7;17;12;2.4711635;323.10376
2008;7;17;18;1.6958741;307.81964
2008;7;18;0;6.2919717;321.408
2008;7;18;6;8.280992;332.63437
2008;7;18;12;7.0454874;335.68768
2008;7;18;18;4.2732716;333.30316
2008;7;19;0;5.9441643;320.2959
2008;7;19;6;7.348739;321.83038
2008;7;19;12;6.800228;331.13083
2008;7;19;18;4.43633;335.09415
2008;7;20;0;6.106083;328.79074
2008;7;20;6;6.738018;329.0249
2008;7;20;12;4.403433;333.90198
2008;7;20;18;5.485376;331.11148
2008;7;21;0;8.798461;332.9899
2008;7;21;6;11.0465355;332.31076
2008;7;21;12;10.588654;330.54684
2008;7;21;18;9.978384;323.9181
2008;7;22;0;14.024216;329.12268
2008;7;22;6;14.635055;332.90997
2008;7;22;12;12.753195;332.11774
2008;7;22;18;17.416014;333.577
2008;7;23;0;11.750311;353.68378
2008;7;23;6;8.155085;0.80737305
2008;7;23;12;10.738681;57.11859
2008;7;23;18;11.205778;26.48529
2008;7;24;0;9.615123;53.519226
2008;7;24;6;5.73043;21.961243
2008;7;24;12;5.970694;22.765503
2008;7;24;18;4.1750116;358.4752
2008;7;25;0;3.9252417;356.91617
2008;7;25;6;4.032203;357.2934
2008;7;25;12;2.843081;322.4267
2008;7;25;18;5.525188;329.2175
2008;7;26;0;5.534711;333.6157
2008;7;26;6;5.7518816;323.14233
2008;7;26;12;4.0137844;346.29758
2008;7;26;18;1.8039657;73.70984
2008;7;27;0;1.8796301;60.907166
2008;7;27;6;4.4945717;359.04544
2008;7;27;12;4.425641;0.449646
2008;7;27;18;3.5856075;340.70444
2008;7;28;0;3.6333039;331.56198
2008;7;28;6;4.733893;343.49277
2008;7;28;12;3.525635;3.8537598
2008;7;28;18;1.7119973;74.89972
2008;7;29;0;3.0768237;33.728455
2008;7;29;6;2.8934326;11.3064575
2008;7;29;12;1.6993458;23.021667
2008;7;29;18;2.2318602;338.75305
2008;7;30;0;5.749157;336.15625
2008;7;30;6;6.2620573;329.89578
2008;7;30;12;3.6755576;329.15704
2008;7;30;18;2.0312796;331.81268
2008;7;31;0;3.5103862;323.72833
2008;7;31;6;5.0548058;315.9106
2008;7;31;12;4.182414;321.5141
2008;7;31;18;2.747568;325.96713
2009;5;1;0;3.150932;6.937866
2009;5;1;6;6.1982226;324.2673
2009;5;1;12;5.2103477;332.50668
2009;5;1;18;2.8659935;354.0173
2009;5;2;0;4.3094354;345.76535
2009;5;2;6;4.8888144;324.18982
2009;5;2;12;1.7092068;52.87146
2009;5;2;18;2.5466642;144.97084
2009;5;3;0;1.8937383;172.18253
2009;5;3;6;3.970661;325.89984
2009;5;3;12;2.1154556;353.6209
2009;5;3;18;2.2537897;329.46332
2009;5;4;0;3.8889177;318.16553
2009;5;4;6;6.133785;327.43546
2009;5;4;12;7.333688;349.0782
2009;5;4;18;2.687839;85.12076
2009;5;5;0;2.0652606;53.0791
2009;5;5;6;2.9686956;48.449158
2009;5;5;12;2.7197752;57.56842
2009;5;5;18;3.8767903;99.42877
2009;5;6;0;2.711888;96.73563
2009;5;6;6;4.600958;62.342316
2009;5;6;12;4.908923;56.235046
2009;5;6;18;2.8662498;48.446716
2009;5;7;0;5.230573;334.73676
2009;5;7;6;3.8526602;326.0915
2009;5;7;12;3.1764321;332.01746
2009;5;7;18;3.9319646;322.14847
2009;5;8;0;6.6402087;328.31348
2009;5;8;6;6.220335;328.6786
2009;5;8;12;3.18516;102.65549
2009;5;8;18;4.9647613;132.90823
2009;5;9;0;4.1602077;131.4468
2009;5;9;6;2.6584754;151.42178
2009;5;9;12;1.4885604;170.35861
2009;5;9;18;1.002343;205.1259
2009;5;10;0;6.910314;298.6501
2009;5;10;6;7.3243027;327.573
2009;5;10;12;3.2697608;333.87988
2009;5;10;18;2.0616398;128.09569
2009;5;11;0;1.6952764;3.9888916
2009;5;11;6;5.473974;335.7253
2009;5;11;12;2.7265878;322.88684
2009;5;11;18;3.8076382;186.3836
2009;5;12;0;0.7552172;207.2603
2009;5;12;6;3.274871;49.782166
2009;5;12;12;5.3259563;23.173279
2009;5;12;18;4.268608;39.180176
2009;5;13;0;7.089108;95.136826
2009;5;13;6;9.169211;102.98796
2009;5;13;12;8.747447;99.978424
2009;5;13;18;7.003262;85.29489
2009;5;14;0;9.396646;96.48004
2009;5;14;6;9.33633;90.98436
2009;5;14;12;7.7606864;113.044846
2009;5;14;18;5.6791162;134.7088
2009;5;15;0;2.394132;125.684616
2009;5;15;6;0.8395237;58.969147
2009;5;15;12;2.558364;56.640137
2009;5;15;18;2.3866022;345.44278
2009;5;16;0;6.5066767;335.1739
2009;5;16;6;5.4763546;327.26413
2009;5;16;12;3.8295019;346.5004
2009;5;16;18;2.9694421;58.847992
2009;5;17;0;3.7951524;74.24396
2009;5;17;6;4.704914;1.9737244
2009;5;17;12;4.7141347;21.541656
2009;5;17;18;2.3604198;30.939453
2009;5;18;0;5.680433;329.5514
2009;5;18;6;5.651831;322.46588
2009;5;18;12;3.1712308;328.32422
2009;5;18;18;1.9335293;289.32864
2009;5;19;0;2.8207693;299.99927
2009;5;19;6;3.6884785;335.19934
2009;5;19;12;1.2699447;31.0914
2009;5;19;18;1.4207245;35.381042
2009;5;20;0;3.2113762;4.8618164
2009;5;20;6;3.4359093;3.9586792
2009;5;20;12;3.0731015;39.072998
2009;5;20;18;2.087754;91.4395
2009;5;21;0;0.97579116;129.49182
2009;5;21;6;2.516479;31.77066
2009;5;21;12;3.2574298;101.000824
2009;5;21;18;4.9773254;81.10809
2009;5;22;0;4.377103;57.10669
2009;5;22;6;4.3355308;48.19391
2009;5;22;12;4.532669;65.080444
2009;5;22;18;4.0085225;81.32123
2009;5;23;0;4.8277993;28.637177
2009;5;23;6;5.491578;1.19281
2009;5;23;12;6.340902;21.70343
2009;5;23;18;7.2804017;44.9823
2009;5;24;0;6.8411627;26.860596
2009;5;24;6;6.331595;24.563507
2009;5;24;12;5.4211035;12.6397705
2009;5;24;18;5.8433175;0.8069458
2009;5;25;0;3.9554808;357.7052
2009;5;25;6;6.8202944;331.84528
2009;5;25;12;1.1802574;330.4611
2009;5;25;18;2.2356145;199.20291
2009;5;26;0;3.1599112;319.28665
2009;5;26;6;6.336822;318.28943
2009;5;26;12;5.08663;336.35593
2009;5;26;18;0.39899543;69.6449
2009;5;27;0;4.924091;328.42636
2009;5;27;6;5.161366;329.59296
2009;5;27;12;2.275909;6.10141
2009;5;27;18;2.7670221;62.571167
2009;5;28;0;2.7843165;28.024658
2009;5;28;6;5.48548;343.32544
2009;5;28;12;4.4307;333.88788
2009;5;28;18;4.642705;313.78384
2009;5;29;0;6.8741937;326.77972
2009;5;29;6;9.313428;333.4349
2009;5;29;12;8.979932;346.77283
2009;5;29;18;4.003997;359.76215
2009;5;30;0;7.407619;336.25543
2009;5;30;6;8.849933;339.94672
2009;5;30;12;7.2378345;344.1421
2009;5;30;18;6.4023786;341.80533
2009;5;31;0;7.858405;329.71027
2009;5;31;6;7.9635477;325.72833
2009;5;31;12;6.6219106;326.92328
2009;5;31;18;6.69227;329.2132
2009;6;1;0;8.955566;327.72507
2009;6;1;6;8.958158;324.64136
2009;6;1;12;5.325786;323.292
2009;6;1;18;2.9654968;335.71576
2009;6;2;0;6.4747286;308.06894
2009;6;2;6;9.977151;322.00354
2009;6;2;12;10.154395;334.15125
2009;6;2;18;5.5651913;327.95953
2009;6;3;0;6.9942427;334.91486
2009;6;3;6;6.2811685;345.04077
2009;6;3;12;4.6239324;16.166351
2009;6;3;18;5.3394923;72.654205
2009;6;4;0;3.7037;96.72722
2009;6;4;6;2.9063444;30.020142
2009;6;4;12;2.9597309;42.277008
2009;6;4;18;1.1445988;89.80493
2009;6;5;0;1.7522634;345.34335
2009;6;5;6;2.8462822;320.20428
2009;6;5;12;2.3857849;325.66022
2009;6;5;18;3.0922496;345.2621
2009;6;6;0;4.9051127;323.59656
2009;6;6;6;3.682149;321.54657
2009;6;6;12;1.8222941;2.16333
2009;6;6;18;2.090229;325.2432
2009;6;7;0;4.087955;310.2957
2009;6;7;6;3.9704978;315.34427
2009;6;7;12;3.1904278;328.96942
2009;6;7;18;0.36482424;287.184
2009;6;8;0;2.3067298;335.04272
2009;6;8;6;3.579698;314.58298
2009;6;8;12;3.2274432;317.34363
2009;6;8;18;3.2101364;308.75964
2009;6;9;0;5.5418735;312.51785
2009;6;9;6;4.460335;317.08203
2009;6;9;12;0.6573275;273.29544
2009;6;9;18;0.9711341;226.18764
2009;6;10;0;8.509515;331.42126
2009;6;10;6;10.049775;343.76035
2009;6;10;12;7.4800916;340.29684
2009;6;10;18;6.5578814;335.08167
2009;6;11;0;9.680981;335.09305
2009;6;11;6;8.419627;341.45428
2009;6;11;12;2.99804;336.46042
2009;6;11;18;0.8907692;188.3428
2009;6;12;0;3.9070537;304.83173
2009;6;12;6;4.731201;319.312
2009;6;12;12;2.549807;319.95425
2009;6;12;18;1.1954477;323.38388
2009;6;13;0;4.638043;308.83502
2009;6;13;6;4.605348;319.9001
2009;6;13;12;1.9132679;335.50598
2009;6;13;18;1.2003685;124.14143
2009;6;14;0;1.2082647;316.46863
2009;6;14;6;4.1255865;338.9895
2009;6;14;12;1.9910454;353.74762
2009;6;14;18;1.3235642;68.44
2009;6;15;0;2.16627;342.52924
2009;6;15;6;4.7529936;330.38177
2009;6;15;12;2.6813638;344.50613
2009;6;15;18;1.9505396;18.349762
2009;6;16;0;1.1340401;358.8557
2009;6;16;6;5.7437963;329.21136
2009;6;16;12;3.7675214;337.93088
2009;6;16;18;2.284802;336.2263
2009;6;17;0;4.5566444;311.18484
2009;6;17;6;6.9206367;320.26846
2009;6;17;12;4.1278253;329.47775
2009;6;17;18;2.4378028;340.8777
2009;6;18;0;6.11179;332.97684
2009;6;18;6;6.0051165;335.7691
2009;6;18;12;2.3587728;34.056824
2009;6;18;18;4.638078;121.56477
2009;6;19;0;3.534553;127.64433
2009;6;19;6;2.292228;131.47508
2009;6;19;12;5.422516;119.88687
2009;6;19;18;7.2094874;106.29968
2009;6;20;0;8.095392;79.66681
2009;6;20;6;7.532013;79.38571
2009;6;20;12;6.5269804;90.88382
2009;6;20;18;6.2766433;100.58656
2009;6;21;0;3.9102986;29.5354
2009;6;21;6;6.14141;357.20642
2009;6;21;12;3.9061325;37.161896
2009;6;21;18;2.3869128;158.11826
2009;6;22;0;3.3123348;317.7378
2009;6;22;6;7.0733895;332.46967
2009;6;22;12;5.894868;345.86392
2009;6;22;18;0.83866864;17.734314
2009;6;23;0;2.9362776;312.0626
2009;6;23;6;4.84036;319.2475
2009;6;23;12;2.118151;330.35052
2009;6;23;18;1.3932241;158.27243
2009;6;24;0;1.7404631;327.44516
2009;6;24;6;5.06727;325.49536
2009;6;24;12;2.3485117;333.40515
2009;6;24;18;0.30994168;77.26614
2009;6;25;0;4.050157;321.84445
2009;6;25;6;5.4623632;316.44528
2009;6;25;12;2.9132495;314.17667
2009;6;25;18;0.389639;166.8279
2009;6;26;0;0.5836192;142.86385
2009;6;26;6;0.80594033;27.58255
2009;6;26;12;2.7554252;136.47319
2009;6;26;18;3.2215364;132.80608
2009;6;27;0;1.3176467;43.6279
2009;6;27;6;5.4265795;326.07
2009;6;27;12;4.925499;335.3893
2009;6;27;18;6.3845434;335.88776
2009;6;28;0;10.778413;337.97208
2009;6;28;6;9.958455;341.66177
2009;6;28;12;8.158205;343.43976
2009;6;28;18;6.8404346;343.00015
2009;6;29;0;7.9369273;331.19458
2009;6;29;6;7.445127;331.69208
2009;6;29;12;3.5297022;333.37454
2009;6;29;18;0.9021851;19.180908
2009;6;30;0;0.8736953;317.25198
2009;6;30;6;2.3313062;332.04346
2009;6;30;12;1.5378791;336.036
2009;6;30;18;1.9565209;152.70277
2009;7;1;0;1.6939491;187.40562
2009;7;1;6;6.250136;323.01834
2009;7;1;12;7.72788;341.12958
2009;7;1;18;4.265608;355.6762
2009;7;2;0;7.4110546;340.64322
2009;7;2;6;8.058451;329.7516
2009;7;2;12;6.0229673;335.29486
2009;7;2;18;2.054103;347.25983
2009;7;3;0;3.5307662;334.19122
2009;7;3;6;2.349444;322.61002
2009;7;3;12;0.91951466;354.54752
2009;7;3;18;1.0271688;84.350006
2009;7;4;0;1.8634064;331.2179
2009;7;4;6;2.7393267;345.55524
2009;7;4;12;2.2599413;29.302277
2009;7;4;18;1.7499245;50.483032
2009;7;5;0;3.673223;352.21564
2009;7;5;6;3.574046;13.785645
2009;7;5;12;4.4884357;39.50058
2009;7;5;18;3.7749178;50.849
2009;7;6;0;3.9682994;2.8560486
2009;7;6;6;3.7510803;71.966095
2009;7;6;12;4.1098304;15.246338
2009;7;6;18;1.9289262;358.6702
2009;7;7;0;0.8610543;44.512756
2009;7;7;6;2.3845625;0.12588501
2009;7;7;12;1.0578941;57.732788
2009;7;7;18;0.9217855;59.26355
2009;7;8;0;1.5083016;7.4642334
2009;7;8;6;1.9037942;354.40164
2009;7;8;12;2.2245023;357.52557
2009;7;8;18;1.5349464;321.21875
2009;7;9;0;3.9754417;332.95703
2009;7;9;6;3.6392314;333.80972
2009;7;9;12;3.0025;352.42508
2009;7;9;18;1.7527553;40.49646
2009;7;10;0;1.8607392;5.4861755
2009;7;10;6;3.2517323;351.43408
2009;7;10;12;2.875548;347.20505
2009;7;10;18;1.5213475;3.8785095
2009;7;11;0;2.8070872;331.9926
2009;7;11;6;3.7383497;330.05072
2009;7;11;12;2.358023;353.52972
2009;7;11;18;1.9144574;337.42078
2009;7;12;0;4.2888813;332.6142
2009;7;12;6;4.740291;318.9101
2009;7;12;12;3.9264474;319.11172
2009;7;12;18;3.6101406;308.6967
2009;7;13;0;4.6077533;321.91013
2009;7;13;6;6.5208035;337.96692
2009;7;13;12;7.6647663;342.57587
2009;7;13;18;4.2746243;349.22086
2009;7;14;0;5.7495995;332.8754
2009;7;14;6;5.802906;335.5086
2009;7;14;12;4.166287;335.6526
2009;7;14;18;3.8063493;344.27863
2009;7;15;0;4.39293;336.39618
2009;7;15;6;6.5116057;326.8559
2009;7;15;12;2.8033268;333.40475
2009;7;15;18;4.0008736;313.57104
2009;7;16;0;7.378227;322.58112
2009;7;16;6;5.2548003;329.15045
2009;7;16;12;2.5529838;334.60132
2009;7;16;18;1.6644825;358.3525
2009;7;17;0;2.8119466;345.46375
2009;7;17;6;5.9158916;325.60474
2009;7;17;12;5.645362;321.87314
2009;7;17;18;3.2816775;317.191
2009;7;18;0;4.258677;324.81085
2009;7;18;6;5.741734;316.97565
2009;7;18;12;3.9601986;320.66107
2009;7;18;18;3.4447408;324.01767
2009;7;19;0;5.6055527;327.28427
2009;7;19;6;4.8936987;327.24374
2009;7;19;12;3.8648713;336.06146
2009;7;19;18;3.200651;339.31503
2009;7;20;0;3.5210357;3.9926147
2009;7;20;6;4.3561153;345.95502
2009;7;20;12;3.7415314;340.89752
2009;7;20;18;3.6269994;322.22992
2009;7;21;0;6.1107054;319.05276
2009;7;21;6;6.251624;322.3776
2009;7;21;12;4.445718;323.15152
2009;7;21;18;2.6837416;310.961
2009;7;22;0;5.3031263;315.51126
2009;7;22;6;5.097605;326.1642
2009;7;22;12;3.9442825;326.2383
2009;7;22;18;6.1658278;333.15585
2009;7;23;0;7.064636;352.13712
2009;7;23;6;5.142857;348.90912
2009;7;23;12;3.960616;272.2518
2009;7;23;18;0.9601571;210.58484
2009;7;24;0;2.7053204;330.2493
2009;7;24;6;4.645585;354.3202
2009;7;24;12;2.0015163;70.81714
2009;7;24;18;3.6861942;111.92601
2009;7;25;0;3.4407318;333.20306
2009;7;25;6;9.003424;342.0912
2009;7;25;12;4.3856974;0.5717163
2009;7;25;18;1.8929777;335.28223
2009;7;26;0;1.7248608;327.3065
2009;7;26;6;5.1688366;317.85223
2009;7;26;12;1.0833441;144.20624
2009;7;26;18;1.8991177;202.21228
2009;7;27;0;4.951751;319.2411
2009;7;27;6;6.201137;331.2734
2009;7;27;12;5.5962205;340.48947
2009;7;27;18;3.9886045;339.9319
2009;7;28;0;6.551722;325.36823
2009;7;28;6;7.993749;334.6532
2009;7;28;12;6.0968857;327.9796
2009;7;28;18;6.1313353;316.2532
2009;7;29;0;7.7228985;330.99683
2009;7;29;6;6.5572114;334.05438
2009;7;29;12;3.802691;329.66956
2009;7;29;18;2.5306456;303.1329
2009;7;30;0;3.92921;316.21704
2009;7;30;6;5.5663095;314.86783
2009;7;30;12;3.6617076;314.17834
2009;7;30;18;0.81047636;340.31598
2009;7;31;0;3.8708358;346.2133
2009;7;31;6;5.043065;338.56296
2009;7;31;12;2.5719714;80.67667
2009;7;31;18;1.2334799;19.842926
2010;5;1;0;9.798737;329.1981
2010;5;1;6;9.76859;326.69522
2010;5;1;12;6.757376;326.39893
2010;5;1;18;4.1690116;305.3042
2010;5;2;0;2.7846882;268.5244
2010;5;2;6;2.6868172;302.60513
2010;5;2;12;1.3051457;47.562805
2010;5;2;18;2.3209963;76.56848
2010;5;3;0;3.138841;73.03662
2010;5;3;6;0.19149214;294.93643
2010;5;3;12;1.7786943;331.2111
2010;5;3;18;0.52971995;307.42987
2010;5;4;0;3.879406;330.41098
2010;5;4;6;4.389511;323.64252
2010;5;4;12;1.9645206;346.18576
2010;5;4;18;2.9361076;115.850296
2010;5;5;0;1.9111632;88.0827
2010;5;5;6;2.8390582;148.31226
2010;5;5;12;1.8174967;120.79727
2010;5;5;18;4.4723644;177.87524
2010;5;6;0;2.7106762;198.82834
2010;5;6;6;5.492408;309.54565
2010;5;6;12;9.258022;331.71982
2010;5;6;18;8.570886;330.79016
2010;5;7;0;7.993005;326.9205
2010;5;7;6;6.2526803;323.72275
2010;5;7;12;1.7742428;342.1151
2010;5;7;18;2.9884002;322.26562
2010;5;8;0;6.5557084;314.92633
2010;5;8;6;7.7831545;318.8562
2010;5;8;12;6.3157954;320.25757
2010;5;8;18;3.6175628;306.602
2010;5;9;0;0.8606637;287.46756
2010;5;9;6;5.464587;316.0606
2010;5;9;12;5.2855005;320.86282
2010;5;9;18;4.025689;325.11084
2010;5;10;0;7.2358375;323.18063
2010;5;10;6;5.7779546;328.8196
2010;5;10;12;0.87656343;137.91966
2010;5;10;18;1.7808945;4.106476
2010;5;11;0;2.235896;294.04477
2010;5;11;6;2.6568985;121.51399
2010;5;11;12;2.3993595;295.01776
2010;5;11;18;10.386142;316.1818
2010;5;12;0;16.79097;329.01028
2010;5;12;6;18.972864;326.44424
2010;5;12;12;17.302498;331.51657
2010;5;12;18;16.618708;335.1164
2010;5;13;0;18.723698;332.23322
2010;5;13;6;17.862469;334.8397
2010;5;13;12;17.465105;335.65802
2010;5;13;18;12.128628;350.18835
2010;5;14;0;11.611251;335.92358
2010;5;14;6;5.667975;327.6832
2010;5;14;12;3.7439244;0.074401855
2010;5;14;18;2.5742242;90.46945
2010;5;15;0;2.803145;343.17493
2010;5;15;6;1.8204256;17.270447
2010;5;15;12;1.8887159;282.6232
2010;5;15;18;4.89298;293.60968
2010;5;16;0;7.070802;320.52194
2010;5;16;6;5.236743;347.88986
2010;5;16;12;6.281887;354.32922
2010;5;16;18;4.0115023;6.1373596
2010;5;17;0;4.5176725;337.24835
2010;5;17;6;5.157531;321.624
2010;5;17;12;3.9381692;322.34195
2010;5;17;18;6.0803103;340.21048
2010;5;18;0;11.540487;337.41354
2010;5;18;6;13.895821;336.11987
2010;5;18;12;5.6537395;2.2627869
2010;5;18;18;1.806715;47.746033
2010;5;19;0;2.903981;351.3011
2010;5;19;6;5.6907935;317.67212
2010;5;19;12;4.5410004;329.84082
2010;5;19;18;5.5494056;327.10083
2010;5;20;0;7.897956;324.4818
2010;5;20;6;7.937824;324.92786
2010;5;20;12;3.5846553;327.88663
2010;5;20;18;2.481759;328.29666
2010;5;21;0;4.527461;315.66425
2010;5;21;6;4.511075;318.42734
2010;5;21;12;3.7137547;319.79318
2010;5;21;18;4.746879;332.15527
2010;5;22;0;5.8233075;319.61685
2010;5;22;6;5.15347;330.81775
2010;5;22;12;3.9734602;336.62885
2010;5;22;18;3.2285066;357.8816
2010;5;23;0;4.131169;353.98694
2010;5;23;6;5.1865473;344.97614
2010;5;23;12;3.280023;29.76529
2010;5;23;18;3.4306295;72.9241
2010;5;24;0;4.100799;356.10883
2010;5;24;6;5.2510877;346.74246
2010;5;24;12;3.057658;3.9300842
2010;5;24;18;4.021014;336.94162
2010;5;25;0;5.5060015;321.6164
2010;5;25;6;5.982148;321.6303
2010;5;25;12;4.372531;326.91833
2010;5;25;18;3.2433448;322.84888
2010;5;26;0;6.8553815;319.77994
2010;5;26;6;7.1671023;320.43515
2010;5;26;12;6.119029;319.8476
2010;5;26;18;5.085309;312.27728
2010;5;27;0;6.2134132;318.24176
2010;5;27;6;6.5499635;318.1662
2010;5;27;12;8.193418;328.10114
2010;5;27;18;8.5938835;339.59824
2010;5;28;0;7.9421215;339.65454
2010;5;28;6;5.563591;334.23926
2010;5;28;12;3.4889185;324.25067
2010;5;28;18;1.1702867;292.8223
2010;5;29;0;4.6862245;306.89105
2010;5;29;6;5.148308;313.54886
2010;5;29;12;2.412427;333.36273
2010;5;29;18;0.92597955;147.4754
2010;5;30;0;4.3280816;326.20874
2010;5;30;6;3.7953935;333.55472
2010;5;30;12;1.64359;0.7383423
2010;5;30;18;1.4449226;359.77985
2010;5;31;0;4.431698;325.9619
2010;5;31;6;4.695241;327.86993
2010;5;31;12;2.8743632;329.00772
2010;5;31;18;1.5653248;300.41312
2010;6;1;0;1.1461349;293.63397
2010;6;1;6;4.2109175;327.32397
2010;6;1;12;3.1641884;332.61267
2010;6;1;18;3.4208364;326.20297
2010;6;2;0;7.522679;323.4225
2010;6;2;6;8.143594;325.61493
2010;6;2;12;6.2732387;332.3609
2010;6;2;18;1.6162732;355.57526
2010;6;3;0;3.4613287;330.74884
2010;6;3;6;5.5602775;316.38776
2010;6;3;12;3.3352354;332.05408
2010;6;3;18;2.5150383;10.776276
2010;6;4;0;4.5504565;351.1694
2010;6;4;6;4.524847;13.298828
2010;6;4;12;3.7617276;20.998383
2010;6;4;18;1.5766702;65.770874
2010;6;5;0;2.7924273;353.44983
2010;6;5;6;3.3842585;55.020813
2010;6;5;12;2.1993377;9.533936
2010;6;5;18;2.7424676;342.58047
2010;6;6;0;5.0225806;324.47595
2010;6;6;6;5.1304126;324.1463
2010;6;6;12;3.115737;344.89636
2010;6;6;18;1.9929638;35.74939
2010;6;7;0;1.9301182;18.660187
2010;6;7;6;4.0556116;340.0114
2010;6;7;12;3.5700247;326.86462
2010;6;7;18;2.6156592;324.3153
2010;6;8;0;2.4651039;323.60626
2010;6;8;6;2.6421037;350.65402
2010;6;8;12;1.5888816;79.47589
2010;6;8;18;3.1694415;133.1204
2010;6;9;0;1.5671518;213.38904
2010;6;9;6;2.8694725;331.7644
2010;6;9;12;2.4219265;334.74878
2010;6;9;18;2.6975217;337.8046
2010;6;10;0;6.6669197;326.70856
2010;6;10;6;12.945815;333.58835
2010;6;10;12;13.484401;338.55353
2010;6;10;18;10.582689;347.56467
2010;6;11;0;5.886886;337.6323
2010;6;11;6;2.7989314;353.87637
2010;6;11;12;2.8084106;44.521667
2010;6;11;18;4.837092;66.89395
2010;6;12;0;4.8258533;54.766113
2010;6;12;6;5.798557;38.375305
2010;6;12;12;5.065875;76.75476
2010;6;12;18;2.5461597;57.964783
2010;6;13;0;2.7665892;22.68042
2010;6;13;6;2.7197595;103.705444
2010;6;13;12;3.489085;125.23593
2010;6;13;18;5.045736;114.630356
2010;6;14;0;5.1973324;104.09898
2010;6;14;6;4.5932937;81.6564
2010;6;14;12;5.743315;47.95691
2010;6;14;18;4.8902736;36.033173
2010;6;15;0;2.4122045;6.173767
2010;6;15;6;4.990838;129.77388
2010;6;15;12;4.9444437;118.94374
2010;6;15;18;2.235934;150.15674
2010;6;16;0;12.638029;325.36795
2010;6;16;6;14.1751795;327.13266
2010;6;16;12;15.027512;327.84756
2010;6;16;18;13.1201935;340.79324
2010;6;17;0;10.317023;351.4527
2010;6;17;6;3.1267145;54.941284
2010;6;17;12;4.543515;128.93039
2010;6;17;18;5.7982583;117.32539
2010;6;18;0;5.975996;57.252686
2010;6;18;6;5.4569244;82.28351
2010;6;18;12;6.9399023;112.861206
2010;6;18;18;7.882972;117.68205
2010;6;19;0;6.514471;96.51224
2010;6;19;6;4.520644;110.31149
2010;6;19;12;1.2994641;136.27095
2010;6;19;18;5.2920966;295.6742
2010;6;20;0;10.15268;327.50598
2010;6;20;6;10.165447;337.04965
2010;6;20;12;9.284193;343.48917
2010;6;20;18;3.9138708;0.2192688
2010;6;21;0;1.9360355;127.18347
2010;6;21;6;2.1929774;356.127
2010;6;21;12;1.8110185;36.634094
2010;6;21;18;2.325361;74.619385
2010;6;22;0;2.7082698;2.5507812
2010;6;22;6;2.7606184;359.0472
2010;6;22;12;1.8489999;37.21518
2010;6;22;18;1.7133942;38.72635
2010;6;23;0;2.8489563;319.7471
2010;6;23;6;4.7742233;330.16943
2010;6;23;12;2.005629;339.60794
2010;6;23;18;1.3773707;134.83453
2010;6;24;0;1.8490245;340.79117
2010;6;24;6;3.348668;331.30078
2010;6;24;12;1.4427005;310.27875
2010;6;24;18;1.016544;180.75117
2010;6;25;0;1.9588088;319.76486
2010;6;25;6;6.080329;325.56323
2010;6;25;12;5.948452;339.40747
2010;6;25;18;5.7019024;342.6736
2010;6;26;0;6.7790365;352.84665
2010;6;26;6;5.551431;344.0096
2010;6;26;12;2.8117425;345.97913
2010;6;26;18;1.5680028;153.25858
2010;6;27;0;1.9728947;275.86935
2010;6;27;6;4.415673;348.72046
2010;6;27;12;1.8714933;23.499207
2010;6;27;18;0.9887396;51.85565
2010;6;28;0;2.670547;331.4299
2010;6;28;6;4.7942615;314.41534
2010;6;28;12;5.6391377;336.9175
2010;6;28;18;4.284795;337.77768
2010;6;29;0;7.152495;339.3567
2010;6;29;6;7.5469737;336.21997
2010;6;29;12;4.926509;339.51254
2010;6;29;18;0.7425692;104.088974
2010;6;30;0;1.2468617;358.362
2010;6;30;6;3.939254;336.17572
2010;6;30;12;0.3770594;323.9964
2010;6;30;18;0.21965817;269.8505
2010;7;1;0;3.5108185;317.36517
2010;7;1;6;4.275709;322.59854
2010;7;1;12;2.4322999;322.76343
2010;7;1;18;3.422892;319.43887
2010;7;2;0;5.5615687;326.26523
2010;7;2;6;6.3341236;327.49036
2010;7;2;12;3.7907412;353.14252
2010;7;2;18;1.07554;287.21185
2010;7;3;0;4.8583107;326.4815
2010;7;3;6;4.7385263;313.55136
2010;7;3;12;2.8425572;37.65152
2010;7;3;18;1.6834168;288.76654
2010;7;4;0;2.922494;354.508
2010;7;4;6;5.355262;324.7079
2010;7;4;12;4.567815;331.10846
2010;7;4;18;0.6945908;323.83273
2010;7;5;0;3.786364;313.8369
2010;7;5;6;5.2964168;328.44727
2010;7;5;12;1.6014222;335.47766
2010;7;5;18;1.4776309;299.2641
2010;7;6;0;2.3337054;332.873
2010;7;6;6;5.100509;324.8546
2010;7;6;12;4.295664;324.4433
2010;7;6;18;3.0104141;305.20483
2010;7;7;0;5.5093756;330.76297
2010;7;7;6;5.996948;329.8483
2010;7;7;12;2.434381;78.160675
2010;7;7;18;1.4950371;44.192505
2010;7;8;0;5.4600043;316.79852
2010;7;8;6;8.131797;329.05173
2010;7;8;12;3.101185;11.680786
2010;7;8;18;1.3836974;2.0842896
2010;7;9;0;4.5760674;324.88943
2010;7;9;6;6.082518;320.90045
2010;7;9;12;5.3205028;326.68567
2010;7;9;18;3.388549;325.4851
2010;7;10;0;5.4233437;326.87823
2010;7;10;6;6.1578546;325.8556
2010;7;10;12;3.7133117;343.8589
2010;7;10;18;1.5839665;326.4949
2010;7;11;0;4.14124;316.1919
2010;7;11;6;6.487782;320.04898
2010;7;11;12;4.6375146;328.0672
2010;7;11;18;1.5682646;349.5141
2010;7;12;0;4.8434024;318.25897
2010;7;12;6;6.169278;320.80316
2010;7;12;12;4.9041734;325.08508
2010;7;12;18;4.528107;330.5001
2010;7;13;0;8.747295;331.13492
2010;7;13;6;10.727972;331.39136
2010;7;13;12;9.687048;334.35077
2010;7;13;18;7.41722;337.0763
2010;7;14;0;8.169452;332.2595
2010;7;14;6;8.44894;331.95187
2010;7;14;12;6.7235065;334.53308
2010;7;14;18;4.928852;327.47028
2010;7;15;0;7.364084;329.06198
2010;7;15;6;5.940607;323.67706
2010;7;15;12;3.825456;341.1849
2010;7;15;18;1.6033709;54.28424
2010;7;16;0;2.6814694;12.569702
2010;7;16;6;3.4025126;340.73557
2010;7;16;12;3.3835278;329.37616
2010;7;16;18;3.4037542;334.8139
2010;7;17;0;4.7650642;328.0351
2010;7;17;6;5.2152324;336.06476
2010;7;17;12;5.050624;326.8089
2010;7;17;18;4.9606786;320.52682
2010;7;18;0;6.8865814;316.1838
2010;7;18;6;7.0936522;320.24658
2010;7;18;12;5.6370687;331.48505
2010;7;18;18;7.4281244;336.39
2010;7;19;0;8.614726;337.05286
2010;7;19;6;6.4200835;336.8613
2010;7;19;12;2.7227101;313.7278
2010;7;19;18;4.1715474;309.17334
2010;7;20;0;7.1476417;322.28784
2010;7;20;6;8.671755;331.89243
2010;7;20;12;5.7122264;339.77368
2010;7;20;18;2.503097;84.330414
2010;7;21;0;2.3240743;178.04988
2010;7;21;6;5.9851985;314.07053
2010;7;21;12;6.1484895;317.22064
2010;7;21;18;5.3411603;322.93457
2010;7;22;0;7.15081;325.958
2010;7;22;6;6.0596867;326.934
2010;7;22;12;3.1912053;333.76364
2010;7;22;18;0.7576134;109.01431
2010;7;23;0;4.0798664;337.85
2010;7;23;6;4.558771;328.8274
2010;7;23;12;3.738683;320.6548
2010;7;23;18;4.247159;315.82343
2010;7;24;0;6.3609376;308.37253
2010;7;24;6;6.491292;319.95984
2010;7;24;12;1.9473;302.65988
2010;7;24;18;0.59341204;213.88063
2010;7;25;0;2.1757393;278.1204
2010;7;25;6;4.031761;330.60074
2010;7;25;12;0.6395839;315.12534
2010;7;25;18;1.1202168;289.36237
2010;7;26;0;1.9386128;306.4406
2010;7;26;6;2.5019886;318.48315
2010;7;26;12;1.2717321;329.3508
2010;7;26;18;3.5166085;307.47003
2010;7;27;0;6.358541;324.67728
2010;7;27;6;8.7461605;329.32538
2010;7;27;12;7.0475726;335.72668
2010;7;27;18;1.1871898;122.378265
2010;7;28;0;0.36038893;183.51512
2010;7;28;6;2.431503;108.38522
2010;7;28;12;4.3806214;125.97302
2010;7;28;18;3.3321145;121.74722
2010;7;29;0;1.7693977;36.496216
2010;7;29;6;5.191456;332.72836
2010;7;29;12;2.7685158;338.84412
2010;7;29;18;3.4076374;324.3922
2010;7;30;0;1.9063897;304.94513
2010;7;30;6;4.894305;322.31525
2010;7;30;12;0.6116566;324.9946
2010;7;30;18;1.9305243;311.1473
2010;7;31;0;2.8568726;324.68314
2010;7;31;6;4.595182;320.53064
2010;7;31;12;3.0539737;309.6624
2010;7;31;18;3.3935254;312.19485
2011;5;1;0;5.506124;331.4596
2011;5;1;6;5.9866495;327.71655
2011;5;1;12;4.227558;318.18652
2011;5;1;18;3.9254591;309.20895
2011;5;2;0;6.046429;315.99918
2011;5;2;6;7.0738907;323.2856
2011;5;2;12;6.784701;335.72604
2011;5;2;18;7.011458;343.1374
2011;5;3;0;6.498214;335.04852
2011;5;3;6;6.301096;325.0574
2011;5;3;12;4.452647;320.50696
2011;5;3;18;4.2076697;312.11884
2011;5;4;0;5.889564;315.76404
2011;5;4;6;6.112778;318.02914
2011;5;4;12;3.3686712;318.22626
2011;5;4;18;2.6270053;336.74646
2011;5;5;0;4.5349464;321.09848
2011;5;5;6;3.5484905;341.15213
2011;5;5;12;2.4100811;26.284485
2011;5;5;18;3.1004138;56.713013
2011;5;6;0;4.381237;52.162537
2011;5;6;6;4.130094;67.69803
2011;5;6;12;3.2838726;322.6209
2011;5;6;18;6.6293015;326.37796
2011;5;7;0;10.267284;333.53873
2011;5;7;6;11.119978;336.05963
2011;5;7;12;10.966135;346.47815
2011;5;7;18;6.518449;342.15198
2011;5;8;0;6.798431;331.0219
2011;5;8;6;6.516695;321.74698
2011;5;8;12;6.245605;328.27298
2011;5;8;18;4.6309004;332.1828
2011;5;9;0;6.7467265;329.18637
2011;5;9;6;6.1672053;317.58368
2011;5;9;12;5.7208223;309.1289
2011;5;9;18;7.739761;326.94275
2011;5;10;0;6.0342546;354.5727
2011;5;10;6;4.157635;327.97064
2011;5;10;12;2.9034724;348.48904
2011;5;10;18;0.87223434;97.64314
2011;5;11;0;3.3510485;322.10175
2011;5;11;6;7.6623054;325.29684
2011;5;11;12;7.084878;334.20056
2011;5;11;18;7.344946;343.6311
2011;5;12;0;6.031009;340.02042
2011;5;12;6;4.580933;342.17084
2011;5;12;12;3.17095;31.607178
2011;5;12;18;2.0238056;40.273804
2011;5;13;0;3.8676612;356.2215
2011;5;13;6;3.9316156;32.048157
2011;5;13;12;5.0597024;95.71196
2011;5;13;18;5.6585026;86.18683
2011;5;14;0;6.728214;78.46185
2011;5;14;6;5.841817;90.503174
2011;5;14;12;4.935288;45.79019
2011;5;14;18;3.0893645;66.838776
2011;5;15;0;5.5522456;20.476227
2011;5;15;6;4.487157;7.2303467
2011;5;15;12;3.9376628;48.87091
2011;5;15;18;3.8100705;63.058746
2011;5;16;0;2.0012884;19.946503
2011;5;16;6;3.7785985;300.86902
2011;5;16;12;3.5198357;314.32687
2011;5;16;18;1.1992176;92.568924
2011;5;17;0;3.5450075;4.49823
2011;5;17;6;3.5424855;343.8989
2011;5;17;12;1.7608788;328.1187
2011;5;17;18;3.0180626;238.17493
2011;5;18;0;3.9764452;316.09613
2011;5;18;6;3.500202;6.730652
2011;5;18;12;5.3879976;4.9385376
2011;5;18;18;5.9308057;14.399567
2011;5;19;0;5.758716;338.00916
2011;5;19;6;5.584501;333.14685
2011;5;19;12;1.651263;14.182312
2011;5;19;18;4.5834265;223.21834
2011;5;20;0;1.7987257;263.3979
2011;5;20;6;3.1107197;297.059
2011;5;20;12;1.6597915;348.98428
2011;5;20;18;0.97379756;91.088806
2011;5;21;0;5.6903934;3.7269287
2011;5;21;6;5.2858224;348.25238
2011;5;21;12;2.0570693;348.73267
2011;5;21;18;2.5094194;170.44264
2011;5;22;0;2.5147276;295.7108
2011;5;22;6;2.784227;307.23996
2011;5;22;12;1.5437679;86.30606
2011;5;22;18;2.7782824;134.23853
2011;5;23;0;4.522082;310.16763
2011;5;23;6;6.69807;327.9657
2011;5;23;12;6.074883;337.79462
2011;5;23;18;6.0521607;339.83182
2011;5;24;0;8.540643;336.33124
2011;5;24;6;9.477489;330.74915
2011;5;24;12;8.159172;336.4518
2011;5;24;18;3.1740062;351.48773
2011;5;25;0;4.369163;335.89026
2011;5;25;6;2.7542586;8.087341
2011;5;25;12;3.755242;93.303406
2011;5;25;18;4.466682;88.12775
2011;5;26;0;4.6690702;69.73782
2011;5;26;6;4.2574954;60.718445
2011;5;26;12;4.130441;58.892517
2011;5;26;18;2.6499143;9.24295
2011;5;27;0;6.7017765;328.7776
2011;5;27;6;8.404074;330.54355
2011;5;27;12;9.918521;341.90414
2011;5;27;18;10.470189;345.59418
2011;5;28;0;10.233297;347.60278
2011;5;28;6;7.4535913;338.66888
2011;5;28;12;5.005262;342.95035
2011;5;28;18;3.6686926;339.76782
2011;5;29;0;6.3842907;330.47534
2011;5;29;6;5.95558;325.00912
2011;5;29;12;2.5275064;312.30725
2011;5;29;18;2.196813;261.241
2011;5;30;0;4.953203;303.9571
2011;5;30;6;5.2698693;303.20245
2011;5;30;12;1.708602;267.1078
2011;5;30;18;2.6612172;171.91759
2011;5;31;0;1.0745708;285.2449
2011;5;31;6;4.464427;324.02542
2011;5;31;12;1.7633597;332.9257
2011;5;31;18;0.15870158;322.66406
2011;6;1;0;4.1994286;318.3
2011;6;1;6;5.5794;318.21112
2011;6;1;12;3.7251155;332.83435
2011;6;1;18;1.5800732;343.48523
2011;6;2;0;4.8528886;321.88596
2011;6;2;6;6.86399;323.45547
2011;6;2;12;7.110119;332.7579
2011;6;2;18;9.195529;334.0937
2011;6;3;0;12.41028;332.50412
2011;6;3;6;13.762391;334.17084
2011;6;3;12;14.155465;337.1967
2011;6;3;18;13.203064;339.7807
2011;6;4;0;12.395783;332.21747
2011;6;4;6;12.375588;321.42892
2011;6;4;12;12.804428;315.94702
2011;6;4;18;16.441153;305.70346
2011;6;5;0;16.776562;325.6503
2011;6;5;6;18.79907;343.14124
2011;6;5;12;16.254028;341.5217
2011;6;5;18;14.042164;337.9584
2011;6;6;0;13.212526;343.39157
2011;6;6;6;8.052801;335.70206
2011;6;6;12;6.624523;343.0265
2011;6;6;18;3.8713148;349.6418
2011;6;7;0;6.931114;337.8266
2011;6;7;6;7.1701784;330.50555
2011;6;7;12;6.803793;341.25232
2011;6;7;18;2.5980098;8.079834
2011;6;8;0;2.693937;326.9065
2011;6;8;6;5.781844;326.0709
2011;6;8;12;4.387046;344.01965
2011;6;8;18;1.3925581;333.30527
2011;6;9;0;6.284336;344.5656
2011;6;9;6;5.928915;334.82996
2011;6;9;12;5.0348096;339.81497
2011;6;9;18;3.3626902;353.80518
2011;6;10;0;5.482156;332.28427
2011;6;10;6;7.210538;329.109
2011;6;10;12;3.9879282;352.09692
2011;6;10;18;1.8810129;215.10632
2011;6;11;0;5.9037967;321.8014
2011;6;11;6;5.8490634;325.39917
2011;6;11;12;3.7649004;323.21994
2011;6;11;18;0.8832687;5.932129
2011;6;12;0;3.5780723;308.76193
2011;6;12;6;5.321728;323.92172
2011;6;12;12;3.0654788;335.53125
2011;6;12;18;3.2314084;331.90558
2011;6;13;0;3.5324483;337.5089
2011;6;13;6;3.8787644;350.16302
2011;6;13;12;3.6965733;334.7014
2011;6;13;18;3.9659197;18.306244
2011;6;14;0;4.33119;347.93484
2011;6;14;6;3.285503;335.1244
2011;6;14;12;3.1808603;346.0662
2011;6;14;18;2.6266854;207.68408
2011;6;15;0;1.7230716;236.0653
2011;6;15;6;3.9794955;342.84683
2011;6;15;12;5.4524283;336.0771
2011;6;15;18;1.4277524;17.078278
2011;6;16;0;5.316353;320.22284
2011;6;16;6;6.558895;341.66785
2011;6;16;12;3.5643613;8.595245
2011;6;16;18;1.7443002;122.43001
2011;6;17;0;2.0639503;330.98993
2011;6;17;6;3.4653108;332.2015
2011;6;17;12;1.6721781;32.187927
2011;6;17;18;1.2890804;86.964325
2011;6;18;0;4.6130276;319.73953
2011;6;18;6;5.384528;319.87625
2011;6;18;12;4.9663343;321.47946
2011;6;18;18;2.7337945;325.59235
2011;6;19;0;5.42796;320.18182
2011;6;19;6;6.257138;325.08948
2011;6;19;12;3.937315;330.1932
2011;6;19;18;1.4131001;343.87286
2011;6;20;0;5.2615194;314.13138
2011;6;20;6;6.2658496;318.9047
2011;6;20;12;5.194461;334.83893
2011;6;20;18;3.5224247;349.06232
2011;6;21;0;6.446827;333.45135
2011;6;21;6;7.193604;336.35046
2011;6;21;12;7.150433;347.2077
2011;6;21;18;3.707351;0.70147705
2011;6;22;0;5.8848944;334.92752
2011;6;22;6;6.34021;329.13428
2011;6;22;12;5.200547;342.46118
2011;6;22;18;2.8788354;332.2874
2011;6;23;0;5.904139;324.8724
2011;6;23;6;6.8560624;329.12988
2011;6;23;12;4.7396145;340.62576
2011;6;23;18;1.4577148;4.01947
2011;6;24;0;4.7476597;325.2887
2011;6;24;6;5.7267056;325.33087
2011;6;24;12;3.3424213;325.55133
2011;6;24;18;2.0881886;337.3857
2011;6;25;0;3.1970863;331.06116
2011;6;25;6;5.730618;323.01526
2011;6;25;12;3.8682046;325.87082
2011;6;25;18;2.6040683;317.07947
2011;6;26;0;6.4455886;318.15314
2011;6;26;6;5.7161927;320.8746
2011;6;26;12;3.9128044;328.51627
2011;6;26;18;0.34468925;55.881714
2011;6;27;0;4.4035187;318.1159
2011;6;27;6;6.0286436;316.65366
2011;6;27;12;3.2687833;332.76254
2011;6;27;18;1.3440784;330.71872
2011;6;28;0;4.585225;314.09097
2011;6;28;6;5.5619597;319.43704
2011;6;28;12;4.089664;318.49976
2011;6;28;18;3.3622043;313.7217
2011;6;29;0;4.219728;313.66595
2011;6;29;6;5.1136365;319.3736
2011;6;29;12;3.6161885;325.32355
2011;6;29;18;2.0138083;318.62903
2011;6;30;0;4.935796;311.2179
2011;6;30;6;6.6752167;320.822
2011;6;30;12;6.06857;334.78012
2011;6;30;18;2.0646157;11.153046
2011;7;1;0;2.6309247;345.5108
2011;7;1;6;4.8713794;330.0138
2011;7;1;12;3.9149575;334.70078
2011;7;1;18;3.4527757;317.4098
2011;7;2;0;6.4398327;315.75757
2011;7;2;6;6.1945143;319.1222
2011;7;2;12;4.6895766;330.47363
2011;7;2;18;3.2030425;321.57294
2011;7;3;0;5.143605;319.81396
2011;7;3;6;6.328905;327.2799
2011;7;3;12;6.3011894;330.48395
2011;7;3;18;3.4929578;336.74396
2011;7;4;0;3.977788;18.026245
2011;7;4;6;4.2553577;345.7341
2011;7;4;12;4.070348;325.37903
2011;7;4;18;2.1362684;303.32602
2011;7;5;0;5.435635;308.7544
2011;7;5;6;6.833996;328.47333
2011;7;5;12;6.535331;339.3954
2011;7;5;18;2.8614078;344.6516
2011;7;6;0;3.3599055;309.5838
2011;7;6;6;5.349187;313.75037
2011;7;6;12;3.3353326;314.31992
2011;7;6;18;2.6808403;331.4031
2011;7;7;0;4.999187;335.4101
2011;7;7;6;5.455826;333.28244
2011;7;7;12;4.4723873;338.9198
2011;7;7;18;2.3783278;326.1002
2011;7;8;0;3.7157032;340.31732
2011;7;8;6;2.3338947;348.35742
2011;7;8;12;1.5391419;343.67377
2011;7;8;18;1.5670223;201.25224
2011;7;9;0;1.0928391;301.66504
2011;7;9;6;4.7715497;322.89975
2011;7;9;12;3.8133109;328.21918
2011;7;9;18;1.13526;315.1964
2011;7;10;0;4.013736;318.12357
2011;7;10;6;5.547514;318.21744
2011;7;10;12;3.0375285;332.6763
2011;7;10;18;0.66180253;273.66965
2011;7;11;0;2.0298553;331.61642
2011;7;11;6;4.813859;326.40714
2011;7;11;12;2.8822093;326.52878
2011;7;11;18;0.58143204;302.49823
2011;7;12;0;1.7304409;343.76215
2011;7;12;6;2.3825514;33.777496
2011;7;12;12;2.2995262;51.748962
2011;7;12;18;1.9388416;42.148346
2011;7;13;0;2.5280616;2.9448853
2011;7;13;6;2.8672087;352.93054
2011;7;13;12;2.2131922;326.64328
2011;7;13;18;0.82840556;286.29904
2011;7;14;0;1.9172752;322.68753
2011;7;14;6;2.7327325;330.70325
2011;7;14;12;0.9561811;313.67792
2011;7;14;18;1.5917555;296.87793
2011;7;15;0;3.5220945;317.9962
2011;7;15;6;6.3284154;329.43878
2011;7;15;12;5.9358196;328.31415
2011;7;15;18;3.6735187;322.91547
2011;7;16;0;7.537246;326.0762
2011;7;16;6;7.110566;325.86984
2011;7;16;12;0.80794483;303.4702
2011;7;16;18;2.834954;128.4353
2011;7;17;0;2.3323658;87.16516
2011;7;17;6;3.582617;2.1203613
2011;7;17;12;1.7277347;328.8741
2011;7;17;18;1.4716457;255.22322
2011;7;18;0;3.5975134;291.32675
2011;7;18;6;3.9299276;326.80603
2011;7;18;12;1.3223271;313.8118
2011;7;18;18;1.1031961;221.53114
2011;7;19;0;3.0421631;316.9169
2011;7;19;6;3.9891481;322.1013
2011;7;19;12;1.8236641;67.72244
2011;7;19;18;2.9352746;132.51202
2011;7;20;0;1.7679073;299.82104
2011;7;20;6;4.0597825;322.49255
2011;7;20;12;5.0963845;338.76617
2011;7;20;18;1.8407954;309.82178
2011;7;21;0;0.95091355;5.553467
2011;7;21;6;3.2273228;342.13327
2011;7;21;12;1.7571902;23.61139
2011;7;21;18;1.693413;139.63824
2011;7;22;0;1.5237814;23.912537
2011;7;22;6;2.2657785;41.801575
2011;7;22;12;2.9701257;76.10828
2011;7;22;18;3.5446734;81.49695
2011;7;23;0;3.5617723;59.832672
2011;7;23;6;6.0425806;70.938354
2011;7;23;12;7.4600434;68.63806
2011;7;23;18;9.318997;84.83609
2011;7;24;0;8.516144;80.714966
2011;7;24;6;8.401605;86.1951
2011;7;24;12;8.899738;94.32669
2011;7;24;18;6.77748;128.49529
2011;7;25;0;3.8332353;132.3766
2011;7;25;6;2.6460886;112.83072
2011;7;25;12;2.9524376;103.81142
2011;7;25;18;2.79272;78.77942
2011;7;26;0;2.905711;6.20636
2011;7;26;6;3.4700851;16.134338
2011;7;26;12;3.304132;27.687653
2011;7;26;18;1.0739754;359.92633
2011;7;27;0;3.1468945;22.786743
2011;7;27;6;3.1258056;349.42377
2011;7;27;12;3.6182683;355.11536
2011;7;27;18;0.8055257;193.87854
2011;7;28;0;0.71979815;189.06125
2011;7;28;6;1.8616623;275.07687
2011;7;28;12;3.3093345;355.1424
2011;7;28;18;2.7121274;8.834808
2011;7;29;0;9.984611;342.02115
2011;7;29;6;13.369917;343.23593
2011;7;29;12;11.508136;346.00308
2011;7;29;18;10.490877;354.118
2011;7;30;0;11.001863;350.13986
2011;7;30;6;9.746243;349.67023
2011;7;30;12;8.815894;350.33923
2011;7;30;18;5.344743;358.104
2011;7;31;0;6.40908;345.50003
2011;7;31;6;5.5464406;346.57935
2011;7;31;12;3.1785295;344.11896
2011;7;31;18;2.1353722;289.8818
2012;5;1;0;11.278649;319.0106
2012;5;1;6;9.401927;334.03397
2012;5;1;12;9.343438;351.7694
2012;5;1;18;3.3397312;102.96614
2012;5;2;0;3.4844208;5.4556885
2012;5;2;6;7.287336;327.25626
2012;5;2;12;8.083601;336.26727
2012;5;2;18;10.541092;343.58508
2012;5;3;0;9.374159;345.77695
2012;5;3;6;6.6661196;337.38934
2012;5;3;12;3.812852;339.14813
2012;5;3;18;3.6602597;341.71994
2012;5;4;0;6.6701126;317.87195
2012;5;4;6;9.64277;325.4974
2012;5;4;12;12.31773;336.29712
2012;5;4;18;12.113064;341.4273
2012;5;5;0;9.758517;337.9924
2012;5;5;6;8.3042755;328.22293
2012;5;5;12;6.9982595;333.1995
2012;5;5;18;7.618133;331.31598
2012;5;6;0;11.85322;334.66754
2012;5;6;6;13.352612;340.2505
2012;5;6;12;12.657006;340.01624
2012;5;6;18;10.262501;344.1486
2012;5;7;0;11.536577;343.5558
2012;5;7;6;12.418253;346.36206
2012;5;7;12;10.678943;349.43982
2012;5;7;18;8.012547;348.15347
2012;5;8;0;9.895002;334.91092
2012;5;8;6;11.124834;343.22488
2012;5;8;12;7.1991577;346.75284
2012;5;8;18;4.887011;342.26407
2012;5;9;0;7.4445763;325.84796
2012;5;9;6;8.936608;325.9209
2012;5;9;12;9.707489;338.76807
2012;5;9;18;6.406078;348.50323
2012;5;10;0;5.7859206;344.19617
2012;5;10;6;3.0726836;1.6636658
2012;5;10;12;1.6035523;28.285583
2012;5;10;18;1.6434841;327.4581
2012;5;11;0;5.9391084;326.91147
2012;5;11;6;2.5477128;348.8686
2012;5;11;12;2.8480384;102.258865
2012;5;11;18;2.5515318;114.10091
2012;5;12;0;2.7760758;340.3423
2012;5;12;6;4.6169634;335.08228
2012;5;12;12;5.0572133;345.97308
2012;5;12;18;3.8463979;340.8825
2012;5;13;0;12.8194065;347.3796
2012;5;13;6;13.878178;350.84875
2012;5;13;12;13.486784;345.60938
2012;5;13;18;13.131094;343.40588
2012;5;14;0;11.821362;350.2389
2012;5;14;6;11.203478;344.61517
2012;5;14;12;7.893383;349.0687
2012;5;14;18;1.3539143;72.05298
2012;5;15;0;1.0703534;258.64288
2012;5;15;6;3.6189983;322.85254
2012;5;15;12;0.8699439;11.105774
2012;5;15;18;0.5927935;98.43291
2012;5;16;0;3.2627501;295.9155
2012;5;16;6;4.5450153;313.75195
2012;5;16;12;1.8414519;321.47226
2012;5;16;18;1.7658834;108.41733
2012;5;17;0;2.816095;343.20764
2012;5;17;6;3.6079876;341.13092
2012;5;17;12;1.2314792;12.940399
2012;5;17;18;5.5403194;121.990555
2012;5;18;0;3.8679338;78.28845
2012;5;18;6;2.966055;353.71637
2012;5;18;12;3.2887497;329.09235
2012;5;18;18;0.96888274;323.38312
2012;5;19;0;4.030366;311.33093
2012;5;19;6;4.2005343;332.0897
2012;5;19;12;2.4080646;342.94022
2012;5;19;18;0.4876755;353.14212
2012;5;20;0;4.813499;319.44034
2012;5;20;6;5.545647;319.21042
2012;5;20;12;2.948242;333.66223
2012;5;20;18;1.2541188;47.179565
2012;5;21;0;4.40887;329.31924
2012;5;21;6;4.576846;326.48877
2012;5;21;12;3.573106;334.28632
2012;5;21;18;1.8963544;343.3931
2012;5;22;0;4.9720664;319.00323
2012;5;22;6;5.831941;318.28384
2012;5;22;12;3.522108;326.62375
2012;5;22;18;1.0753299;322.75992
2012;5;23;0;3.9382987;324.95795
2012;5;23;6;1.0124465;354.34967
2012;5;23;12;2.59088;121.93971
2012;5;23;18;1.8233472;95.72705
2012;5;24;0;2.6483858;8.159973
2012;5;24;6;3.473917;345.3009
2012;5;24;12;2.3486485;68.13733
2012;5;24;18;2.8515286;124.572754
2012;5;25;0;2.531664;80.52484
2012;5;25;6;1.3757662;141.26399
2012;5;25;12;4.2062798;172.22958
2012;5;25;18;3.24902;197.38585
2012;5;26;0;5.640022;326.41943
2012;5;26;6;5.879652;322.8836
2012;5;26;12;7.455772;325.65906
2012;5;26;18;8.396296;330.23447
2012;5;27;0;7.075412;340.07306
2012;5;27;6;4.212893;322.87772
2012;5;27;12;2.1165257;110.77994
2012;5;27;18;1.3746662;91.2316
2012;5;28;0;6.1023364;320.44965
2012;5;28;6;9.411441;317.97028
2012;5;28;12;8.988229;319.6289
2012;5;28;18;8.650439;321.23627
2012;5;29;0;8.209083;324.4293
2012;5;29;6;7.7323923;322.30457
2012;5;29;12;8.527406;332.6727
2012;5;29;18;5.965214;344.4601
2012;5;30;0;5.273634;328.93768
2012;5;30;6;6.578344;318.12
2012;5;30;12;4.9471684;331.0135
2012;5;30;18;2.6140203;343.0195
2012;5;31;0;2.1078885;7.880432
2012;5;31;6;6.037403;311.69806
2012;5;31;12;8.979891;336.40427
2012;5;31;18;4.8336806;348.00122
2012;6;1;0;6.4868655;330.0555
2012;6;1;6;5.597646;329.34613
2012;6;1;12;3.8942397;332.6779
2012;6;1;18;2.8371127;343.87784
2012;6;2;0;4.9988847;329.90787
2012;6;2;6;5.790334;322.93042
2012;6;2;12;5.6171026;330.13458
2012;6;2;18;3.688707;332.0534
2012;6;3;0;5.9346495;314.83078
2012;6;3;6;8.300137;321.24738
2012;6;3;12;7.0543714;337.4316
2012;6;3;18;3.3326392;351.86206
2012;6;4;0;4.93111;325.01263
2012;6;4;6;6.12891;312.2874
2012;6;4;12;4.091052;323.29428
2012;6;4;18;0.7851903;358.00153
2012;6;5;0;4.5837264;327.64136
2012;6;5;6;4.99093;324.54025
2012;6;5;12;3.927099;309.03314
2012;6;5;18;3.4097424;300.34317
2012;6;6;0;6.3355823;327.63217
2012;6;6;6;6.6712785;334.4345
2012;6;6;12;4.118282;350.77054
2012;6;6;18;1.1734271;61.756256
2012;6;7;0;2.6857138;340.00302
2012;6;7;6;2.3026924;357.42242
2012;6;7;12;0.81159717;85.51898
2012;6;7;18;1.869573;118.39632
2012;6;8;0;3.2554522;330.148
2012;6;8;6;3.699891;354.13242
2012;6;8;12;3.398844;0.34381104
2012;6;8;18;2.032338;355.9759
2012;6;9;0;3.3116322;323.90576
2012;6;9;6;5.4436736;327.57364
2012;6;9;12;4.059388;343.11514
2012;6;9;18;2.1175077;350.0841
2012;6;10;0;4.090604;340.58908
2012;6;10;6;5.216492;333.72684
2012;6;10;12;3.4681208;339.97375
2012;6;10;18;2.710954;329.2871
2012;6;11;0;4.918389;319.69373
2012;6;11;6;6.1288137;324.13876
2012;6;11;12;4.1006665;331.01645
2012;6;11;18;1.8329107;3.1185303
2012;6;12;0;2.9976954;343.0133
2012;6;12;6;5.5072536;320.544
2012;6;12;12;4.689073;327.65952
2012;6;12;18;2.1942315;332.02057
2012;6;13;0;6.0336237;318.6364
2012;6;13;6;8.113822;330.64783
2012;6;13;12;9.4325905;340.5453
2012;6;13;18;9.042245;345.01834
2012;6;14;0;10.519732;336.97998
2012;6;14;6;9.61643;342.2554
2012;6;14;12;5.4775305;341.0405
2012;6;14;18;4.3222404;330.436
2012;6;15;0;8.01833;330.81302
2012;6;15;6;10.635439;335.69186
2012;6;15;12;11.726142;341.85956
2012;6;15;18;9.879066;356.2666
2012;6;16;0;6.1978173;0.19927979
2012;6;16;6;5.262004;314.87677
2012;6;16;12;6.0729914;343.748
2012;6;16;18;5.9346757;350.5419
2012;6;17;0;6.5889816;345.5031
2012;6;17;6;4.8872175;349.6167
2012;6;17;12;5.407103;348.00687
2012;6;17;18;1.6124927;6.3605957
2012;6;18;0;6.388307;338.16043
2012;6;18;6;7.885901;341.022
2012;6;18;12;4.5563354;355.87122
2012;6;18;18;1.6693342;11.49646
2012;6;19;0;5.557859;317.1865
2012;6;19;6;6.8469744;330.5461
2012;6;19;12;5.636981;348.9995
2012;6;19;18;4.3898373;330.9162
2012;6;20;0;7.6790056;335.59656
2012;6;20;6;8.292917;340.59808
2012;6;20;12;4.6564317;343.40207
2012;6;20;18;3.4773996;328.08737
2012;6;21;0;6.4914727;333.65604
2012;6;21;6;8.541324;333.18417
2012;6;21;12;9.389763;342.7434
2012;6;21;18;7.8185205;349.74173
2012;6;22;0;11.614645;346.0099
2012;6;22;6;10.94388;344.66687
2012;6;22;12;9.594842;348.9956
2012;6;22;18;3.6801827;338.49146
2012;6;23;0;4.863188;322.48453
2012;6;23;6;6.9957366;340.09363
2012;6;23;12;9.09481;355.22168
2012;6;23;18;11.087322;347.62415
2012;6;24;0;9.919116;350.1541
2012;6;24;6;7.7865434;344.7788
2012;6;24;12;5.7629304;345.61273
2012;6;24;18;3.9244835;347.71844
2012;6;25;0;7.1766276;336.24335
2012;6;25;6;8.846011;336.2437
2012;6;25;12;8.232569;341.64114
2012;6;25;18;8.690595;342.6158
2012;6;26;0;10.397691;343.80835
2012;6;26;6;9.458982;348.48434
2012;6;26;12;7.3572583;348.71896
2012;6;26;18;7.2625356;341.08118
2012;6;27;0;8.100238;339.15445
2012;6;27;6;6.9842796;331.02603
2012;6;27;12;5.88364;344.38147
2012;6;27;18;3.7859483;344.97253
2012;6;28;0;6.199522;341.00775
2012;6;28;6;10.326636;339.15225
2012;6;28;12;10.809336;344.891
2012;6;28;18;4.135542;343.49576
2012;6;29;0;5.2165594;320.09103
2012;6;29;6;4.1186733;319.79044
2012;6;29;12;1.7078763;329.60812
2012;6;29;18;1.193814;165.14935
2012;6;30;0;3.989932;306.22217
2012;6;30;6;5.8276415;322.01947
2012;6;30;12;4.652874;319.00528
2012;6;30;18;2.1927645;314.91968
2012;7;1;0;4.393963;284.36978
2012;7;1;6;5.5726376;316.74542
2012;7;1;12;6.002684;342.12756
2012;7;1;18;5.9013486;342.59973
2012;7;2;0;5.6943326;339.09122
2012;7;2;6;7.237327;343.07422
2012;7;2;12;4.468652;347.0253
2012;7;2;18;0.6308062;227.74863
2012;7;3;0;2.8175638;275.48788
2012;7;3;6;3.0936828;308.84012
2012;7;3;12;3.7337542;336.87918
2012;7;3;18;0.35543093;283.41205
2012;7;4;0;2.4181175;333.39102
2012;7;4;6;3.018514;350.4701
2012;7;4;12;1.5381047;39.19464
2012;7;4;18;1.5059685;55.214233
2012;7;5;0;2.6679132;334.26202
2012;7;5;6;4.958858;325.90167
2012;7;5;12;2.641529;309.92004
2012;7;5;18;2.0765364;291.59573
2012;7;6;0;2.1815479;312.90027
2012;7;6;6;2.0067043;303.20142
2012;7;6;12;1.207482;272.2134
2012;7;6;18;1.1936959;257.4964
2012;7;7;0;2.1536162;277.0421
2012;7;7;6;2.689169;279.90204
2012;7;7;12;3.5313323;293.6649
2012;7;7;18;6.3773084;327.8037
2012;7;8;0;10.177339;333.92386
2012;7;8;6;11.697908;344.5373
2012;7;8;12;6.266292;337.70364
2012;7;8;18;4.25529;238.97635
2012;7;9;0;4.511882;269.4279
2012;7;9;6;1.5375143;301.32416
2012;7;9;12;2.345381;263.36267
2012;7;9;18;2.6575747;239.63853
2012;7;10;0;3.8207211;294.3984
2012;7;10;6;5.0832276;322.55243
2012;7;10;12;3.1180418;309.64322
2012;7;10;18;1.42921;153.79758
2012;7;11;0;3.423018;306.48444
2012;7;11;6;4.2246056;327.7345
2012;7;11;12;2.0690236;349.3351
2012;7;11;18;0.82623386;243.05722
2012;7;12;0;3.0933495;320.45242
2012;7;12;6;4.92018;322.3415
2012;7;12;12;2.714736;329.1752
2012;7;12;18;0.8042885;278.79767
2012;7;13;0;1.8418393;310.82822
2012;7;13;6;5.390594;331.08264
2012;7;13;12;3.8219848;340.5144
2012;7;13;18;3.0275514;329.5188
2012;7;14;0;5.6495113;325.15445
2012;7;14;6;6.4113584;325.62946
2012;7;14;12;4.754766;329.26212
2012;7;14;18;1.7999974;332.48865
2012;7;15;0;5.222865;321.62628
2012;7;15;6;7.0009203;320.20892
2012;7;15;12;5.7248583;324.68527
2012;7;15;18;2.4654171;299.73932
2012;7;16;0;4.541853;306.01093
2012;7;16;6;6.450318;315.71384
2012;7;16;12;5.880165;317.06564
2012;7;16;18;3.9737997;309.63724
2012;7;17;0;5.5334578;315.04248
2012;7;17;6;6.473314;321.64026
2012;7;17;12;5.0033417;330.5937
2012;7;17;18;1.8625567;330.10156
2012;7;18;0;5.6493306;322.764
2012;7;18;6;6.8392606;330.45053
2012;7;18;12;5.572446;335.46768
2012;7;18;18;1.7669396;310.79626
2012;7;19;0;3.5580409;305.74533
2012;7;19;6;5.544763;317.63162
2012;7;19;12;4.339274;331.6882
2012;7;19;18;0.22588226;321.23465
2012;7;20;0;2.2004218;343.11
2012;7;20;6;2.7804286;356.20535
2012;7;20;12;1.0267884;103.4167
2012;7;20;18;2.8348854;115.17746
2012;7;21;0;2.1804166;118.85901
2012;7;21;6;2.9702632;36.404663
2012;7;21;12;3.0557365;31.781464
2012;7;21;18;3.190254;347.80792
2012;7;22;0;6.0202823;328.0284
2012;7;22;6;6.8053136;331.27808
2012;7;22;12;5.1014447;346.41455
2012;7;22;18;3.9682858;320.9687
2012;7;23;0;6.7917686;347.14233
2012;7;23;6;9.371988;338.12012
2012;7;23;12;6.394488;344.77567
2012;7;23;18;1.8796874;352.64822
2012;7;24;0;4.5417137;339.04617
2012;7;24;6;4.887826;339.4539
2012;7;24;12;3.0451722;2.7615967
2012;7;24;18;1.9364939;330.42413
2012;7;25;0;5.3027334;309.9367
2012;7;25;6;9.045669;328.36993
2012;7;25;12;9.438888;333.68488
2012;7;25;18;11.537255;335.09003
2012;7;26;0;11.722459;336.98193
2012;7;26;6;12.28927;336.0299
2012;7;26;12;10.263865;338.08707
2012;7;26;18;8.477434;340.71677
2012;7;27;0;6.2230296;334.89886
2012;7;27;6;4.8737345;320.7035
2012;7;27;12;2.425916;314.21802
2012;7;27;18;1.5942298;241.95885
2012;7;28;0;0.61960137;339.938
2012;7;28;6;1.978673;323.30072
2012;7;28;12;3.3813014;328.44754
2012;7;28;18;3.1074684;306.7671
2012;7;29;0;3.9020422;306.7769
2012;7;29;6;5.026757;318.9995
2012;7;29;12;3.6076043;338.21045
2012;7;29;18;3.358118;125.99031
2012;7;30;0;3.4305875;81.300354
2012;7;30;6;3.3557627;118.30644
2012;7;30;12;2.7169998;355.67615
2012;7;30;18;3.0611162;316.31244
2012;7;31;0;4.917245;321.85815
2012;7;31;6;4.352875;318.4499
2012;7;31;12;3.106558;322.64056
2012;7;31;18;3.1579518;315.0306
2013;5;1;0;15.483463;345.59924
2013;5;1;6;13.425658;351.66827
2013;5;1;12;12.189857;337.1256
2013;5;1;18;13.531234;328.92172
2013;5;2;0;16.695646;318.66498
2013;5;2;6;16.437216;321.00262
2013;5;2;12;9.142169;339.64447
2013;5;2;18;3.4794884;294.69843
2013;5;3;0;6.99743;303.65985
2013;5;3;6;17.458248;332.14078
2013;5;3;12;16.571518;331.7317
2013;5;3;18;19.072704;333.84
2013;5;4;0;22.577;346.32452
2013;5;4;6;16.330791;336.9123
2013;5;4;12;11.214368;330.9196
2013;5;4;18;3.0494924;336.15704
2013;5;5;0;4.1161575;345.54956
2013;5;5;6;1.4750772;353.29102
2013;5;5;12;2.2261305;342.15884
2013;5;5;18;3.1071963;127.69496
2013;5;6;0;1.178489;127.48117
2013;5;6;6;3.2789216;353.29147
2013;5;6;12;1.6431541;256.10492
2013;5;6;18;3.121276;205.77771
2013;5;7;0;3.0754359;189.41324
2013;5;7;6;3.7475176;162.50839
2013;5;7;12;5.241306;158.17474
2013;5;7;18;5.28958;137.33412
2013;5;8;0;4.3028154;123.013626
2013;5;8;6;4.538802;130.43813
2013;5;8;12;6.2669873;143.80972
2013;5;8;18;5.485954;131.18527
2013;5;9;0;4.9805856;124.48224
2013;5;9;6;3.1857324;101.04411
2013;5;9;12;6.0913177;111.76724
2013;5;9;18;6.295801;89.01178
2013;5;10;0;5.445543;62.62195
2013;5;10;6;5.0550356;53.436676
2013;5;10;12;4.337125;17.122498
2013;5;10;18;1.7078106;68.31955
2013;5;11;0;2.9776645;351.18277
2013;5;11;6;4.1702104;354.48834
2013;5;11;12;4.944696;17.151855
2013;5;11;18;4.1127243;45.832092
2013;5;12;0;6.7490034;357.37872
2013;5;12;6;6.6966047;352.44595
2013;5;12;12;7.2985096;11.250305
2013;5;12;18;1.4234965;307.80103
2013;5;13;0;2.8463178;33.171356
2013;5;13;6;3.8666801;263.38812
2013;5;13;12;2.1330276;351.18353
2013;5;13;18;2.8434384;218.42972
2013;5;14;0;0.5637665;253.63889
2013;5;14;6;3.858252;146.37723
2013;5;14;12;7.1872087;151.31305
2013;5;14;18;6.5760474;160.83249
2013;5;15;0;2.571553;164.38501
2013;5;15;6;4.217356;313.28796
2013;5;15;12;11.099797;340.2569
2013;5;15;18;11.018713;337.17627
2013;5;16;0;8.962945;337.89484
2013;5;16;6;5.462741;338.4832
2013;5;16;12;4.444701;137.61044
2013;5;16;18;9.006984;143.86441
2013;5;17;0;5.874987;125.77034
2013;5;17;6;6.204125;118.01749
2013;5;17;12;7.6578736;110.448746
2013;5;17;18;7.2193966;106.87088
2013;5;18;0;5.556557;98.99762
2013;5;18;6;5.536273;72.91754
2013;5;18;12;7.915829;80.384705
2013;5;18;18;9.152708;101.83139
2013;5;19;0;6.4478474;99.44307
2013;5;19;6;6.2946043;75.3837
2013;5;19;12;2.643614;112.76347
2013;5;19;18;3.4824364;59.79834
2013;5;20;0;4.92794;348.87256
2013;5;20;6;4.6501193;350.45105
2013;5;20;12;5.2403893;352.56012
2013;5;20;18;6.174447;333.0635
2013;5;21;0;13.564863;324.71048
2013;5;21;6;14.0915575;331.8176
2013;5;21;12;12.203504;337.6432
2013;5;21;18;9.003573;337.1092
2013;5;22;0;8.477779;332.1562
2013;5;22;6;5.8622417;321.37704
2013;5;22;12;1.9467694;318.9021
2013;5;22;18;1.614472;96.53888
2013;5;23;0;3.1138043;44.39795
2013;5;23;6;2.8190262;30.179657
2013;5;23;12;3.3372192;26.163086
2013;5;23;18;2.5506644;61.45343
2013;5;24;0;4.4728646;323.35342
2013;5;24;6;7.819448;339.43475
2013;5;24;12;4.159383;349.94287
2013;5;24;18;0.772742;101.60004
2013;5;25;0;2.4454608;266.86746
2013;5;25;6;4.0500345;303.06207
2013;5;25;12;0.9605178;304.93643
2013;5;25;18;3.183602;184.06686
2013;5;26;0;1.9436771;240.31165
2013;5;26;6;5.2518373;310.79382
2013;5;26;12;2.291935;9.890381
2013;5;26;18;8.551684;337.81934
2013;5;27;0;14.318821;341.8937
2013;5;27;6;13.127995;340.40753
2013;5;27;12;4.049891;357.50864
2013;5;27;18;2.6354403;112.0182
2013;5;28;0;1.9810847;77.275635
2013;5;28;6;2.4850948;356.06027
2013;5;28;12;3.3148832;334.2063
2013;5;28;18;2.8344893;2.6295166
2013;5;29;0;4.826525;331.4466
2013;5;29;6;4.8548555;329.22372
2013;5;29;12;3.4813168;353.9198
2013;5;29;18;1.8198912;14.569336
2013;5;30;0;3.649286;352.10764
2013;5;30;6;4.2563586;349.06622
2013;5;30;12;4.9881887;340.36813
2013;5;30;18;2.7812755;340.55206
2013;5;31;0;4.310004;330.1032
2013;5;31;6;5.1683965;336.76062
2013;5;31;12;3.7964814;350.7602
2013;5;31;18;2.7768059;322.33698
2013;6;1;0;2.98172;354.03793
2013;6;1;6;3.5638533;322.1325
2013;6;1;12;3.408145;319.86975
2013;6;1;18;2.3941584;315.02502
2013;6;2;0;6.018468;316.48724
2013;6;2;6;6.367785;325.5439
2013;6;2;12;2.5326903;345.60947
2013;6;2;18;2.0684073;97.53879
2013;6;3;0;3.0158167;34.402405
2013;6;3;6;5.141867;7.744995
2013;6;3;12;5.017904;23.255524
2013;6;3;18;2.6957805;47.095
2013;6;4;0;4.5961127;351.4226
2013;6;4;6;5.476459;355.85468
2013;6;4;12;4.303133;11.310608
2013;6;4;18;3.715002;58.720276
2013;6;5;0;3.2946782;29.910889
2013;6;5;6;2.820053;27.166748
2013;6;5;12;1.8559413;36.18872
2013;6;5;18;1.0957081;98.02719
2013;6;6;0;0.5493371;263.74692
2013;6;6;6;1.7434554;60.86853
2013;6;6;12;1.9478282;119.37164
2013;6;6;18;2.1173248;56.263977
2013;6;7;0;2.7162569;23.59085
2013;6;7;6;3.8643477;15.143097
2013;6;7;12;4.057489;57.408264
2013;6;7;18;3.728235;44.947998
2013;6;8;0;3.6851995;29.76712
2013;6;8;6;2.5094545;18.949677
2013;6;8;12;0.89926016;99.40053
2013;6;8;18;1.1263648;303.48282
2013;6;9;0;2.5398147;298.54855
2013;6;9;6;3.0770087;339.86508
2013;6;9;12;3.1221247;0.26507568
2013;6;9;18;1.4260216;41.46637
2013;6;10;0;2.433364;16.80783
2013;6;10;6;5.3282647;332.56223
2013;6;10;12;3.7820666;346.60385
2013;6;10;18;4.848228;21.588257
2013;6;11;0;6.569053;15.50119
2013;6;11;6;5.2230463;25.446045
2013;6;11;12;4.315121;7.0363464
2013;6;11;18;2.5078666;24.75998
2013;6;12;0;4.1160955;4.2112427
2013;6;12;6;5.373289;2.2840576
2013;6;12;12;4.2602005;21.371735
2013;6;12;18;2.6632593;71.62109
2013;6;13;0;1.6271944;185.59618
2013;6;13;6;1.5522902;336.4246
2013;6;13;12;1.4223957;356.33398
2013;6;13;18;2.130691;315.9058
2013;6;14;0;6.464465;335.77066
2013;6;14;6;6.1475844;334.33463
2013;6;14;12;4.0108895;337.81787
2013;6;14;18;0.8469688;291.71893
2013;6;15;0;4.3846593;314.08224
2013;6;15;6;5.1793885;313.30057
2013;6;15;12;3.1490254;334.23615
2013;6;15;18;1.215504;95.83482
2013;6;16;0;2.6437654;317.8565
2013;6;16;6;5.1361237;317.67725
2013;6;16;12;5.11696;328.52255
2013;6;16;18;2.783514;332.5403
2013;6;17;0;4.325687;311.99588
2013;6;17;6;5.3449616;326.74857
2013;6;17;12;2.7910147;28.865356
2013;6;17;18;3.1989307;20.988708
2013;6;18;0;3.2799633;335.80624
2013;6;18;6;5.504006;328.14273
2013;6;18;12;4.4442534;332.12405
2013;6;18;18;0.9211906;330.69717
2013;6;19;0;3.471164;315.00528
2013;6;19;6;4.3170986;314.78397
2013;6;19;12;3.5241756;300.72574
2013;6;19;18;2.8460348;263.66763
2013;6;20;0;4.900064;276.32367
2013;6;20;6;4.8141985;295.03345
2013;6;20;12;1.5720819;282.26917
2013;6;20;18;2.2670884;153.43127
2013;6;21;0;2.610405;310.73163
2013;6;21;6;5.7406063;325.0908
2013;6;21;12;3.2864025;331.34106
2013;6;21;18;0.4715097;97.35004
2013;6;22;0;1.8253636;320.24496
2013;6;22;6;4.3243203;325.1817
2013;6;22;12;2.3223903;345.4298
2013;6;22;18;1.5369514;104.5085
2013;6;23;0;1.894882;347.3819
2013;6;23;6;3.414084;348.72726
2013;6;23;12;2.1968663;28.335114
2013;6;23;18;3.0566278;85.35797
2013;6;24;0;2.7743626;46.818115
2013;6;24;6;3.3501165;33.973053
2013;6;24;12;5.034039;59.387268
2013;6;24;18;4.694039;79.74927
2013;6;25;0;4.7783637;85.99475
2013;6;25;6;5.2925854;75.70166
2013;6;25;12;5.343214;93.56831
2013;6;25;18;6.721824;76.125305
2013;6;26;0;9.642807;70.91565
2013;6;26;6;7.7415943;82.58255
2013;6;26;12;7.285587;102.38486
2013;6;26;18;4.550618;66.09729
2013;6;27;0;4.216714;9.323944
2013;6;27;6;4.397478;310.9119
2013;6;27;12;5.206585;329.35165
2013;6;27;18;1.5767319;311.80774
2013;6;28;0;15.27712;336.11993
2013;6;28;6;16.033607;332.6422
2013;6;28;12;13.9022665;343.13748
2013;6;28;18;5.3960896;8.894714
2013;6;29;0;2.759439;357.1303
2013;6;29;6;3.164852;339.03006
2013;6;29;12;2.039405;78.764404
2013;6;29;18;1.3101202;1.6223145
2013;6;30;0;6.0373607;321.4043
2013;6;30;6;9.202792;333.0634
2013;6;30;12;6.371345;348.2081
2013;6;30;18;2.8345494;347.48535
2013;7;1;0;6.7058372;323.29037
2013;7;1;6;4.9418;328.6129
2013;7;1;12;1.9475232;325.70493
2013;7;1;18;0.5052376;44.897217
2013;7;2;0;3.7360756;334.30325
2013;7;2;6;4.921889;333.93683
2013;7;2;12;2.40008;345.19574
2013;7;2;18;2.2085063;336.0619
2013;7;3;0;5.1937437;315.64423
2013;7;3;6;4.860643;323.29434
2013;7;3;12;1.8181067;355.742
2013;7;3;18;1.2474236;77.49652
2013;7;4;0;1.7621963;347.16913
2013;7;4;6;4.1925926;352.069
2013;7;4;12;3.101344;41.754395
2013;7;4;18;2.1337483;48.68683
2013;7;5;0;4.8873205;327.5338
2013;7;5;6;4.8986287;333.6635
2013;7;5;12;2.8289413;346.0216
2013;7;5;18;3.7022848;327.3589
2013;7;6;0;7.585003;333.91452
2013;7;6;6;8.089248;336.103
2013;7;6;12;11.125606;340.13074
2013;7;6;18;11.361208;338.08902
2013;7;7;0;9.058222;340.6145
2013;7;7;6;6.543506;332.72168
2013;7;7;12;3.9453506;338.1572
2013;7;7;18;2.8022306;330.5217
2013;7;8;0;5.9559317;319.32092
2013;7;8;6;7.09165;322.13593
2013;7;8;12;3.343648;319.93262
2013;7;8;18;0.8509599;127.28935
2013;7;9;0;1.9272608;351.50638
2013;7;9;6;2.4785419;37.6521
2013;7;9;12;4.259624;42.321716
2013;7;9;18;3.682466;52.686462
2013;7;10;0;4.622314;85.24927
2013;7;10;6;4.3186407;100.86426
2013;7;10;12;3.3443546;104.233185
2013;7;10;18;4.033329;125.00592
2013;7;11;0;2.2317286;95.96745
2013;7;11;6;1.2671993;0.980896
2013;7;11;12;0.93922025;38.006104
2013;7;11;18;1.5987806;230.93716
2013;7;12;0;7.9453254;325.58868
2013;7;12;6;11.149932;336.61908
2013;7;12;12;9.751514;341.4393
2013;7;12;18;2.3849287;10.37204
2013;7;13;0;3.9271562;0.47509766
2013;7;13;6;3.5133898;11.8454895
2013;7;13;12;2.483859;10.622192
2013;7;13;18;2.7673168;335.7749
2013;7;14;0;5.797899;321.6912
2013;7;14;6;5.448993;329.39618
2013;7;14;12;4.7758803;334.69983
2013;7;14;18;2.570514;338.3862
2013;7;15;0;5.526852;313.92215
2013;7;15;6;5.0312786;328.15134
2013;7;15;12;4.697543;332.94604
2013;7;15;18;2.615666;330.81076
2013;7;16;0;5.151252;324.4349
2013;7;16;6;5.453501;319.01913
2013;7;16;12;3.015001;331.53473
2013;7;16;18;1.2324042;177.10477
2013;7;17;0;1.1545413;265.33105
2013;7;17;6;3.2147202;314.11145
2013;7;17;12;0.39441457;157.90596
2013;7;17;18;2.3355381;163.54065
2013;7;18;0;1.6165162;292.99384
2013;7;18;6;2.9585445;336.9506
2013;7;18;12;1.4602969;57.23877
2013;7;18;18;1.7772533;4.569702
2013;7;19;0;4.9461937;331.57062
2013;7;19;6;5.1820655;328.5134
2013;7;19;12;3.2569644;321.94705
2013;7;19;18;2.0892408;295.3509
2013;7;20;0;4.501431;320.76654
2013;7;20;6;5.231638;327.31274
2013;7;20;12;3.1204383;342.73294
2013;7;20;18;2.4939735;16.132385
2013;7;21;0;5.189073;328.66312
2013;7;21;6;5.6928496;323.36743
2013;7;21;12;4.7589273;319.36023
2013;7;21;18;3.4337635;305.71716
2013;7;22;0;5.591562;313.0393
2013;7;22;6;5.740583;315.8253
2013;7;22;12;3.7245317;320.8872
2013;7;22;18;2.0776362;344.12482
2013;7;23;0;4.6421223;327.44144
2013;7;23;6;5.93822;322.71466
2013;7;23;12;4.3766747;323.99658
2013;7;23;18;3.322131;333.2428
2013;7;24;0;5.14773;329.49683
2013;7;24;6;4.9442296;330.55115
2013;7;24;12;3.7977467;326.24326
2013;7;24;18;3.768384;297.5648
2013;7;25;0;5.0956917;317.47388
2013;7;25;6;7.84542;319.56815
2013;7;25;12;9.001283;328.972
2013;7;25;18;6.609773;333.66693
2013;7;26;0;1.4807936;300.14117
2013;7;26;6;0.8852967;132.59866
2013;7;26;12;2.9192948;124.44385
2013;7;26;18;3.3377917;110.33128
2013;7;27;0;3.156121;66.28699
2013;7;27;6;3.1351037;37.951508
2013;7;27;12;3.2366495;32.317413
2013;7;27;18;2.8174236;15.118591
2013;7;28;0;4.102239;347.86972
2013;7;28;6;5.0956206;340.76035
2013;7;28;12;3.161053;346.95956
2013;7;28;18;2.2198174;337.79648
2013;7;29;0;5.8348775;325.3356
2013;7;29;6;7.9568744;331.68738
2013;7;29;12;8.282334;338.44623
2013;7;29;18;10.636892;340.48093
2013;7;30;0;13.560522;342.19153
2013;7;30;6;13.576641;347.41992
2013;7;30;12;13.891114;351.12732
2013;7;30;18;11.141398;351.3996
2013;7;31;0;10.812142;345.8111
2013;7;31;6;6.7655654;343.14505
2013;7;31;12;3.2445965;326.2442
2013;7;31;18;2.2938285;272.96942
2014;5;1;0;3.4603574;335.92007
2014;5;1;6;4.3146;322.9402
2014;5;1;12;4.8647447;336.30252
2014;5;1;18;3.3615131;341.35794
2014;5;2;0;5.3952494;330.96112
2014;5;2;6;4.3692546;342.07965
2014;5;2;12;2.1537323;33.25592
2014;5;2;18;2.754443;60.03891
2014;5;3;0;3.0614915;8.8741455
2014;5;3;6;4.220494;336.60724
2014;5;3;12;4.6252394;345.295
2014;5;3;18;3.5839367;346.49716
2014;5;4;0;5.3312826;327.73416
2014;5;4;6;5.2732587;328.80344
2014;5;4;12;3.231808;335.9428
2014;5;4;18;1.4250094;175.49686
2014;5;5;0;2.390674;269.63284
2014;5;5;6;1.4079244;265.6245
2014;5;5;12;1.0456982;190.99983
2014;5;5;18;2.1277041;158.72331
2014;5;6;0;1.5582802;223.52368
2014;5;6;6;3.7577035;326.2662
2014;5;6;12;2.7907205;333.60706
2014;5;6;18;1.2377684;0.21704102
2014;5;7;0;5.3552823;326.7471
2014;5;7;6;4.439991;329.65976
2014;5;7;12;4.904108;357.6878
2014;5;7;18;3.6160996;69.393005
2014;5;8;0;4.6515093;48.40396
2014;5;8;6;3.6652274;20.559998
2014;5;8;12;3.9236057;33.098938
2014;5;8;18;1.3386617;354.80923
2014;5;9;0;5.149894;308.8227
2014;5;9;6;4.4059806;350.89935
2014;5;9;12;3.2443864;359.39783
2014;5;9;18;1.5556791;324.9396
2014;5;10;0;5.764346;314.20575
2014;5;10;6;6.665033;321.48822
2014;5;10;12;2.9018223;341.2732
2014;5;10;18;0.99896175;336.45587
2014;5;11;0;5.3328233;308.91858
2014;5;11;6;5.8696895;313.08392
2014;5;11;12;4.7005363;315.52005
2014;5;11;18;1.7699594;325.9536
2014;5;12;0;2.4054852;316.67316
2014;5;12;6;1.8209409;323.26535
2014;5;12;12;3.3907099;187.58495
2014;5;12;18;4.5000763;168.30725
2014;5;13;0;1.8513619;189.1499
2014;5;13;6;2.165435;340.6215
2014;5;13;12;3.3258023;5.4542847
2014;5;13;18;3.3639688;357.99713
2014;5;14;0;5.948674;335.64395
2014;5;14;6;8.955781;333.90863
2014;5;14;12;8.168623;333.82642
2014;5;14;18;4.6145926;341.74673
2014;5;15;0;8.330292;325.14917
2014;5;15;6;9.882949;328.49695
2014;5;15;12;9.6382675;333.74066
2014;5;15;18;5.304008;331.70953
2014;5;16;0;2.7722912;329.42334
2014;5;16;6;2.2135704;41.214844
2014;5;16;12;3.1858242;31.119293
2014;5;16;18;3.772267;11.624695
2014;5;17;0;9.490067;335.83887
2014;5;17;6;16.834562;337.61993
2014;5;17;12;18.611612;336.52695
2014;5;17;18;16.796394;338.0491
2014;5;18;0;14.71845;343.3173
2014;5;18;6;13.596722;339.2094
2014;5;18;12;10.672037;342.8479
2014;5;18;18;7.9042497;334.5382
2014;5;19;0;5.063738;319.31702
2014;5;19;6;2.5635967;263.12207
2014;5;19;12;8.929218;305.7694
2014;5;19;18;7.838867;311.68854
2014;5;20;0;11.608097;330.69995
2014;5;20;6;10.312096;339.2293
2014;5;20;12;10.376211;341.66003
2014;5;20;18;8.660204;339.78937
2014;5;21;0;6.0097437;331.9251
2014;5;21;6;1.381381;296.09045
2014;5;21;12;2.1000376;191.88495
2014;5;21;18;2.642177;202.19904
2014;5;22;0;5.7810283;308.14664
2014;5;22;6;12.303198;336.83292
2014;5;22;12;11.553019;350.97934
2014;5;22;18;8.004711;357.79108
2014;5;23;0;3.828124;61.45334
2014;5;23;6;4.0448847;36.095734
2014;5;23;12;5.343966;14.680511
2014;5;23;18;7.477338;13.296753
2014;5;24;0;9.845561;358.77335
2014;5;24;6;6.915929;1.8321228
2014;5;24;12;7.3735104;11.016327
2014;5;24;18;4.893303;6.1419067
2014;5;25;0;4.7720704;31.14801
2014;5;25;6;4.728759;347.60168
2014;5;25;12;2.624372;27.580505
2014;5;25;18;1.4190747;120.0692
2014;5;26;0;3.0052364;358.35107
2014;5;26;6;2.8585088;16.21344
2014;5;26;12;3.0713294;15.012268
2014;5;26;18;2.422581;334.33545
2014;5;27;0;8.865264;337.23218
2014;5;27;6;9.9010725;330.81302
2014;5;27;12;3.8852382;350.81055
2014;5;27;18;3.8565042;99.5193
2014;5;28;0;2.5946815;45.75183
2014;5;28;6;5.6603007;330.86264
2014;5;28;12;4.882526;338.89084
2014;5;28;18;4.7207103;332.98593
2014;5;29;0;8.727686;333.3192
2014;5;29;6;9.658824;336.3934
2014;5;29;12;6.614942;341.5323
2014;5;29;18;2.9854794;351.26147
2014;5;30;0;4.148649;349.32538
2014;5;30;6;3.7581232;347.85315
2014;5;30;12;3.5296433;342.64227
2014;5;30;18;3.3299484;351.82077
2014;5;31;0;5.6914787;327.50497
2014;5;31;6;7.2600675;328.24713
2014;5;31;12;5.487846;329.38004
2014;5;31;18;6.3650775;328.36377
2014;6;1;0;7.357689;337.38934
2014;6;1;6;7.1577835;332.05005
2014;6;1;12;3.6278155;333.93536
2014;6;1;18;0.5110944;187.33147
2014;6;2;0;4.5827436;307.44116
2014;6;2;6;6.1633573;320.43262
2014;6;2;12;3.5080104;335.11584
2014;6;2;18;2.027228;307.76315
2014;6;3;0;4.847212;312.10828
2014;6;3;6;5.9064445;317.54114
2014;6;3;12;3.296909;323.21432
2014;6;3;18;2.4549396;343.29715
2014;6;4;0;6.1500573;325.4912
2014;6;4;6;8.759135;327.94598
2014;6;4;12;8.664858;340.27313
2014;6;4;18;5.3329453;347.46295
2014;6;5;0;5.52178;319.3767
2014;6;5;6;5.748316;317.9675
2014;6;5;12;2.926074;308.6861
2014;6;5;18;1.4077896;288.52603
2014;6;6;0;4.0742702;297.30148
2014;6;6;6;2.9550176;320.59818
2014;6;6;12;0.7412237;226.89864
2014;6;6;18;0.7142201;153.31793
2014;6;7;0;2.1126206;348.64404
2014;6;7;6;2.5112717;3.5662231
2014;6;7;12;2.6711822;82.24039
2014;6;7;18;1.9251777;131.81311
2014;6;8;0;1.6180903;331.1688
2014;6;8;6;9.58318;331.42532
2014;6;8;12;13.8729315;336.52057
2014;6;8;18;14.366895;343.25317
2014;6;9;0;15.285529;348.794
2014;6;9;6;12.245718;344.25452
2014;6;9;12;11.108537;340.31647
2014;6;9;18;11.246718;347.50504
2014;6;10;0;11.998088;350.68762
2014;6;10;6;8.3935795;0.6902466
2014;6;10;12;4.990508;342.63556
2014;6;10;18;4.2838545;321.54645
2014;6;11;0;7.579918;322.99213
2014;6;11;6;5.973551;326.36115
2014;6;11;12;4.3561044;330.07608
2014;6;11;18;3.3753572;343.48773
2014;6;12;0;5.178713;331.98706
2014;6;12;6;6.1343737;324.2875
2014;6;12;12;5.831097;328.7049
2014;6;12;18;2.023902;347.74713
2014;6;13;0;3.6685457;341.1833
2014;6;13;6;5.7319045;331.95862
2014;6;13;12;4.867085;340.3974
2014;6;13;18;3.9927695;349.08154
2014;6;14;0;3.115578;353.4759
2014;6;14;6;4.064451;343.7046
2014;6;14;12;2.1564753;324.61493
2014;6;14;18;0.7753412;279.04437
2014;6;15;0;3.8681672;338.0087
2014;6;15;6;5.6560316;334.16165
2014;6;15;12;3.9549444;337.93127
2014;6;15;18;1.4522029;16.022034
2014;6;16;0;0.9071892;313.9427
2014;6;16;6;5.131467;322.3401
2014;6;16;12;4.461012;319.44022
2014;6;16;18;1.6664468;285.115
2014;6;17;0;3.4576368;313.9864
2014;6;17;6;4.2388034;321.30634
2014;6;17;12;5.6550403;328.27237
2014;6;17;18;6.237926;336.6219
2014;6;18;0;11.87828;338.60574
2014;6;18;6;10.787894;340.11908
2014;6;18;12;4.467756;0.88879395
2014;6;18;18;3.1284068;95.68179
2014;6;19;0;2.7770765;72.51593
2014;6;19;6;2.372272;338.12817
2014;6;19;12;6.0869107;341.6777
2014;6;19;18;9.465879;341.23254
2014;6;20;0;13.394434;341.07306
2014;6;20;6;9.533136;344.0274
2014;6;20;12;6.1013985;347.7527
2014;6;20;18;2.6785414;353.6497
2014;6;21;0;4.7746224;317.3393
2014;6;21;6;4.497162;321.2963
2014;6;21;12;3.1322439;319.5523
2014;6;21;18;1.8809083;297.70844
2014;6;22;0;5.490671;311.93835
2014;6;22;6;6.748135;325.05176
2014;6;22;12;2.881663;352.73038
2014;6;22;18;1.9066447;63.115784
2014;6;23;0;2.7235339;17.569489
2014;6;23;6;3.3534904;26.57904
2014;6;23;12;3.1412268;39.748596
2014;6;23;18;3.539003;39.999146
2014;6;24;0;4.9873104;16.73291
2014;6;24;6;5.1000504;22.647064
2014;6;24;12;2.571044;82.79849
2014;6;24;18;1.4106326;73.973236
2014;6;25;0;1.5366793;115.09688
2014;6;25;6;2.878271;125.94377
2014;6;25;12;5.3128576;126.98857
2014;6;25;18;4.6886206;126.90781
2014;6;26;0;3.1724246;119.45096
2014;6;26;6;4.297629;93.41272
2014;6;26;12;5.9794893;110.46036
2014;6;26;18;5.799194;119.97839
2014;6;27;0;5.57516;105.85303
2014;6;27;6;7.1219277;106.6716
2014;6;27;12;6.0252523;127.8837
2014;6;27;18;4.32785;143.48178
2014;6;28;0;0.562213;319.30566
2014;6;28;6;2.625458;352.12885
2014;6;28;12;2.2148654;355.5782
2014;6;28;18;1.9486381;137.43707
2014;6;29;0;1.2198075;107.85071
2014;6;29;6;2.737555;83.00885
2014;6;29;12;4.686935;104.141785
2014;6;29;18;5.702463;91.75316
2014;6;30;0;5.502434;68.73364
2014;6;30;6;5.371682;45.437744
2014;6;30;12;5.727394;38.457703
2014;6;30;18;2.9076061;57.29004
2014;7;1;0;3.5731957;0.20635986
2014;7;1;6;6.8487067;348.99426
2014;7;1;12;4.9066677;7.678528
2014;7;1;18;2.9611273;358.30597
2014;7;2;0;5.702051;0.20251465
2014;7;2;6;6.3165536;339.49908
2014;7;2;12;6.502077;348.14404
2014;7;2;18;6.7196;4.255707
2014;7;3;0;8.968446;354.3052
2014;7;3;6;8.005886;345.28427
2014;7;3;12;4.2047615;2.0319214
2014;7;3;18;2.5204692;331.92252
2014;7;4;0;5.6583533;318.92047
2014;7;4;6;6.2212267;310.9787
2014;7;4;12;7.2285986;332.85828
2014;7;4;18;2.9011075;3.7736511
2014;7;5;0;5.500121;324.68338
2014;7;5;6;4.8067594;324.59274
2014;7;5;12;2.605988;349.10184
2014;7;5;18;2.1998472;65.6037
2014;7;6;0;3.5948026;354.2998
2014;7;6;6;5.359619;328.06635
2014;7;6;12;4.7808676;323.60703
2014;7;6;18;3.3148673;308.5175
2014;7;7;0;7.310568;331.59512
2014;7;7;6;5.264526;344.15286
2014;7;7;12;3.3739555;52.403656
2014;7;7;18;2.9232347;136.73361
2014;7;8;0;1.9808367;345.6244
2014;7;8;6;5.621727;333.2806
2014;7;8;12;6.745314;330.09958
2014;7;8;18;1.8408202;23.032898
2014;7;9;0;1.3956177;91.46182
2014;7;9;6;1.9191077;48.648132
2014;7;9;12;1.1069157;99.704285
2014;7;9;18;0.89821583;303.844
2014;7;10;0;6.3861423;326.63937
2014;7;10;6;10.564226;345.67102
2014;7;10;12;10.712894;354.2354
2014;7;10;18;4.0757146;3.637085
2014;7;11;0;5.8848424;335.3991
2014;7;11;6;5.8813934;335.2635
2014;7;11;12;4.234837;326.90842
2014;7;11;18;3.4513483;329.331
2014;7;12;0;6.366091;336.9653
2014;7;12;6;6.4740896;339.1422
2014;7;12;12;4.403053;343.0688
2014;7;12;18;2.7045717;332.90128
2014;7;13;0;4.807407;321.4314
2014;7;13;6;6.284863;317.05585
2014;7;13;12;4.4924326;333.3465
2014;7;13;18;2.6392567;340.88315
2014;7;14;0;6.1619945;318.25046
2014;7;14;6;6.0078363;324.43906
2014;7;14;12;3.2095304;335.9129
2014;7;14;18;1.2142808;180.06137
2014;7;15;0;3.8099883;303.51846
2014;7;15;6;2.0578861;329.51688
2014;7;15;12;2.9835105;2.536621
2014;7;15;18;1.591717;342.45425
2014;7;16;0;4.736411;316.81494
2014;7;16;6;6.7989936;323.08698
2014;7;16;12;6.614414;330.44397
2014;7;16;18;5.578079;334.68887
2014;7;17;0;11.027745;335.48172
2014;7;17;6;11.347304;341.29086
2014;7;17;12;7.2382107;355.24283
2014;7;17;18;3.5779269;345.42786
2014;7;18;0;7.036774;335.7954
2014;7;18;6;7.980673;341.26334
2014;7;18;12;2.7573683;12.928833
2014;7;18;18;1.2807589;54.18445
2014;7;19;0;0.89254516;344.64612
2014;7;19;6;4.8874;331.57687
2014;7;19;12;4.0811853;337.21017
2014;7;19;18;2.835171;347.0918
2014;7;20;0;4.2709365;325.65662
2014;7;20;6;6.759742;329.90958
2014;7;20;12;4.502712;337.74362
2014;7;20;18;4.1206336;335.68213
2014;7;21;0;5.9089293;318.51996
2014;7;21;6;8.383927;325.6119
2014;7;21;12;7.2474465;327.63806
2014;7;21;18;3.915313;341.5166
2014;7;22;0;5.635505;322.72192
2014;7;22;6;5.84427;321.69342
2014;7;22;12;4.3799763;323.95273
2014;7;22;18;3.3274288;335.91315
2014;7;23;0;5.512932;320.06152
2014;7;23;6;6.756565;317.36346
2014;7;23;12;5.2551126;325.95667
2014;7;23;18;1.8219078;334.44482
2014;7;24;0;4.895227;321.16196
2014;7;24;6;5.9758925;317.1417
2014;7;24;12;3.9971955;322.68765
2014;7;24;18;2.109348;293.76886
2014;7;25;0;5.9334846;304.19287
2014;7;25;6;6.9685388;316.93073
2014;7;25;12;5.1626987;338.0374
2014;7;25;18;3.293423;339.78387
2014;7;26;0;5.013176;329.00592
2014;7;26;6;6.595041;325.38535
2014;7;26;12;5.363553;334.83246
2014;7;26;18;3.7057955;337.92227
2014;7;27;0;5.564392;333.07465
2014;7;27;6;6.126307;332.95114
2014;7;27;12;4.076559;344.81366
2014;7;27;18;3.419099;337.80627
2014;7;28;0;7.691571;323.31158
2014;7;28;6;8.9657755;326.11035
2014;7;28;12;11.947359;335.7949
2014;7;28;18;9.253622;342.24612
2014;7;29;0;7.847635;341.78723
2014;7;29;6;5.235285;333.449
2014;7;29;12;4.7307453;301.07764
2014;7;29;18;6.353188;318.20023
2014;7;30;0;10.304288;328.78766
2014;7;30;6;8.789327;335.78052
2014;7;30;12;6.769792;347.52026
2014;7;30;18;3.2852466;336.2728
2014;7;31;0;7.5997653;327.76736
2014;7;31;6;8.311357;329.59863
2014;7;31;12;8.844202;332.49396
2014;7;31;18;8.088727;335.1819
2015;5;1;0;2.4270148;266.89072
2015;5;1;6;2.0605054;227.20328
2015;5;1;12;1.3959869;196.43008
2015;5;1;18;2.1952903;182.48907
2015;5;2;0;2.095698;36.92914
2015;5;2;6;3.436007;23.759705
2015;5;2;12;5.392347;63.070007
2015;5;2;18;6.5509653;82.07031
2015;5;3;0;3.8804379;42.019165
2015;5;3;6;3.3741114;339.6975
2015;5;3;12;3.0206027;329.27292
2015;5;3;18;1.3950535;318.90756
2015;5;4;0;4.766731;302.36066
2015;5;4;6;8.122868;322.30362
2015;5;4;12;11.112976;342.11633
2015;5;4;18;9.286652;349.71353
2015;5;5;0;8.792895;341.87115
2015;5;5;6;8.591378;338.0409
2015;5;5;12;7.549588;346.56854
2015;5;5;18;5.3252535;348.29187
2015;5;6;0;6.732606;329.89743
2015;5;6;6;7.577837;326.72357
2015;5;6;12;5.7259455;326.60165
2015;5;6;18;3.6858635;322.83752
2015;5;7;0;6.3879595;316.03665
2015;5;7;6;7.9678316;322.51913
2015;5;7;12;10.4213085;335.18326
2015;5;7;18;11.687784;346.71902
2015;5;8;0;11.426783;347.01715
2015;5;8;6;11.02151;346.927
2015;5;8;12;9.505212;353.73325
2015;5;8;18;5.0422716;355.50903
2015;5;9;0;6.2894335;341.99667
2015;5;9;6;6.269024;325.57397
2015;5;9;12;3.5021536;318.19907
2015;5;9;18;1.3292035;173.84448
2015;5;10;0;2.3417583;294.66425
2015;5;10;6;5.2690873;317.25238
2015;5;10;12;3.592243;326.04437
2015;5;10;18;0.6981126;80.00015
2015;5;11;0;0.53295636;302.27115
2015;5;11;6;1.8400418;334.99368
2015;5;11;12;1.1937014;230.12247
2015;5;11;18;2.0348215;239.19981
2015;5;12;0;5.5190887;308.64337
2015;5;12;6;5.276558;318.85223
2015;5;12;12;2.214164;330.5444
2015;5;12;18;1.6816516;147.33875
2015;5;13;0;0.9491112;1.5569763
2015;5;13;6;3.5018723;349.4423
2015;5;13;12;4.3893704;31.790161
2015;5;13;18;6.3811545;47.463318
2015;5;14;0;10.689635;69.06055
2015;5;14;6;10.116358;70.04181
2015;5;14;12;8.679324;92.522995
2015;5;14;18;5.003958;80.46576
2015;5;15;0;6.121609;86.5517
2015;5;15;6;4.806419;29.555115
2015;5;15;12;4.771808;25.833618
2015;5;15;18;6.3485703;355.78296
2015;5;16;0;4.6951;335.9008
2015;5;16;6;6.95304;329.1743
2015;5;16;12;2.7227607;345.41055
2015;5;16;18;5.2730546;323.961
2015;5;17;0;5.2633;323.27725
2015;5;17;6;12.2914505;325.82852
2015;5;17;12;12.544283;339.40866
2015;5;17;18;11.996432;337.64703
2015;5;18;0;13.1164875;332.51138
2015;5;18;6;11.279497;330.706
2015;5;18;12;4.167719;331.83167
2015;5;18;18;4.902738;132.35555
2015;5;19;0;7.037124;97.24504
2015;5;19;6;7.425096;66.135345
2015;5;19;12;8.243756;67.86395
2015;5;19;18;9.5593;64.019745
2015;5;20;0;6.182309;41.39731
2015;5;20;6;7.019663;8.25116
2015;5;20;12;8.946435;49.686523
2015;5;20;18;4.7467995;42.357666
2015;5;21;0;5.1191044;357.17807
2015;5;21;6;5.114493;10.877411
2015;5;21;12;3.5454311;350.73038
2015;5;21;18;2.2250547;157.9925
2015;5;22;0;1.2560924;162.08472
2015;5;22;6;2.416989;120.97156
2015;5;22;12;5.7972383;111.97652
2015;5;22;18;5.1782274;93.859146
2015;5;23;0;5.0521507;3.6826782
2015;5;23;6;4.4242787;331.18256
2015;5;23;12;9.226908;331.67502
2015;5;23;18;13.155849;336.22272
2015;5;24;0;14.426379;339.92603
2015;5;24;6;7.7838197;354.1637
2015;5;24;12;3.813323;116.00783
2015;5;24;18;5.712509;124.9326
2015;5;25;0;8.780582;115.9494
2015;5;25;6;6.2010937;72.2883
2015;5;25;12;4.8509755;58.687653
2015;5;25;18;3.1936605;319.66235
2015;5;26;0;6.929367;338.2628
2015;5;26;6;5.7960095;334.5106
2015;5;26;12;2.7073736;8.980804
2015;5;26;18;1.3085448;107.94165
2015;5;27;0;1.8467511;2.8018188
2015;5;27;6;2.1046882;5.790436
2015;5;27;12;1.4893717;88.91412
2015;5;27;18;4.362532;148.67026
2015;5;28;0;1.6356763;124.65747
2015;5;28;6;1.1866081;19.665588
2015;5;28;12;4.61547;131.11359
2015;5;28;18;7.8477826;125.65358
2015;5;29;0;7.173563;125.035126
2015;5;29;6;9.313051;111.12915
2015;5;29;12;10.823046;100.39258
2015;5;29;18;8.840223;92.787766
2015;5;30;0;8.758225;70.18744
2015;5;30;6;6.799826;66.44287
2015;5;30;12;7.0757446;29.22351
2015;5;30;18;7.9021735;52.96808
2015;5;31;0;9.09154;35.5224
2015;5;31;6;7.65367;38.541565
2015;5;31;12;3.520165;17.65979
2015;5;31;18;2.6305642;355.9107
2015;6;1;0;5.217506;303.45117
2015;6;1;6;3.0282023;325.61517
2015;6;1;12;1.8542333;130.86179
2015;6;1;18;0.84689295;17.681946
2015;6;2;0;4.8080025;304.0342
2015;6;2;6;7.141767;320.64722
2015;6;2;12;2.5970895;340.52966
2015;6;2;18;1.7661656;67.42218
2015;6;3;0;3.1415756;339.21295
2015;6;3;6;5.2173195;325.32962
2015;6;3;12;4.7257957;327.0555
2015;6;3;18;2.3613422;318.18616
2015;6;4;0;4.4900436;315.2119
2015;6;4;6;5.1143084;320.0035
2015;6;4;12;3.32744;338.11624
2015;6;4;18;0.9041205;17.12204
2015;6;5;0;4.54443;320.02814
2015;6;5;6;5.0582466;315.33813
2015;6;5;12;3.7317145;321.49765
2015;6;5;18;2.3364594;303.10956
2015;6;6;0;5.6477633;317.20963
2015;6;6;6;6.3747087;318.37457
2015;6;6;12;4.3868766;327.89758
2015;6;6;18;2.6016276;324.30157
2015;6;7;0;5.421632;308.10013
2015;6;7;6;4.902061;310.84763
2015;6;7;12;1.5105962;80.88068
2015;6;7;18;5.4254403;135.23148
2015;6;8;0;3.4727614;97.983246
2015;6;8;6;3.2200484;347.82224
2015;6;8;12;7.872621;350.7395
2015;6;8;18;11.4220915;340.5489
2015;6;9;0;15.980979;328.05103
2015;6;9;6;19.024748;330.30475
2015;6;9;12;10.149327;355.09412
2015;6;9;18;2.5847325;350.71808
2015;6;10;0;2.5618212;336.66806
2015;6;10;6;4.69563;324.71622
2015;6;10;12;3.3518689;326.91522
2015;6;10;18;2.392362;300.07712
2015;6;11;0;5.492557;290.35016
2015;6;11;6;5.503948;310.9354
2015;6;11;12;3.5802703;333.5551
2015;6;11;18;1.1831324;76.51123
2015;6;12;0;2.4027672;349.50363
2015;6;12;6;5.1940928;328.70215
2015;6;12;12;2.7962024;359.1537
2015;6;12;18;2.102593;107.54782
2015;6;13;0;1.6074609;0.44100952
2015;6;13;6;4.144788;335.58752
2015;6;13;12;2.3049934;337.11115
2015;6;13;18;1.6428422;10.145874
2015;6;14;0;4.7547836;318.47687
2015;6;14;6;6.2272363;324.5597
2015;6;14;12;4.5519834;321.23465
2015;6;14;18;2.5005085;323.01807
2015;6;15;0;3.8287818;321.93063
2015;6;15;6;4.477456;325.45718
2015;6;15;12;1.8136749;39.490997
2015;6;15;18;3.3115478;66.615204
2015;6;16;0;5.164199;11.7812805
2015;6;16;6;4.6346545;21.06842
2015;6;16;12;4.568535;6.5374146
2015;6;16;18;2.8960614;37.974274
2015;6;17;0;5.473101;352.15527
2015;6;17;6;4.2337584;328.0343
2015;6;17;12;2.6938753;331.25122
2015;6;17;18;1.3091857;189.75552
2015;6;18;0;1.8981231;249.44505
2015;6;18;6;2.960639;316.77182
2015;6;18;12;2.5012646;345.06577
2015;6;18;18;1.8705643;114.68982
2015;6;19;0;1.8537474;357.50342
2015;6;19;6;4.5676827;323.36383
2015;6;19;12;4.8495197;336.40567
2015;6;19;18;2.021719;358.59875
2015;6;20;0;3.4584346;317.13748
2015;6;20;6;4.330116;317.01624
2015;6;20;12;1.9142102;328.0379
2015;6;20;18;0.29785106;356.33023
2015;6;21;0;3.933662;314.3759
2015;6;21;6;4.578468;310.792
2015;6;21;12;2.6212978;317.49396
2015;6;21;18;1.773119;7.388855
2015;6;22;0;2.9843543;6.9474792
2015;6;22;6;3.7773726;356.05264
2015;6;22;12;2.2421746;355.51648
2015;6;22;18;2.4975264;353.87427
2015;6;23;0;3.6213918;336.30145
2015;6;23;6;5.215253;326.28677
2015;6;23;12;3.0428183;329.0863
2015;6;23;18;2.3902504;341.1311
2015;6;24;0;4.02065;320.25012
2015;6;24;6;6.4842467;323.87375
2015;6;24;12;4.528459;345.19717
2015;6;24;18;3.124893;341.1514
2015;6;25;0;6.020705;325.91525
2015;6;25;6;7.2559185;325.08698
2015;6;25;12;6.478078;331.5544
2015;6;25;18;3.5984497;336.97766
2015;6;26;0;5.830723;324.37018
2015;6;26;6;6.4362383;321.2896
2015;6;26;12;5.703976;331.93314
2015;6;26;18;3.7892966;334.10443
2015;6;27;0;5.535773;340.8953
2015;6;27;6;5.997796;335.2385
2015;6;27;12;5.901485;337.22638
2015;6;27;18;3.6496375;350.2314
2015;6;28;0;4.898048;345.26453
2015;6;28;6;5.871746;339.8479
2015;6;28;12;4.653685;344.12494
2015;6;28;18;3.7902167;347.57925
2015;6;29;0;5.719825;321.1489
2015;6;29;6;7.21178;330.45187
2015;6;29;12;4.541775;333.34827
2015;6;29;18;3.2447658;315.9746
2015;6;30;0;5.7521915;313.37134
2015;6;30;6;6.508154;325.8098
2015;6;30;12;6.178301;333.85962
2015;6;30;18;3.9732485;336.42133
2015;7;1;0;7.1113405;333.33936
2015;7;1;6;7.0967336;339.85773
2015;7;1;12;5.189131;3.868042
2015;7;1;18;2.7335384;337.6397
2015;7;2;0;5.2035666;333.40164
2015;7;2;6;5.51744;327.1572
2015;7;2;12;3.8520737;339.91696
2015;7;2;18;2.7004788;346.6497
2015;7;3;0;5.233115;328.8812
2015;7;3;6;5.92494;334.4914
2015;7;3;12;4.372781;347.52744
2015;7;3;18;3.1301877;330.4644
2015;7;4;0;4.8399806;329.04224
2015;7;4;6;5.139481;330.0296
2015;7;4;12;3.5377886;341.86185
2015;7;4;18;0.93669;288.4888
2015;7;5;0;2.8424497;339.24542
2015;7;5;6;5.137632;340.58636
2015;7;5;12;4.7391634;345.45435
2015;7;5;18;3.4106457;329.1692
2015;7;6;0;5.528676;336.5964
2015;7;6;6;5.8687296;337.73666
2015;7;6;12;5.24788;347.78592
2015;7;6;18;4.705252;324.8965
2015;7;7;0;3.6600344;333.79968
2015;7;7;6;5.4275284;319.92188
2015;7;7;12;4.8165903;319.44162
2015;7;7;18;4.338981;321.44794
2015;7;8;0;6.9491653;323.47192
2015;7;8;6;7.1586113;323.3508
2015;7;8;12;5.096096;329.87463
2015;7;8;18;1.7676046;6.6656494
2015;7;9;0;2.5216584;335.53983
2015;7;9;6;5.4791346;319.94592
2015;7;9;12;3.3199053;337.32605
2015;7;9;18;1.1243838;63.325806
2015;7;10;0;1.0618851;40.851807
2015;7;10;6;2.5354476;351.36816
2015;7;10;12;1.0621833;149.66028
2015;7;10;18;0.08940486;221.43414
2015;7;11;0;5.471153;325.26965
2015;7;11;6;4.4627833;357.2056
2015;7;11;12;2.3961546;9.30542
2015;7;11;18;1.7550653;288.52054
2015;7;12;0;3.2539601;333.6458
2015;7;12;6;4.340231;319.21335
2015;7;12;12;2.051719;23.019958
2015;7;12;18;1.3168782;265.73276
2015;7;13;0;3.328072;348.7119
2015;7;13;6;4.200858;0.48532104
2015;7;13;12;2.5174174;336.8546
2015;7;13;18;1.979597;282.82614
2015;7;14;0;5.0722613;323.1663
2015;7;14;6;5.834002;332.0042
2015;7;14;12;5.6018;341.7823
2015;7;14;18;1.0955516;41.541748
2015;7;15;0;2.3612525;358.23264
2015;7;15;6;4.7194624;320.78235
2015;7;15;12;5.3664308;322.52048
2015;7;15;18;5.0034513;317.97702
2015;7;16;0;7.8948326;328.69946
2015;7;16;6;8.625045;337.21817
2015;7;16;12;5.8717113;342.6419
2015;7;16;18;1.8444352;41.633423
2015;7;17;0;4.957301;347.35638
2015;7;17;6;6.880966;321.11377
2015;7;17;12;6.680791;330.7117
2015;7;17;18;2.839263;323.54822
2015;7;18;0;0.93760735;263.72433
2015;7;18;6;2.7949095;310.87155
2015;7;18;12;5.277757;326.88632
2015;7;18;18;6.706589;324.86493
2015;7;19;0;8.346663;333.19528
2015;7;19;6;6.362281;345.25757
2015;7;19;12;3.8905823;353.65936
2015;7;19;18;1.6197115;308.95764
2015;7;20;0;6.310665;310.9202
2015;7;20;6;7.3155284;329.13028
2015;7;20;12;4.3887377;2.6331482
2015;7;20;18;0.30085376;107.6581
2015;7;21;0;5.27901;300.878
2015;7;21;6;1.8473166;294.38092
2015;7;21;12;2.8860974;333.13812
2015;7;21;18;2.5472918;312.53537
2015;7;22;0;4.4986515;316.17694
2015;7;22;6;5.4280515;317.966
2015;7;22;12;4.751649;326.13504
2015;7;22;18;0.17031796;161.05165
2015;7;23;0;2.6896224;345.4256
2015;7;23;6;5.1312613;331.17004
2015;7;23;12;3.9774253;342.83508
2015;7;23;18;0.82979;352.4997
2015;7;24;0;3.3702698;325.28522
2015;7;24;6;2.5095084;342.93515
2015;7;24;12;2.154922;84.556946
2015;7;24;18;3.1653998;161.24695
2015;7;25;0;1.7346643;202.61412
2015;7;25;6;2.2170475;317.20114
2015;7;25;12;0.29702473;296.07492
2015;7;25;18;1.1671709;181.04453
2015;7;26;0;3.5191479;307.26712
2015;7;26;6;5.410792;330.7687
2015;7;26;12;4.503546;340.9326
2015;7;26;18;0.79361606;149.27518
2015;7;27;0;1.7653288;223.45538
2015;7;27;6;2.8644774;8.378204
2015;7;27;12;1.7178468;25.477844
2015;7;27;18;2.3338873;140.12527
2015;7;28;0;1.811101;342.53253
2015;7;28;6;2.5594885;7.7321167
2015;7;28;12;2.8864937;7.5947266
2015;7;28;18;0.99739516;93.10019
2015;7;29;0;3.7709138;318.67447
2015;7;29;6;6.3937154;324.87567
2015;7;29;12;5.317483;327.42438
2015;7;29;18;1.7593023;315.6256
2015;7;30;0;4.084626;318.0786
2015;7;30;6;5.241474;320.894
2015;7;30;12;4.893522;319.4405
2015;7;30;18;1.9604118;294.94772
2015;7;31;0;2.3601592;319.9773
2015;7;31;6;5.2382503;326.34283
2015;7;31;12;5.3868794;315.7095
2015;7;31;18;4.2180905;313.53897
2016;5;1;0;2.2471645;309.23886
2016;5;1;6;6.8599534;309.61453
2016;5;1;12;7.148169;336.98965
2016;5;1;18;4.479174;38.62918
2016;5;2;0;5.061596;335.2436
2016;5;2;6;7.6232114;322.42072
2016;5;2;12;4.954029;328.97693
2016;5;2;18;2.5323582;344.71884
2016;5;3;0;5.6496305;323.65607
2016;5;3;6;7.5950685;326.56073
2016;5;3;12;5.201286;343.89258
2016;5;3;18;3.346661;21.54306
2016;5;4;0;4.747447;339.22675
2016;5;4;6;6.5512466;324.08365
2016;5;4;12;5.4352126;329.3668
2016;5;4;18;3.0725548;342.4008
2016;5;5;0;6.1252975;332.3875
2016;5;5;6;7.4087996;330.92355
2016;5;5;12;5.535403;353.83365
2016;5;5;18;4.1409454;356.5729
2016;5;6;0;4.7284336;344.7701
2016;5;6;6;5.513341;321.77594
2016;5;6;12;5.9882207;319.7065
2016;5;6;18;6.3201404;329.28082
2016;5;7;0;7.30153;326.54434
2016;5;7;6;8.77233;329.53137
2016;5;7;12;7.399975;332.63556
2016;5;7;18;4.3928623;338.43375
2016;5;8;0;6.2260017;320.51636
2016;5;8;6;6.903719;322.4455
2016;5;8;12;3.4602332;317.94778
2016;5;8;18;1.3172344;280.09784
2016;5;9;0;5.696114;309.5243
2016;5;9;6;6.5496845;328.31818
2016;5;9;12;3.1645796;305.2787
2016;5;9;18;0.9782324;112.661804
2016;5;10;0;3.0461679;143.93883
2016;5;10;6;4.3891478;160.74738
2016;5;10;12;3.525408;238.01141
2016;5;10;18;5.3666434;287.48483
2016;5;11;0;7.296916;305.1708
2016;5;11;6;7.767861;318.99014
2016;5;11;12;5.410167;331.6007
2016;5;11;18;2.5464444;196.82562
2016;5;12;0;3.9892397;318.0206
2016;5;12;6;6.871297;322.48782
2016;5;12;12;7.847555;329.2461
2016;5;12;18;5.723986;335.30527
2016;5;13;0;5.42271;320.01633
2016;5;13;6;4.855708;317.99753
2016;5;13;12;3.9084568;313.38992
2016;5;13;18;7.152511;319.68582
2016;5;14;0;10.807563;333.03305
2016;5;14;6;11.913469;336.72382
2016;5;14;12;11.83345;337.09775
2016;5;14;18;10.208852;340.24304
2016;5;15;0;11.097265;343.097
2016;5;15;6;10.987651;340.15396
2016;5;15;12;12.672485;341.3601
2016;5;15;18;11.266436;343.95932
2016;5;16;0;8.422727;350.2071
2016;5;16;6;4.3539543;282.3483
2016;5;16;12;5.6411753;271.8753
2016;5;16;18;5.4165053;274.67432
2016;5;17;0;6.6898913;319.06235
2016;5;17;6;10.344706;344.7646
2016;5;17;12;12.44625;346.9597
2016;5;17;18;6.5644526;355.27167
2016;5;18;0;6.8625674;346.87445
2016;5;18;6;4.244705;1.0755005
2016;5;18;12;3.0688677;94.78172
2016;5;18;18;0.8136344;307.21008
2016;5;19;0;4.4713116;312.451
2016;5;19;6;6.36985;319.70126
2016;5;19;12;3.7121751;336.7218
2016;5;19;18;0.94347906;68.518555
2016;5;20;0;1.6492378;341.336
2016;5;20;6;3.3912926;327.6982
2016;5;20;12;1.450151;340.5748
2016;5;20;18;0.7358588;149.75583
2016;5;21;0;1.1936886;134.13016
2016;5;21;6;0.7820463;70.64011
2016;5;21;12;2.621017;133.35776
2016;5;21;18;2.593658;153.28452
2016;5;22;0;2.1315048;248.66434
2016;5;22;6;0.47118092;18.000061
2016;5;22;12;2.7817404;105.24222
2016;5;22;18;3.5986624;97.570114
2016;5;23;0;3.7128131;7.159851
2016;5;23;6;4.1199207;3.9695435
2016;5;23;12;4.9012566;34.543518
2016;5;23;18;4.6243315;83.81299
2016;5;24;0;3.7717128;59.75467
2016;5;24;6;2.556828;46.91153
2016;5;24;12;3.8310778;79.515564
2016;5;24;18;2.7986226;78.1333
2016;5;25;0;2.004499;294.3156
2016;5;25;6;2.4720924;249.99765
2016;5;25;12;7.2203526;151.26434
2016;5;25;18;6.853949;179.80792
2016;5;26;0;15.269369;312.9566
2016;5;26;6;16.430206;319.10663
2016;5;26;12;15.303731;327.06155
2016;5;26;18;13.62791;336.28177
2016;5;27;0;14.517859;336.80627
2016;5;27;6;10.612504;340.11234
2016;5;27;12;3.3084989;20.975342
2016;5;27;18;2.4372187;91.7675
2016;5;28;0;4.341023;2.7072754
2016;5;28;6;4.717461;342.4585
2016;5;28;12;3.2495248;359.71655
2016;5;28;18;3.1509104;48.48761
2016;5;29;0;5.172588;350.8194
2016;5;29;6;5.220376;335.037
2016;5;29;12;4.0985045;346.3008
2016;5;29;18;4.169533;109.83104
2016;5;30;0;5.908483;127.74301
2016;5;30;6;4.3148365;103.57277
2016;5;30;12;3.8929799;104.124084
2016;5;30;18;4.0325475;104.74396
2016;5;31;0;2.7131066;26.43396
2016;5;31;6;3.8533554;357.51556
2016;5;31;12;4.189479;49.589355
2016;5;31;18;2.483002;325.05588
2016;6;1;0;6.8955674;288.8274
2016;6;1;6;9.30602;302.5685
2016;6;1;12;5.172602;344.97876
2016;6;1;18;1.8412088;53.826447
2016;6;2;0;3.138941;15.567322
2016;6;2;6;3.8744857;26.246948
2016;6;2;12;2.934256;25.02417
2016;6;2;18;2.4378004;58.360657
2016;6;3;0;2.9989038;65.67294
2016;6;3;6;2.974325;122.03868
2016;6;3;12;2.0900788;118.433716
2016;6;3;18;0.62282324;63.69516
2016;6;4;0;3.6110783;317.6717
2016;6;4;6;5.1018553;316.56226
2016;6;4;12;5.493129;328.3806
2016;6;4;18;5.4146605;337.20428
2016;6;5;0;6.3233757;331.07233
2016;6;5;6;6.8334274;336.74487
2016;6;5;12;3.1591954;8.570038
2016;6;5;18;2.1802084;170.1694
2016;6;6;0;1.8181679;276.43866
2016;6;6;6;4.5179186;318.39957
2016;6;6;12;3.7224536;326.95355
2016;6;6;18;2.7010486;336.72592
2016;6;7;0;4.746405;342.3803
2016;6;7;6;3.2060564;356.63916
2016;6;7;12;2.9651747;339.46326
2016;6;7;18;2.0315483;322.48407
2016;6;8;0;5.389432;321.71082
2016;6;8;6;6.183993;325.85208
2016;6;8;12;5.189945;333.96124
2016;6;8;18;2.5771613;3.6312256
2016;6;9;0;4.100343;351.1648
2016;6;9;6;4.82888;345.722
2016;6;9;12;3.0929813;32.045074
2016;6;9;18;3.2615108;36.71219
2016;6;10;0;3.2286096;15.658203
2016;6;10;6;3.5298498;13.218689
2016;6;10;12;3.1177988;23.727264
2016;6;10;18;3.3476818;39.10254
2016;6;11;0;3.3050015;15.80072
2016;6;11;6;2.7413874;16.868805
2016;6;11;12;2.6044555;58.825684
2016;6;11;18;2.673035;55.576233
2016;6;12;0;1.935166;68.92322
2016;6;12;6;1.8747793;33.77545
2016;6;12;12;1.3552662;335.7798
2016;6;12;18;3.5474284;314.54544
2016;6;13;0;5.7969637;339.50488
2016;6;13;6;6.0600963;336.79785
2016;6;13;12;2.510077;0.7350464
2016;6;13;18;0.18933395;254.57945
2016;6;14;0;3.7822602;315.03372
2016;6;14;6;4.4069524;314.86255
2016;6;14;12;3.1994762;334.54742
2016;6;14;18;1.2629154;125.39331
2016;6;15;0;2.2502553;328.80707
2016;6;15;6;3.0426915;327.0451
2016;6;15;12;1.4853874;150.99252
2016;6;15;18;3.5901003;165.40929
2016;6;16;0;1.9485154;237.25006
2016;6;16;6;5.6226077;310.88647
2016;6;16;12;1.1505679;11.277283
2016;6;16;18;2.2904973;139.647
2016;6;17;0;1.4901788;90.47035
2016;6;17;6;1.9301734;86.2926
2016;6;17;12;3.5578175;104.64804
2016;6;17;18;4.784038;113.41432
2016;6;18;0;3.5376647;89.0166
2016;6;18;6;4.1169286;59.19388
2016;6;18;12;4.080835;24.221588
2016;6;18;18;3.5826874;34.51367
2016;6;19;0;5.650883;15.0269165
2016;6;19;6;5.60332;9.121979
2016;6;19;12;5.2305436;13.100525
2016;6;19;18;2.9232936;23.167297
2016;6;20;0;3.431917;313.3515
2016;6;20;6;6.9658184;326.4084
2016;6;20;12;6.3737383;331.83322
2016;6;20;18;2.6404169;336.7174
2016;6;21;0;5.8041773;319.52368
2016;6;21;6;4.1543484;315.99988
2016;6;21;12;1.9470907;318.80994
2016;6;21;18;2.570433;237.50179
2016;6;22;0;4.424696;281.81665
2016;6;22;6;6.8683653;317.3789
2016;6;22;12;6.8431373;329.33444
2016;6;22;18;4.477592;310.92606
2016;6;23;0;6.6170087;323.3682
2016;6;23;6;3.99087;341.04034
2016;6;23;12;2.8599527;67.925446
2016;6;23;18;0.92183906;54.914307
2016;6;24;0;2.459668;325.61002
2016;6;24;6;5.0743675;318.27658
2016;6;24;12;7.3646345;333.31766
2016;6;24;18;5.9260206;331.55786
2016;6;25;0;7.0694804;314.10016
2016;6;25;6;7.455725;323.4136
2016;6;25;12;2.1034992;15.815338
2016;6;25;18;2.45946;57.9057
2016;6;26;0;3.266727;356.03265
2016;6;26;6;5.6452785;354.72324
2016;6;26;12;3.7418373;338.07843
2016;6;26;18;3.2721436;1.9215088
2016;6;27;0;3.988678;8.941681
2016;6;27;6;5.431258;335.14185
2016;6;27;12;2.9857988;32.94519
2016;6;27;18;3.059532;312.12872
2016;6;28;0;2.0744522;288.42926
2016;6;28;6;2.4478257;308.6096
2016;6;28;12;3.2348754;322.37216
2016;6;28;18;1.6028383;293.83517
2016;6;29;0;3.4732063;313.2956
2016;6;29;6;2.8721957;21.964294
2016;6;29;12;5.275933;94.10977
2016;6;29;18;1.6069891;97.91095
2016;6;30;0;2.624926;326.92545
2016;6;30;6;2.7393425;322.80386
2016;6;30;12;3.1485047;7.123535
2016;6;30;18;0.88668895;239.32039
2016;7;1;0;0.38664323;164.50992
2016;7;1;6;5.993217;325.416
2016;7;1;12;6.830251;333.31833
2016;7;1;18;1.4108622;356.4478
2016;7;2;0;3.041274;348.08804
2016;7;2;6;5.500459;324.08987
2016;7;2;12;4.05528;336.07745
2016;7;2;18;2.3724258;356.1353
2016;7;3;0;4.6300955;338.0542
2016;7;3;6;5.431369;334.52866
2016;7;3;12;4.481869;355.80774
2016;7;3;18;2.5667708;12.902679
2016;7;4;0;5.1790156;327.3014
2016;7;4;6;6.283824;319.97617
2016;7;4;12;4.6692653;319.57068
2016;7;4;18;2.3319182;320.2643
2016;7;5;0;2.8019617;324.87323
2016;7;5;6;2.98161;352.52045
2016;7;5;12;2.3420472;17.534882
2016;7;5;18;1.6403544;90.06761
2016;7;6;0;2.1698344;22.200806
2016;7;6;6;5.1005387;327.92404
2016;7;6;12;3.621544;317.64398
2016;7;6;18;3.0396922;333.63052
2016;7;7;0;5.518952;307.0241
2016;7;7;6;7.03752;321.44873
2016;7;7;12;4.9330306;323.04153
2016;7;7;18;0.038621023;80.746765
2016;7;8;0;4.8198695;320.0289
2016;7;8;6;6.743795;317.50183
2016;7;8;12;6.5678716;324.46536
2016;7;8;18;1.7427514;49.79669
2016;7;9;0;5.0122743;143.83917
2016;7;9;6;1.5980617;355.45117
2016;7;9;12;2.795667;341.67572
2016;7;9;18;5.0002937;332.94574
2016;7;10;0;6.6044664;328.94897
2016;7;10;6;6.263631;338.44073
2016;7;10;12;2.5913613;38.055878
2016;7;10;18;1.035641;92.84694
2016;7;11;0;5.6013684;317.106
2016;7;11;6;5.5780163;321.85
2016;7;11;12;3.8143022;338.31964
2016;7;11;18;1.693609;314.26904
2016;7;12;0;4.781826;320.25644
2016;7;12;6;3.5805535;330.3803
2016;7;12;12;3.152198;11.75116
2016;7;12;18;1.7181141;359.25745
2016;7;13;0;2.9089272;338.36407
2016;7;13;6;3.13249;10.932709
2016;7;13;12;3.18131;18.665253
2016;7;13;18;2.6513212;91.23779
2016;7;14;0;3.5001614;63.41098
2016;7;14;6;4.5976515;55.871033
2016;7;14;12;4.9288907;39.212708
2016;7;14;18;4.8239017;40.473877
2016;7;15;0;3.9669635;29.456604
2016;7;15;6;4.6141186;4.015747
2016;7;15;12;3.3860822;353.82965
2016;7;15;18;2.1157062;303.4715
2016;7;16;0;4.2379594;316.48834
2016;7;16;6;5.2708945;316.10483
2016;7;16;12;3.2888248;327.2331
2016;7;16;18;2.3592582;310.26965
2016;7;17;0;5.2415233;315.6551
2016;7;17;6;7.17238;326.45236
2016;7;17;12;3.7778852;327.9995
2016;7;17;18;2.2211335;314.44992
2016;7;18;0;4.9178863;318.39832
2016;7;18;6;6.815034;317.93677
2016;7;18;12;4.9736605;322.30344
2016;7;18;18;3.6014576;322.6362
2016;7;19;0;7.1839085;322.5319
2016;7;19;6;8.225841;326.9082
2016;7;19;12;5.8781066;336.0069
2016;7;19;18;5.262788;333.1935
2016;7;20;0;6.6992927;330.15366
2016;7;20;6;8.278293;334.09113
2016;7;20;12;6.6592674;344.35083
2016;7;20;18;3.8259242;337.7473
2016;7;21;0;5.9545846;335.72702
2016;7;21;6;5.960508;330.843
2016;7;21;12;3.7796824;338.59634
2016;7;21;18;2.2392764;327.0237
2016;7;22;0;5.0831265;308.04913
2016;7;22;6;5.813075;318.63626
2016;7;22;12;4.1625485;329.08002
2016;7;22;18;4.0192733;306.5906
2016;7;23;0;7.925165;326.6263
2016;7;23;6;5.8949766;329.10934
2016;7;23;12;4.7486196;332.4091
2016;7;23;18;3.2694507;309.60782
2016;7;24;0;7.032355;318.7207
2016;7;24;6;5.874334;323.4101
2016;7;24;12;2.771559;334.67627
2016;7;24;18;0.8610677;197.04547
2016;7;25;0;3.5040445;333.72427
2016;7;25;6;6.291959;317.72403
2016;7;25;12;6.000428;325.4185
2016;7;25;18;1.1711503;356.2817
2016;7;26;0;4.562973;329.4858
2016;7;26;6;6.2749662;321.29684
2016;7;26;12;4.146455;326.75015
2016;7;26;18;2.9946842;315.7488
2016;7;27;0;5.7610917;322.40723
2016;7;27;6;6.0631986;316.3247
2016;7;27;12;4.4061623;323.48022
2016;7;27;18;3.4405007;315.61652
2016;7;28;0;6.635367;321.2798
2016;7;28;6;7.6568723;324.98193
2016;7;28;12;4.2338123;326.3291
2016;7;28;18;1.2077639;272.52054
2016;7;29;0;3.379365;308.20264
2016;7;29;6;4.8363667;313.9792
2016;7;29;12;5.580394;317.60068
2016;7;29;18;5.7574167;319.2049
2016;7;30;0;7.102776;329.45404
2016;7;30;6;6.1515594;332.32138
2016;7;30;12;3.3178573;341.50238
2016;7;30;18;0.14978576;18.540558
2016;7;31;0;2.4379444;321.2528
2016;7;31;6;4.6374173;323.694
2016;7;31;12;3.4778874;325.8388
2016;7;31;18;1.1592743;159.7978
2017;5;1;0;9.11989;65.34335
2017;5;1;6;4.484943;44.191895
2017;5;1;12;5.3583794;31.44635
2017;5;1;18;5.8696966;41.19745
2017;5;2;0;6.718232;59.5661
2017;5;2;6;2.8461273;65.681946
2017;5;2;12;3.7853758;49.41043
2017;5;2;18;3.7875845;16.831696
2017;5;3;0;2.5231018;65.18564
2017;5;3;6;5.9756036;115.42584
2017;5;3;12;7.9632263;112.97569
2017;5;3;18;7.6990747;115.30403
2017;5;4;0;6.0659637;114.21503
2017;5;4;6;4.4213705;113.98181
2017;5;4;12;6.8286414;112.14101
2017;5;4;18;6.3422427;119.58249
2017;5;5;0;5.214441;105.577545
2017;5;5;6;3.3073595;56.647552
2017;5;5;12;2.6410441;53.101868
2017;5;5;18;2.6268325;31.590393
2017;5;6;0;4.013328;14.92569
2017;5;6;6;4.083009;7.484131
2017;5;6;12;3.4115536;25.861572
2017;5;6;18;3.01637;37.003265
2017;5;7;0;3.4525185;4.751953
2017;5;7;6;3.716444;348.43454
2017;5;7;12;3.8506808;325.785
2017;5;7;18;4.2093787;320.9826
2017;5;8;0;6.4162064;310.50504
2017;5;8;6;7.9247546;322.56256
2017;5;8;12;8.098245;325.99557
2017;5;8;18;8.514006;327.9725
2017;5;9;0;11.131913;332.22504
2017;5;9;6;13.860332;321.38052
2017;5;9;12;12.166566;313.69946
2017;5;9;18;21.009375;335.65045
2017;5;10;0;21.098747;352.40594
2017;5;10;6;7.344221;0.4885559
2017;5;10;12;4.6127534;305.78088
2017;5;10;18;5.9483833;11.889954
2017;5;11;0;8.01525;355.1188
2017;5;11;6;9.870193;349.05118
2017;5;11;12;8.881094;349.64932
2017;5;11;18;5.1561713;349.9544
2017;5;12;0;4.8900623;352.89304
2017;5;12;6;1.7138362;354.75085
2017;5;12;12;3.2415798;156.33243
2017;5;12;18;2.0397487;146.43652
2017;5;13;0;4.1047807;322.24274
2017;5;13;6;4.914781;340.57092
2017;5;13;12;5.868675;352.20923
2017;5;13;18;4.287673;352.63977
2017;5;14;0;5.413667;353.0542
2017;5;14;6;6.061519;334.9133
2017;5;14;12;5.978222;339.26315
2017;5;14;18;5.6543474;341.6405
2017;5;15;0;3.8398833;336.54108
2017;5;15;6;4.6614027;337.07614
2017;5;15;12;2.3197012;345.4967
2017;5;15;18;1.5811735;276.99466
2017;5;16;0;2.6001983;329.79333
2017;5;16;6;5.982561;326.05948
2017;5;16;12;3.4429104;6.9484253
2017;5;16;18;1.834752;313.56537
2017;5;17;0;4.770156;333.0559
2017;5;17;6;5.5255494;323.58698
2017;5;17;12;4.452373;332.5457
2017;5;17;18;3.2759926;332.39728
2017;5;18;0;6.001775;322.08105
2017;5;18;6;5.204433;320.23053
2017;5;18;12;0.85955393;44.607056
2017;5;18;18;1.8335097;129.29767
2017;5;19;0;0.84179693;39.207153
2017;5;19;6;1.682627;11.428131
2017;5;19;12;0.6458675;50.103638
2017;5;19;18;1.0131155;165.08888
2017;5;20;0;2.8416903;329.8865
2017;5;20;6;3.8213294;314.5211
2017;5;20;12;4.5334196;319.4735
2017;5;20;18;6.0314183;320.4576
2017;5;21;0;8.210707;326.01743
2017;5;21;6;10.329053;337.01715
2017;5;21;12;9.786354;342.46735
2017;5;21;18;6.294972;342.74365
2017;5;22;0;2.2450213;309.61398
2017;5;22;6;5.1978216;311.58588
2017;5;22;12;0.6381779;321.81427
2017;5;22;18;0.72365284;269.88278
2017;5;23;0;2.9078386;319.0755
2017;5;23;6;4.254691;333.3642
2017;5;23;12;2.907912;346.3917
2017;5;23;18;0.24401307;1.6566162
2017;5;24;0;2.7715483;290.93542
2017;5;24;6;2.872311;317.7163
2017;5;24;12;0.7223366;149.8151
2017;5;24;18;1.0292647;147.22638
2017;5;25;0;2.2588909;289.4198
2017;5;25;6;4.3265376;318.33093
2017;5;25;12;2.303572;6.2337646
2017;5;25;18;2.9875164;125.414474
2017;5;26;0;1.6155373;236.26219
2017;5;26;6;4.0132656;331.69193
2017;5;26;12;3.1838994;347.0649
2017;5;26;18;1.1016701;126.62349
2017;5;27;0;3.5397258;359.9469
2017;5;27;6;3.9237497;337.85764
2017;5;27;12;2.5553668;17.29071
2017;5;27;18;0.8627238;119.22374
2017;5;28;0;2.8563545;296.14987
2017;5;28;6;2.250292;19.25238
2017;5;28;12;3.0075588;53.696594
2017;5;28;18;1.6813346;89.29584
2017;5;29;0;1.3421615;271.5202
2017;5;29;6;2.139511;332.214
2017;5;29;12;2.846778;334.49103
2017;5;29;18;0.9661818;294.76947
2017;5;30;0;3.9111314;341.38538
2017;5;30;6;3.668279;350.93427
2017;5;30;12;4.265672;35.33246
2017;5;30;18;2.9322364;30.439117
2017;5;31;0;3.0742004;28.001678
2017;5;31;6;3.4246545;336.1886
2017;5;31;12;1.7353615;35.197083
2017;5;31;18;1.2589537;104.93918
2017;6;1;0;3.9208376;294.9763
2017;6;1;6;6.4247313;335.1592
2017;6;1;12;3.3706782;9.91861
2017;6;1;18;1.9597934;334.7711
2017;6;2;0;5.9447503;346.21887
2017;6;2;6;4.9411488;355.97974
2017;6;2;12;4.7317123;347.2194
2017;6;2;18;1.6010209;309.67957
2017;6;3;0;2.5788245;351.4686
2017;6;3;6;6.047388;332.7699
2017;6;3;12;2.8873405;338.84888
2017;6;3;18;0.24294603;300.47467
2017;6;4;0;4.0325775;310.11978
2017;6;4;6;5.796897;327.48373
2017;6;4;12;1.6713034;55.236877
2017;6;4;18;2.090803;46.687927
2017;6;5;0;4.5802646;336.10223
2017;6;5;6;3.8038192;356.82034
2017;6;5;12;2.3756726;356.12146
2017;6;5;18;1.564271;306.33713
2017;6;6;0;5.539817;328.41248
2017;6;6;6;6.3552036;327.4081
2017;6;6;12;3.5305371;337.6428
2017;6;6;18;1.3011445;356.9435
2017;6;7;0;3.3942876;339.71213
2017;6;7;6;5.5068135;335.24902
2017;6;7;12;3.3307488;350.17462
2017;6;7;18;2.1488473;51.192444
2017;6;8;0;3.3079681;10.366364
2017;6;8;6;4.088793;333.4312
2017;6;8;12;2.1375892;102.03012
2017;6;8;18;3.3015513;146.06982
2017;6;9;0;3.933484;305.65094
2017;6;9;6;5.9426293;327.5773
2017;6;9;12;3.7820158;339.47302
2017;6;9;18;1.9633526;101.90086
2017;6;10;0;4.3326626;322.75677
2017;6;10;6;6.0608573;328.6263
2017;6;10;12;3.7023957;337.88776
2017;6;10;18;1.6565969;337.74673
2017;6;11;0;4.0998507;327.48874
2017;6;11;6;5.514968;320.123
2017;6;11;12;4.2453604;324.7718
2017;6;11;18;3.1626601;328.51694
2017;6;12;0;6.059607;320.27634
2017;6;12;6;6.6551003;324.78534
2017;6;12;12;4.8554697;337.85297
2017;6;12;18;2.6922343;350.23615
2017;6;13;0;5.129592;320.46432
2017;6;13;6;6.3041472;314.20197
2017;6;13;12;4.192057;328.10522
2017;6;13;18;2.6789937;325.04675
2017;6;14;0;5.2806067;311.396
2017;6;14;6;7.297756;317.54828
2017;6;14;12;2.442406;353.96808
2017;6;14;18;3.1909273;333.49557
2017;6;15;0;5.5232477;323.77026
2017;6;15;6;5.9240704;316.74744
2017;6;15;12;4.0672584;319.4037
2017;6;15;18;2.8056486;322.3471
2017;6;16;0;4.9168334;317.4744
2017;6;16;6;5.575454;317.69653
2017;6;16;12;3.194241;332.19907
2017;6;16;18;1.0178338;356.05795
2017;6;17;0;3.0504816;324.88373
2017;6;17;6;4.2171364;326.70206
2017;6;17;12;2.6315448;317.0691
2017;6;17;18;4.1572995;300.33783
2017;6;18;0;4.8678603;325.06775
2017;6;18;6;6.909704;331.622
2017;6;18;12;4.2942305;351.3607
2017;6;18;18;1.8727651;109.04793
2017;6;19;0;2.2951353;20.387299
2017;6;19;6;2.279148;76.77228
2017;6;19;12;5.337031;119.50737
2017;6;19;18;5.114939;114.88898
2017;6;20;0;3.4887435;66.836365
2017;6;20;6;4.3958206;27.933441
2017;6;20;12;5.4283776;7.617401
2017;6;20;18;7.2104654;5.3137207
2017;6;21;0;9.624654;8.147156
2017;6;21;6;8.20982;19.041382
2017;6;21;12;6.12218;6.513855
2017;6;21;18;3.935928;20.107147
2017;6;22;0;3.9620028;350.453
2017;6;22;6;6.3399467;2.0266113
2017;6;22;12;3.9111636;15.594025
2017;6;22;18;3.4505825;356.8336
2017;6;23;0;4.5809608;336.96912
2017;6;23;6;5.0429497;0.18392944
2017;6;23;12;3.3614874;337.3543
2017;6;23;18;1.4782115;258.83615
2017;6;24;0;2.8964925;316.57553
2017;6;24;6;7.3226504;326.175
2017;6;24;12;8.161772;339.5146
2017;6;24;18;6.5911283;345.0238
2017;6;25;0;9.830182;338.76123
2017;6;25;6;8.85314;339.33566
2017;6;25;12;5.434026;341.27942
2017;6;25;18;2.7666783;339.62097
2017;6;26;0;5.4446044;319.35452
2017;6;26;6;6.785468;319.40515
2017;6;26;12;6.0532403;327.77744
2017;6;26;18;4.528549;327.4817
2017;6;27;0;6.477788;327.03082
2017;6;27;6;6.364041;335.3349
2017;6;27;12;3.4140284;4.27182
2017;6;27;18;0.89250934;26.581787
2017;6;28;0;5.730682;314.92142
2017;6;28;6;7.011593;333.72385
2017;6;28;12;5.0210423;348.04205
2017;6;28;18;0.9971034;71.49719
2017;6;29;0;3.8396058;337.01297
2017;6;29;6;5.980163;320.0986
2017;6;29;12;5.1282988;322.60617
2017;6;29;18;2.6183672;323.8144
2017;6;30;0;5.142574;323.06363
2017;6;30;6;4.931226;327.11752
2017;6;30;12;1.1425853;32.624146
2017;6;30;18;1.7025129;146.9245
2017;7;1;0;1.537617;323.09662
2017;7;1;6;3.4621503;321.8571
2017;7;1;12;3.9343262;333.89322
2017;7;1;18;1.220115;253.00027
2017;7;2;0;4.22081;199.35727
2017;7;2;6;3.854751;246.12082
2017;7;2;12;4.5559735;332.7934
2017;7;2;18;2.2136407;187.49652
2017;7;3;0;9.528575;315.74612
2017;7;3;6;9.185484;331.6147
2017;7;3;12;7.1051526;337.94986
2017;7;3;18;3.550528;330.37338
2017;7;4;0;2.1200433;66.91107
2017;7;4;6;1.7462139;109.491974
2017;7;4;12;3.873432;117.45894
2017;7;4;18;4.453155;119.22113
2017;7;5;0;3.2468896;118.26425
2017;7;5;6;3.0640347;44.82617
2017;7;5;12;3.9629114;14.08847
2017;7;5;18;4.882396;21.569427
2017;7;6;0;7.4091144;14.176636
2017;7;6;6;5.013389;25.173462
2017;7;6;12;5.132513;10.447113
2017;7;6;18;4.198211;7.7640686
2017;7;7;0;6.492903;9.997742
2017;7;7;6;6.1482887;356.50497
2017;7;7;12;4.748129;325.07156
2017;7;7;18;2.552032;310.5929
2017;7;8;0;4.7492294;317.30774
2017;7;8;6;6.460403;318.1777
2017;7;8;12;6.4891047;318.00415
2017;7;8;18;6.21963;313.7107
2017;7;9;0;8.906211;325.17285
2017;7;9;6;10.534483;333.18176
2017;7;9;12;7.0549297;337.94327
2017;7;9;18;1.6228905;108.09183
2017;7;10;0;2.4006138;334.2695
2017;7;10;6;2.6852384;356.7963
2017;7;10;12;2.8332834;4.744995
2017;7;10;18;2.172585;330.84308
2017;7;11;0;5.038729;318.39105
2017;7;11;6;6.2774134;331.4209
2017;7;11;12;5.093226;345.53192
2017;7;11;18;2.1927586;340.61407
2017;7;12;0;5.501852;331.7079
2017;7;12;6;7.189001;327.8575
2017;7;12;12;7.196497;337.2603
2017;7;12;18;5.2472067;334.149
2017;7;13;0;6.040879;327.2867
2017;7;13;6;6.585522;321.13712
2017;7;13;12;3.0827043;319.46686
2017;7;13;18;2.0152822;97.34169
2017;7;14;0;2.998687;109.23677
2017;7;14;6;4.979092;34.37149
2017;7;14;12;5.290918;49.652283
2017;7;14;18;7.1430197;37.513916
2017;7;15;0;6.44309;13.422913
2017;7;15;6;6.6269474;358.5458
2017;7;15;12;4.779201;340.87213
2017;7;15;18;2.247545;242.48001
2017;7;16;0;4.109367;293.5691
2017;7;16;6;3.2312005;327.62076
2017;7;16;12;2.2552006;84.186035
2017;7;16;18;4.479304;96.37204
2017;7;17;0;2.8835115;45.42224
2017;7;17;6;3.7521753;42.460876
2017;7;17;12;1.1002756;74.0553
2017;7;17;18;0.8208629;174.0976
2017;7;18;0;0.6917056;277.39835
2017;7;18;6;5.647626;333.13162
2017;7;18;12;4.846536;343.35284
2017;7;18;18;2.5502033;331.71588
2017;7;19;0;5.081001;322.45526
2017;7;19;6;5.26869;314.136
2017;7;19;12;2.8226004;307.16846
2017;7;19;18;1.1249946;205.0409
2017;7;20;0;0.9754682;321.55527
2017;7;20;6;2.689582;290.89075
2017;7;20;12;0.3996457;121.54625
2017;7;20;18;1.5130247;298.4907
2017;7;21;0;10.7825775;333.45306
2017;7;21;6;12.104232;345.24466
2017;7;21;12;7.373755;354.2038
2017;7;21;18;1.9414434;72.51691
2017;7;22;0;3.8865738;348.87027
2017;7;22;6;5.4186773;331.2147
2017;7;22;12;4.117278;348.75388
2017;7;22;18;1.753421;332.11066
2017;7;23;0;3.240334;336.6712
2017;7;23;6;3.901322;327.82318
2017;7;23;12;3.0250964;347.13248
2017;7;23;18;0.5178689;307.68994
2017;7;24;0;4.7686477;335.70035
2017;7;24;6;3.7971935;354.7132
2017;7;24;12;2.797239;92.90254
2017;7;24;18;2.6991444;50.973206
2017;7;25;0;5.958182;39.122375
2017;7;25;6;6.047603;68.28851
2017;7;25;12;3.1559887;99.72676
2017;7;25;18;2.4134965;16.890259
2017;7;26;0;4.4422936;1.8295288
2017;7;26;6;3.6001997;26.50241
2017;7;26;12;5.336493;354.2282
2017;7;26;18;4.461184;314.6894
2017;7;27;0;7.174894;321.04572
2017;7;27;6;9.329949;330.056
2017;7;27;12;6.358532;339.81464
2017;7;27;18;4.3433394;320.507
2017;7;28;0;6.3876214;320.5331
2017;7;28;6;5.9615827;316.90472
2017;7;28;12;3.7024786;314.7321
2017;7;28;18;2.6147144;265.54446
2017;7;29;0;5.054549;299.32022
2017;7;29;6;6.8366723;311.77652
2017;7;29;12;4.785855;332.86734
2017;7;29;18;4.7272863;329.6412
2017;7;30;0;5.9102545;329.2285
2017;7;30;6;6.2769246;323.30267
2017;7;30;12;4.4485307;311.531
2017;7;30;18;2.928332;289.07196
2017;7;31;0;3.2028854;323.0324
2017;7;31;6;5.9844327;317.61942
2017;7;31;12;5.2714944;317.8908
2017;7;31;18;5.012075;321.43698
2018;5;1;0;8.133393;329.90936
2018;5;1;6;8.406477;328.76004
2018;5;1;12;11.825209;332.5116
2018;5;1;18;15.627553;331.7183
2018;5;2;0;16.810745;336.87018
2018;5;2;6;8.154898;328.6669
2018;5;2;12;4.4247093;359.2099
2018;5;2;18;4.5305963;28.748413
2018;5;3;0;6.8405323;359.89993
2018;5;3;6;7.4973254;1.7705688
2018;5;3;12;7.1224976;353.89386
2018;5;3;18;6.5194597;340.99786
2018;5;4;0;9.540188;332.96896
2018;5;4;6;15.93686;334.67386
2018;5;4;12;14.872992;334.06955
2018;5;4;18;13.803371;332.42233
2018;5;5;0;16.937687;334.01685
2018;5;5;6;18.438437;330.67993
2018;5;5;12;15.397733;332.18707
2018;5;5;18;12.924232;331.90735
2018;5;6;0;10.140154;319.4784
2018;5;6;6;14.500603;324.0961
2018;5;6;12;18.635178;334.99744
2018;5;6;18;19.237795;331.6847
2018;5;7;0;16.95214;333.89346
2018;5;7;6;15.082934;334.05865
2018;5;7;12;11.301965;335.299
2018;5;7;18;5.5015993;328.47708
2018;5;8;0;6.01192;320.98297
2018;5;8;6;5.5863876;315.2561
2018;5;8;12;3.8020227;331.33923
2018;5;8;18;5.123893;329.20462
2018;5;9;0;6.0405674;328.55487
2018;5;9;6;4.519655;334.86966
2018;5;9;12;5.5513663;0.18603516
2018;5;9;18;4.401789;16.609192
2018;5;10;0;6.835852;0.6977234
2018;5;10;6;6.18569;359.64264
2018;5;10;12;8.276036;333.08044
2018;5;10;18;3.531307;324.8089
2018;5;11;0;2.9505641;288.9354
2018;5;11;6;2.978462;291.37253
2018;5;11;12;3.7168133;160.59088
2018;5;11;18;5.459711;164.3519
2018;5;12;0;3.6416876;143.3768
2018;5;12;6;2.1029215;89.22858
2018;5;12;12;4.540886;113.97011
2018;5;12;18;5.497779;113.808014
2018;5;13;0;3.428309;87.6785
2018;5;13;6;5.7861347;80.264465
2018;5;13;12;7.564801;100.35362
2018;5;13;18;9.243235;96.30577
2018;5;14;0;9.16614;84.21948
2018;5;14;6;9.623116;72.63815
2018;5;14;12;7.370837;97.3627
2018;5;14;18;3.9812748;143.43005
2018;5;15;0;1.9705975;113.73372
2018;5;15;6;3.0291429;306.1902
2018;5;15;12;3.7332654;310.2853
2018;5;15;18;3.2895687;276.70325
2018;5;16;0;4.677384;318.01385
2018;5;16;6;4.973547;311.75708
2018;5;16;12;1.8105153;329.85483
2018;5;16;18;2.795713;81.24432
2018;5;17;0;5.53059;71.65756
2018;5;17;6;8.156064;96.88878
2018;5;17;12;10.6976185;85.21393
2018;5;17;18;10.003363;84.19464
2018;5;18;0;4.6731176;82.884735
2018;5;18;6;5.3753543;100.35248
2018;5;18;12;7.693631;58.10074
2018;5;18;18;7.577933;112.1559
2018;5;19;0;4.509937;61.79962
2018;5;19;6;4.936121;6.8150635
2018;5;19;12;4.3357267;344.81317
2018;5;19;18;3.450273;333.9137
2018;5;20;0;6.1255813;336.05646
2018;5;20;6;7.489852;332.36127
2018;5;20;12;2.9339437;3.9822998
2018;5;20;18;2.6111937;52.901855
2018;5;21;0;4.20776;348.26416
2018;5;21;6;3.419012;8.320557
2018;5;21;12;2.7832437;18.986877
2018;5;21;18;6.4458847;48.306305
2018;5;22;0;5.7693033;67.127686
2018;5;22;6;8.603413;71.65219
2018;5;22;12;8.939052;50.714935
2018;5;22;18;8.28104;57.33185
2018;5;23;0;9.921764;21.498016
2018;5;23;6;5.757176;30.37384
2018;5;23;12;3.7686265;42.160736
2018;5;23;18;4.2328596;91.12198
2018;5;24;0;4.885848;74.43164
2018;5;24;6;5.5151405;100.528534
2018;5;24;12;5.2147565;79.65982
2018;5;24;18;1.7394066;111.60472
2018;5;25;0;5.561877;302.65527
2018;5;25;6;4.8661995;339.7104
2018;5;25;12;1.406968;17.079224
2018;5;25;18;5.9854283;78.8111
2018;5;26;0;7.8121877;48.325867
2018;5;26;6;9.1875;84.02008
2018;5;26;12;4.62151;47.95526
2018;5;26;18;8.483632;98.28499
2018;5;27;0;5.7283497;120.03508
2018;5;27;6;4.3901777;111.85919
2018;5;27;12;4.0804033;85.513916
2018;5;27;18;2.1992486;108.19473
2018;5;28;0;2.7045453;299.2823
2018;5;28;6;5.001454;323.21613
2018;5;28;12;1.8125203;38.944763
2018;5;28;18;3.4835367;75.634094
2018;5;29;0;3.0929322;60.759705
2018;5;29;6;4.4607334;1.506134
2018;5;29;12;4.961223;15.300354
2018;5;29;18;4.3101406;72.67087
2018;5;30;0;3.363627;18.785645
2018;5;30;6;3.037869;39.69333
2018;5;30;12;2.3971686;61.699005
2018;5;30;18;2.62805;116.28949
2018;5;31;0;4.020437;116.68477
2018;5;31;6;2.8990011;152.38841
2018;5;31;12;2.3387148;287.19125
2018;5;31;18;1.2505958;298.7648
2018;6;1;0;5.182929;318.19098
2018;6;1;6;7.1620197;311.31885
2018;6;1;12;4.1482167;325.54135
2018;6;1;18;2.7815492;185.90797
2018;6;2;0;1.7985904;173.6185
2018;6;2;6;1.6526492;217.8365
2018;6;2;12;6.088561;268.2721
2018;6;2;18;6.6030526;323.38556
2018;6;3;0;5.1354494;348.04895
2018;6;3;6;3.381098;317.8649
2018;6;3;12;0.7433936;276.15125
2018;6;3;18;0.3577008;71.201355
2018;6;4;0;0.13818659;165.69562
2018;6;4;6;1.5071921;66.09265
2018;6;4;12;0.84645337;83.10773
2018;6;4;18;1.5938948;83.0087
2018;6;5;0;2.3229756;34.15912
2018;6;5;6;2.990246;21.768616
2018;6;5;12;1.3386197;13.152832
2018;6;5;18;2.7503395;41.000793
2018;6;6;0;3.5434606;359.01712
2018;6;6;6;3.887294;19.335022
2018;6;6;12;3.6835036;60.400696
2018;6;6;18;4.606358;87.57242
2018;6;7;0;6.133082;102.367065
2018;6;7;6;5.084201;122.91177
2018;6;7;12;5.205156;126.41492
2018;6;7;18;3.6786735;158.17145
2018;6;8;0;0.66100705;349.77673
2018;6;8;6;7.6287127;322.39536
2018;6;8;12;8.810225;332.0714
2018;6;8;18;8.893051;339.48608
2018;6;9;0;9.1274185;349.26968
2018;6;9;6;4.972988;347.74036
2018;6;9;12;2.6729007;40.867737
2018;6;9;18;0.35579607;150.58865
2018;6;10;0;2.2639093;348.71533
2018;6;10;6;1.8733045;327.32947
2018;6;10;12;2.472277;326.30777
2018;6;10;18;1.3895369;195.05789
2018;6;11;0;1.2107944;287.9665
2018;6;11;6;1.0979087;287.93335
2018;6;11;12;1.2035837;114.72008
2018;6;11;18;1.4398363;175.8207
2018;6;12;0;1.5630808;323.40808
2018;6;12;6;2.2860186;307.6402
2018;6;12;12;2.9834385;323.4076
2018;6;12;18;1.3213178;157.80902
2018;6;13;0;1.7712073;291.5939
2018;6;13;6;1.9557885;333.4015
2018;6;13;12;0.85600686;133.33327
2018;6;13;18;1.7296387;191.52484
2018;6;14;0;2.250339;212.49503
2018;6;14;6;2.9148438;182.11604
2018;6;14;12;2.4393787;238.08891
2018;6;14;18;4.2026677;136.88147
2018;6;15;0;3.5989938;294.53336
2018;6;15;6;9.212283;331.9656
2018;6;15;12;7.8872285;357.7142
2018;6;15;18;2.5590842;56.254852
2018;6;16;0;1.609131;7.909546
2018;6;16;6;2.8610883;338.1275
2018;6;16;12;2.4376924;158.87569
2018;6;16;18;2.9326131;203.84964
2018;6;17;0;2.3088703;269.2257
2018;6;17;6;5.3306537;328.72766
2018;6;17;12;6.5745335;353.34418
2018;6;17;18;5.3403163;351.9808
2018;6;18;0;8.825424;343.74908
2018;6;18;6;10.195462;339.00146
2018;6;18;12;9.750209;357.5821
2018;6;18;18;7.2213855;352.00195
2018;6;19;0;9.1527605;351.47937
2018;6;19;6;8.589982;350.167
2018;6;19;12;5.565978;351.30322
2018;6;19;18;4.7800293;336.1834
2018;6;20;0;6.043519;337.03714
2018;6;20;6;5.3217278;324.18347
2018;6;20;12;1.8001921;22.813385
2018;6;20;18;3.9091454;98.17227
2018;6;21;0;2.8078654;97.80798
2018;6;21;6;4.4953504;49.019928
2018;6;21;12;4.2021284;14.673553
2018;6;21;18;1.466724;46.205322
2018;6;22;0;2.957647;279.57483
2018;6;22;6;4.6676283;299.17096
2018;6;22;12;4.2348175;329.5529
2018;6;22;18;1.3259346;345.44684
2018;6;23;0;1.646718;44.532104
2018;6;23;6;2.993853;64.22882
2018;6;23;12;3.6567078;29.753784
2018;6;23;18;0.34424007;338.02298
2018;6;24;0;2.5505638;280.13028
2018;6;24;6;1.3390815;272.89484
2018;6;24;12;2.0830004;174.69852
2018;6;24;18;1.6021316;139.58583
2018;6;25;0;1.8378402;288.5973
2018;6;25;6;1.6412038;338.09186
2018;6;25;12;1.5776689;269.0704
2018;6;25;18;1.5653102;208.33075
2018;6;26;0;6.2192187;338.42398
2018;6;26;6;7.043723;342.4333
2018;6;26;12;2.4974947;48.349854
2018;6;26;18;1.2237359;98.19568
2018;6;27;0;1.8832949;9.1692505
2018;6;27;6;4.496969;333.58524
2018;6;27;12;1.5994992;3.163269
2018;6;27;18;2.0717626;5.864258
2018;6;28;0;3.842229;12.7435
2018;6;28;6;5.212897;92.734116
2018;6;28;12;6.0661697;67.53882
2018;6;28;18;7.914252;108.18196
2018;6;29;0;3.740423;145.8523
2018;6;29;6;2.045495;78.61871
2018;6;29;12;1.9756505;106.21323
2018;6;29;18;1.9630262;134.73193
2018;6;30;0;3.6946588;317.40573
2018;6;30;6;5.4801702;333.83258
2018;6;30;12;3.146848;347.6583
2018;6;30;18;3.1850576;126.17015
2018;7;1;0;3.75882;120.63368
2018;7;1;6;3.16122;104.66348
2018;7;1;12;3.9859853;40.312775
2018;7;1;18;3.6529443;85.30408
2018;7;2;0;3.8576622;29.289185
2018;7;2;6;3.5889583;43.989685
2018;7;2;12;2.430161;94.23984
2018;7;2;18;1.7275729;82.506805
2018;7;3;0;2.5132856;217.60251
2018;7;3;6;3.6498423;300.91727
2018;7;3;12;0.40759757;59.925964
2018;7;3;18;3.0103517;205.02724
2018;7;4;0;3.2410877;289.8079
2018;7;4;6;3.063634;313.10608
2018;7;4;12;1.4414535;23.77362
2018;7;4;18;2.8581505;129.39589
2018;7;5;0;1.7013588;124.10498
2018;7;5;6;1.5183893;37.848755
2018;7;5;12;1.9221294;56.949677
2018;7;5;18;1.4674766;71.54697
2018;7;6;0;3.324318;340.77094
2018;7;6;6;4.5107803;335.211
2018;7;6;12;3.0579605;338.35352
2018;7;6;18;1.8666923;350.5983
2018;7;7;0;4.1617923;328.84784
2018;7;7;6;4.400709;320.37823
2018;7;7;12;1.5616223;334.35992
2018;7;7;18;1.45599;152.68297
2018;7;8;0;1.5167683;123.74899
2018;7;8;6;2.4298947;100.12605
2018;7;8;12;4.1622815;112.74208
2018;7;8;18;4.2549467;68.550476
2018;7;9;0;4.3935165;350.12247
2018;7;9;6;0.91003007;21.642883
2018;7;9;12;3.103218;300.81778
2018;7;9;18;0.8224306;331.18787
2018;7;10;0;5.3454785;338.84457
2018;7;10;6;6.783507;331.58075
2018;7;10;12;2.7440774;32.676727
2018;7;10;18;1.1635215;323.0692
2018;7;11;0;6.474912;328.56757
2018;7;11;6;9.905892;330.8982
2018;7;11;12;10.753844;338.12686
2018;7;11;18;9.529199;337.7912
2018;7;12;0;8.237738;331.93216
2018;7;12;6;5.210369;327.41235
2018;7;12;12;1.7366338;38.769104
2018;7;12;18;2.054274;21.025269
2018;7;13;0;3.5188432;343.51166
2018;7;13;6;5.2858105;351.81006
2018;7;13;12;4.7095585;338.57605
2018;7;13;18;5.355882;339.97998
2018;7;14;0;8.848046;351.21738
2018;7;14;6;9.310636;337.34003
2018;7;14;12;10.065361;342.71512
2018;7;14;18;12.4958515;340.4942
2018;7;15;0;13.693238;338.57758
2018;7;15;6;14.260402;349.37988
2018;7;15;12;14.777374;344.1839
2018;7;15;18;9.406834;347.68515
2018;7;16;0;6.9234896;343.86154
2018;7;16;6;6.7766085;328.43268
2018;7;16;12;5.5656667;324.73697
2018;7;16;18;5.8761516;326.6336
2018;7;17;0;7.009475;328.9553
2018;7;17;6;7.63338;322.82086
2018;7;17;12;5.4314013;331.40698
2018;7;17;18;3.147575;313.55734
2018;7;18;0;5.2494235;314.87228
2018;7;18;6;7.7223635;328.56766
2018;7;18;12;8.505853;340.3955
2018;7;18;18;4.703405;346.86038
2018;7;19;0;7.2574525;333.9071
2018;7;19;6;8.490433;345.70984
2018;7;19;12;6.408273;344.57635
2018;7;19;18;1.6055269;118.66409
2018;7;20;0;1.6496807;126.75816
2018;7;20;6;1.8049792;330.69778
2018;7;20;12;2.0250027;284.70157
2018;7;20;18;2.573045;309.45087
2018;7;21;0;6.7810183;332.9937
2018;7;21;6;3.9868903;352.24512
2018;7;21;12;2.3874326;36.083466
2018;7;21;18;0.9050929;194.08357
2018;7;22;0;2.2637167;306.69418
2018;7;22;6;4.7280407;333.12885
2018;7;22;12;4.346708;336.608
2018;7;22;18;6.1461935;345.0982
2018;7;23;0;8.242725;340.59045
2018;7;23;6;10.531406;338.97836
2018;7;23;12;8.641639;347.6031
2018;7;23;18;2.9801614;352.1967
2018;7;24;0;4.850092;327.32446
2018;7;24;6;4.753193;323.70975
2018;7;24;12;1.4895939;37.878113
2018;7;24;18;3.793071;92.24483
2018;7;25;0;4.3731723;358.38495
2018;7;25;6;7.143819;329.5775
2018;7;25;12;5.1727176;324.25885
2018;7;25;18;3.358323;315.50726
2018;7;26;0;4.9579606;309.2313
2018;7;26;6;5.118753;308.48633
2018;7;26;12;4.1152153;311.43268
2018;7;26;18;2.440901;314.57544
2018;7;27;0;5.400868;312.5938
2018;7;27;6;7.216099;321.7804
2018;7;27;12;5.271862;326.46497
2018;7;27;18;0.8389124;63.259277
2018;7;28;0;2.7153745;325.10013
2018;7;28;6;2.9617958;3.3973083
2018;7;28;12;2.6463482;359.5982
2018;7;28;18;3.405787;355.06097
2018;7;29;0;5.4428124;331.57007
2018;7;29;6;8.574227;331.00174
2018;7;29;12;3.5471632;19.132507
2018;7;29;18;4.9122953;359.47797
2018;7;30;0;3.6700265;357.33282
2018;7;30;6;11.13266;337.79404
2018;7;30;12;4.515982;350.83084
2018;7;30;18;3.8908842;261.9958
2018;7;31;0;6.11648;319.8407
2018;7;31;6;7.8226166;324.17123
2018;7;31;12;3.0606353;346.99997
2018;7;31;18;3.721466;213.06403
