Year;Month;Day;Hour(utc);301;365
2008;5;1;0;4.1900535;317.5085
2008;5;1;6;7.5320034;320.62408
2008;5;1;12;9.483403;326.35995
2008;5;1;18;10.459689;326.04736
2008;5;2;0;11.465237;324.27408
2008;5;2;6;10.949278;348.07452
2008;5;2;12;9.81553;4.200226
2008;5;2;18;6.0275536;41.458344
2008;5;3;0;6.5114975;38.01361
2008;5;3;6;4.9688725;35.599457
2008;5;3;12;4.0145164;42.601685
2008;5;3;18;1.9396718;47.58612
2008;5;4;0;2.6486187;21.649872
2008;5;4;6;4.331475;7.555786
2008;5;4;12;5.3270445;3.379364
2008;5;4;18;6.2000284;5.0967712
2008;5;5;0;8.3249235;20.048523
2008;5;5;6;8.620903;31.069489
2008;5;5;12;5.4489183;32.815155
2008;5;5;18;3.7181275;11.539642
2008;5;6;0;4.609414;9.710419
2008;5;6;6;4.922721;352.74884
2008;5;6;12;4.69181;341.63055
2008;5;6;18;6.5632577;0.1251831
2008;5;7;0;8.25639;12.829773
2008;5;7;6;6.7300806;5.4530334
2008;5;7;12;5.8858933;6.067688
2008;5;7;18;4.932733;1.4129639
2008;5;8;0;5.4997263;351.7297
2008;5;8;6;2.9585087;339.22913
2008;5;8;12;3.7682965;227.75487
2008;5;8;18;4.325993;245.50227
2008;5;9;0;5.7786694;315.66336
2008;5;9;6;5.721609;330.08173
2008;5;9;12;6.3181667;354.692
2008;5;9;18;5.294097;5.4091187
2008;5;10;0;7.6459694;33.473206
2008;5;10;6;7.0026746;41.562866
2008;5;10;12;4.9878554;39.12915
2008;5;10;18;4.3568935;35.140686
2008;5;11;0;4.8199487;51.375977
2008;5;11;6;5.6238337;67.429016
2008;5;11;12;7.3333673;107.062195
2008;5;11;18;6.7417808;121.97952
2008;5;12;0;3.393203;137.6253
2008;5;12;6;3.283722;147.30185
2008;5;12;12;3.9835236;130.57588
2008;5;12;18;4.9132576;144.09723
2008;5;13;0;5.0786867;135.39284
2008;5;13;6;5.229437;150.46437
2008;5;13;12;5.423873;153.88486
2008;5;13;18;5.238146;157.72592
2008;5;14;0;2.1851327;160.03325
2008;5;14;6;1.9944535;37.883728
2008;5;14;12;2.941981;60.058167
2008;5;14;18;1.1270914;42.35083
2008;5;15;0;1.6832154;340.85577
2008;5;15;6;1.6885315;73.71063
2008;5;15;12;3.2907207;120.22981
2008;5;15;18;5.0659056;181.897
2008;5;16;0;3.4610531;277.12735
2008;5;16;6;4.1773953;310.71594
2008;5;16;12;5.5147176;336.07306
2008;5;16;18;1.2793274;358.1266
2008;5;17;0;7.350297;337.83856
2008;5;17;6;6.73669;333.17343
2008;5;17;12;6.2405314;356.46146
2008;5;17;18;4.5044217;354.40692
2008;5;18;0;4.666497;340.47125
2008;5;18;6;3.9986224;339.23154
2008;5;18;12;4.618574;322.60565
2008;5;18;18;5.6227694;303.0374
2008;5;19;0;6.048777;315.97827
2008;5;19;6;4.4473467;307.9886
2008;5;19;12;3.7391582;283.18527
2008;5;19;18;3.9376333;251.0023
2008;5;20;0;7.061792;273.26773
2008;5;20;6;6.6162724;282.3983
2008;5;20;12;6.178977;281.2494
2008;5;20;18;6.1421065;284.01324
2008;5;21;0;4.364303;301.2185
2008;5;21;6;0.81296474;249.61412
2008;5;21;12;4.9829893;213.13304
2008;5;21;18;4.790723;249.43983
2008;5;22;0;2.810932;275.32147
2008;5;22;6;4.9548955;338.33963
2008;5;22;12;4.0353084;60.194275
2008;5;22;18;4.12745;32.375305
2008;5;23;0;7.977471;10.517792
2008;5;23;6;6.3101087;13.349304
2008;5;23;12;3.8424692;336.73984
2008;5;23;18;1.8490436;210.64314
2008;5;24;0;2.511432;182.53604
2008;5;24;6;3.359351;130.64062
2008;5;24;12;4.5423703;150.35187
2008;5;24;18;3.1060042;151.34299
2008;5;25;0;4.672813;116.5005
2008;5;25;6;6.088142;122.15082
2008;5;25;12;7.808251;114.46356
2008;5;25;18;8.029893;140.18329
2008;5;26;0;8.025795;130.31546
2008;5;26;6;8.980706;120.08885
2008;5;26;12;9.043887;146.46417
2008;5;26;18;7.072525;163.6199
2008;5;27;0;4.784777;148.15372
2008;5;27;6;3.401878;147.50966
2008;5;27;12;6.5993247;145.40193
2008;5;27;18;6.757356;155.07162
2008;5;28;0;8.83348;129.19998
2008;5;28;6;7.7696753;138.18915
2008;5;28;12;10.771301;140.70753
2008;5;28;18;11.313328;134.7938
2008;5;29;0;10.427575;127.30037
2008;5;29;6;11.632299;123.44418
2008;5;29;12;19.118176;121.89447
2008;5;29;18;19.118057;129.46371
2008;5;30;0;12.266389;118.32698
2008;5;30;6;11.313012;109.10298
2008;5;30;12;12.030482;140.87308
2008;5;30;18;4.885386;190.50586
2008;5;31;0;3.9169786;338.42603
2008;5;31;6;5.277326;349.58392
2008;5;31;12;2.0755327;45.39148
2008;5;31;18;3.247928;172.65802
2008;6;1;0;2.941184;146.4289
2008;6;1;6;2.687653;99.85016
2008;6;1;12;4.5709763;110.857086
2008;6;1;18;4.095323;113.19997
2008;6;2;0;4.820567;24.625916
2008;6;2;6;3.1283479;68.38733
2008;6;2;12;4.083327;128.36385
2008;6;2;18;4.6180415;122.655426
2008;6;3;0;3.5481608;98.64531
2008;6;3;6;4.829229;4.070984
2008;6;3;12;6.129626;31.356201
2008;6;3;18;3.5786343;22.140137
2008;6;4;0;6.063591;36.66803
2008;6;4;6;7.302073;29.612823
2008;6;4;12;6.7963114;43.069763
2008;6;4;18;7.829313;133.58662
2008;6;5;0;3.9784942;109.678085
2008;6;5;6;6.1755395;26.151855
2008;6;5;12;6.1730986;34.54422
2008;6;5;18;5.7373247;66.944855
2008;6;6;0;5.045067;49.49179
2008;6;6;6;5.239545;41.431152
2008;6;6;12;5.2018685;48.12018
2008;6;6;18;4.473863;86.14746
2008;6;7;0;6.668763;68.81726
2008;6;7;6;5.974515;79.14496
2008;6;7;12;3.8993669;74.18338
2008;6;7;18;2.9928916;342.21027
2008;6;8;0;5.0366173;359.14288
2008;6;8;6;6.6472363;349.08636
2008;6;8;12;6.721563;10.89621
2008;6;8;18;6.2396336;15.01413
2008;6;9;0;6.7122383;20.685669
2008;6;9;6;7.8155775;22.85852
2008;6;9;12;7.2272596;35.857574
2008;6;9;18;5.8172927;42.1026
2008;6;10;0;5.9486103;38.420593
2008;6;10;6;4.6233754;23.372131
2008;6;10;12;2.355348;20.765442
2008;6;10;18;3.1477268;355.60187
2008;6;11;0;4.950041;347.46747
2008;6;11;6;4.7281194;350.72003
2008;6;11;12;2.321525;29.458923
2008;6;11;18;2.4626656;40.746704
2008;6;12;0;4.2100425;355.89786
2008;6;12;6;5.174451;353.55637
2008;6;12;12;5.2936816;1.5314331
2008;6;12;18;4.767284;4.1115723
2008;6;13;0;5.7535825;6.793335
2008;6;13;6;4.9408216;5.1836853
2008;6;13;12;4.4600515;354.37982
2008;6;13;18;4.6840377;353.6365
2008;6;14;0;5.654632;341.8678
2008;6;14;6;5.2110786;328.54727
2008;6;14;12;9.234975;293.99518
2008;6;14;18;9.948007;311.65305
2008;6;15;0;10.332457;326.50235
2008;6;15;6;13.045976;332.54825
2008;6;15;12;14.761883;328.395
2008;6;15;18;15.801921;332.64026
2008;6;16;0;11.491601;335.04233
2008;6;16;6;8.941593;342.80194
2008;6;16;12;6.9417753;3.4854736
2008;6;16;18;6.0640955;355.7061
2008;6;17;0;6.3943515;345.5909
2008;6;17;6;7.3493967;332.7136
2008;6;17;12;9.497886;342.66333
2008;6;17;18;8.455126;346.8798
2008;6;18;0;7.9565415;349.01065
2008;6;18;6;7.5923567;357.64178
2008;6;18;12;5.9983406;348.60406
2008;6;18;18;4.1726513;312.6155
2008;6;19;0;7.84121;299.6064
2008;6;19;6;9.786159;322.85992
2008;6;19;12;11.720321;336.52094
2008;6;19;18;11.948399;342.9562
2008;6;20;0;11.796391;338.47342
2008;6;20;6;6.925006;345.322
2008;6;20;12;5.3524275;347.35614
2008;6;20;18;4.3593664;330.38232
2008;6;21;0;5.540577;333.62985
2008;6;21;6;5.5149775;326.592
2008;6;21;12;7.035609;334.34363
2008;6;21;18;6.4818516;329.8686
2008;6;22;0;5.982058;334.12872
2008;6;22;6;4.6168256;32.405243
2008;6;22;12;5.77493;27.509735
2008;6;22;18;4.5221763;11.251434
2008;6;23;0;6.181522;359.01562
2008;6;23;6;6.924986;9.301758
2008;6;23;12;5.533487;23.850647
2008;6;23;18;4.0712566;28.637878
2008;6;24;0;5.5749097;21.540619
2008;6;24;6;6.9040065;19.892792
2008;6;24;12;5.485035;32.228577
2008;6;24;18;2.9501085;45.447876
2008;6;25;0;3.733146;20.815308
2008;6;25;6;4.584447;5.084015
2008;6;25;12;4.1925955;10.810425
2008;6;25;18;3.381521;6.664337
2008;6;26;0;5.678072;15.723267
2008;6;26;6;6.8303876;19.977783
2008;6;26;12;6.432855;40.53598
2008;6;26;18;4.986586;40.079407
2008;6;27;0;6.2026825;23.179047
2008;6;27;6;8.010865;47.23105
2008;6;27;12;4.8372016;65.91785
2008;6;27;18;2.2197642;41.925385
2008;6;28;0;3.6867678;38.143677
2008;6;28;6;4.655193;11.5190735
2008;6;28;12;2.3536084;15.209381
2008;6;28;18;1.2129235;217.45518
2008;6;29;0;4.269601;340.68924
2008;6;29;6;5.392473;0.74902344
2008;6;29;12;5.733564;14.785065
2008;6;29;18;4.9813266;14.821533
2008;6;30;0;6.9794717;13.790649
2008;6;30;6;6.8602414;26.237976
2008;6;30;12;5.0295568;38.41638
2008;6;30;18;4.096277;17.961609
2008;7;1;0;5.3896646;9.881561
2008;7;1;6;5.0249557;16.975403
2008;7;1;12;4.6728954;30.58258
2008;7;1;18;3.0240562;60.956482
2008;7;2;0;4.618075;23.540771
2008;7;2;6;5.56262;36.791016
2008;7;2;12;4.959168;49.0683
2008;7;2;18;3.6848311;28.661957
2008;7;3;0;6.4240737;24.028015
2008;7;3;6;8.065193;27.0943
2008;7;3;12;7.1471744;59.834167
2008;7;3;18;6.9590287;58.295776
2008;7;4;0;4.6473284;56.832794
2008;7;4;6;4.5607753;54.513
2008;7;4;12;3.6620274;48.902313
2008;7;4;18;2.3589602;56.93286
2008;7;5;0;3.565399;30.345276
2008;7;5;6;3.6556304;34.35138
2008;7;5;12;3.576908;31.473145
2008;7;5;18;0.7686073;147.54666
2008;7;6;0;0.8874088;359.11722
2008;7;6;6;2.8221576;12.31842
2008;7;6;12;3.3626275;16.48935
2008;7;6;18;2.3745449;325.99814
2008;7;7;0;5.3334074;348.22827
2008;7;7;6;5.5160527;2.594757
2008;7;7;12;6.3717785;32.013794
2008;7;7;18;2.8977969;66.66461
2008;7;8;0;3.8658113;73.71344
2008;7;8;6;3.9049141;69.15396
2008;7;8;12;4.28528;128.43344
2008;7;8;18;4.8155284;147.81805
2008;7;9;0;1.135574;131.29712
2008;7;9;6;3.4393895;33.701355
2008;7;9;12;3.1628315;68.043396
2008;7;9;18;2.8231387;130.75099
2008;7;10;0;2.63405;136.94522
2008;7;10;6;3.0306268;93.19464
2008;7;10;12;2.9767377;115.71405
2008;7;10;18;2.3488398;221.25421
2008;7;11;0;6.2597632;314.0923
2008;7;11;6;7.2975116;320.7849
2008;7;11;12;5.818042;342.96005
2008;7;11;18;2.6977506;61.888916
2008;7;12;0;4.647362;123.35603
2008;7;12;6;5.2519145;91.49655
2008;7;12;12;7.174539;136.21008
2008;7;12;18;4.08674;137.9259
2008;7;13;0;1.736364;39.536102
2008;7;13;6;2.5250475;40.43927
2008;7;13;12;3.177853;6.7475586
2008;7;13;18;3.938178;3.5865784
2008;7;14;0;4.69276;354.32578
2008;7;14;6;6.2799296;351.62814
2008;7;14;12;7.693155;344.48633
2008;7;14;18;8.3266945;343.4028
2008;7;15;0;8.911775;343.69617
2008;7;15;6;7.349337;0.74664307
2008;7;15;12;4.5912924;33.421265
2008;7;15;18;2.1621838;88.20294
2008;7;16;0;3.095297;5.61322
2008;7;16;6;5.3550434;355.5705
2008;7;16;12;4.443265;17.70282
2008;7;16;18;3.6549594;16.485962
2008;7;17;0;5.150305;21.820862
2008;7;17;6;6.069314;14.415375
2008;7;17;12;4.7735057;22.455078
2008;7;17;18;3.141225;8.207947
2008;7;18;0;6.9000344;346.0445
2008;7;18;6;7.8920646;351.9045
2008;7;18;12;7.4106884;353.9596
2008;7;18;18;5.5176497;4.7282104
2008;7;19;0;5.753336;351.46475
2008;7;19;6;6.3689256;346.52585
2008;7;19;12;6.238464;353.13763
2008;7;19;18;5.8115625;356.34
2008;7;20;0;6.263164;356.01825
2008;7;20;6;6.768826;2.2383423
2008;7;20;12;5.7603674;6.4755554
2008;7;20;18;5.68992;351.54758
2008;7;21;0;7.0757895;339.99295
2008;7;21;6;7.253488;332.75208
2008;7;21;12;5.975877;316.63718
2008;7;21;18;9.275981;299.24136
2008;7;22;0;10.529031;321.69885
2008;7;22;6;9.636271;321.01782
2008;7;22;12;9.258632;325.3611
2008;7;22;18;15.375949;331.31158
2008;7;23;0;17.924593;341.40744
2008;7;23;6;8.5900755;12.664734
2008;7;23;12;12.08725;60.927185
2008;7;23;18;11.836475;24.017517
2008;7;24;0;8.745693;45.29547
2008;7;24;6;7.260094;61.1185
2008;7;24;12;5.828634;77.249146
2008;7;24;18;4.617648;35.776733
2008;7;25;0;3.8398216;48.604065
2008;7;25;6;4.4909673;49.10089
2008;7;25;12;2.2075262;53.285156
2008;7;25;18;3.6875193;0.20217896
2008;7;26;0;5.8099403;1.880249
2008;7;26;6;5.580104;4.09433
2008;7;26;12;3.5217772;41.702454
2008;7;26;18;4.2551126;65.851074
2008;7;27;0;6.895685;142.9773
2008;7;27;6;2.4929135;72.13641
2008;7;27;12;3.3028302;44.426422
2008;7;27;18;4.045159;18.308777
2008;7;28;0;5.4347196;21.082123
2008;7;28;6;4.9051414;25.88272
2008;7;28;12;4.6450553;42.29962
2008;7;28;18;3.8111148;106.31586
2008;7;29;0;4.0565057;114.3849
2008;7;29;6;3.7280636;117.47078
2008;7;29;12;2.157148;42.679565
2008;7;29;18;1.2265204;65.6004
2008;7;30;0;4.1583495;17.069397
2008;7;30;6;5.5876265;10.569519
2008;7;30;12;4.1720595;25.895447
2008;7;30;18;2.8431976;56.15915
2008;7;31;0;3.1739218;41.68451
2008;7;31;6;3.027267;15.835693
2008;7;31;12;1.7933819;29.546814
2008;7;31;18;1.4598624;52.96756
2009;5;1;0;3.7148094;66.92383
2009;5;1;6;4.376361;354.41693
2009;5;1;12;4.744866;4.4405212
2009;5;1;18;3.6619568;26.078766
2009;5;2;0;4.3652277;30.047974
2009;5;2;6;4.014474;18.701782
2009;5;2;12;4.333309;98.56496
2009;5;2;18;5.8861284;155.774
2009;5;3;0;5.278724;154.5354
2009;5;3;6;0.81651634;131.00156
2009;5;3;12;2.8778892;97.62189
2009;5;3;18;1.4311831;165.66867
2009;5;4;0;3.7269185;331.38376
2009;5;4;6;13.664179;325.299
2009;5;4;12;16.026896;338.1101
2009;5;4;18;12.232912;344.06604
2009;5;5;0;6.9022646;346.91483
2009;5;5;6;3.8986564;107.3952
2009;5;5;12;4.026395;114.5692
2009;5;5;18;3.950288;114.237915
2009;5;6;0;6.2301497;130.54434
2009;5;6;6;4.1632695;74.797424
2009;5;6;12;5.2628613;93.90709
2009;5;6;18;3.2192416;113.20398
2009;5;7;0;4.591766;352.15018
2009;5;7;6;4.6106224;6.661499
2009;5;7;12;4.7585864;19.94748
2009;5;7;18;4.1207685;350.72186
2009;5;8;0;6.038425;1.0554504
2009;5;8;6;5.8646655;13.161316
2009;5;8;12;5.9356494;131.36395
2009;5;8;18;12.544733;155.23123
2009;5;9;0;9.040663;161.00496
2009;5;9;6;6.0559154;173.83768
2009;5;9;12;4.754815;197.10458
2009;5;9;18;6.129846;210.31429
2009;5;10;0;4.2692413;310.35373
2009;5;10;6;5.6866508;349.143
2009;5;10;12;4.595045;33.009094
2009;5;10;18;3.5776238;149.21204
2009;5;11;0;2.1678593;229.78624
2009;5;11;6;4.4784822;353.58295
2009;5;11;12;3.299929;355.38135
2009;5;11;18;3.1743572;316.4383
2009;5;12;0;1.0271176;16.800537
2009;5;12;6;4.03411;108.00766
2009;5;12;12;5.3291864;102.17786
2009;5;12;18;3.2106798;74.755005
2009;5;13;0;3.746806;57.17636
2009;5;13;6;12.432038;120.61609
2009;5;13;12;14.625381;118.89813
2009;5;13;18;12.380993;107.061905
2009;5;14;0;13.534537;114.36873
2009;5;14;6;14.592384;105.50986
2009;5;14;12;11.745116;108.998886
2009;5;14;18;9.210474;133.55489
2009;5;15;0;6.932445;141.15637
2009;5;15;6;5.1683455;146.29834
2009;5;15;12;7.4734797;141.56566
2009;5;15;18;3.503195;140.6521
2009;5;16;0;4.2283897;29.317474
2009;5;16;6;5.68807;32.506012
2009;5;16;12;4.09557;65.11444
2009;5;16;18;4.9695673;97.79898
2009;5;17;0;5.3710876;108.35756
2009;5;17;6;5.0333223;72.43872
2009;5;17;12;5.017824;69.37372
2009;5;17;18;3.6679556;91.27908
2009;5;18;0;3.9796731;33.12451
2009;5;18;6;4.2619877;15.494598
2009;5;18;12;2.8394885;66.26373
2009;5;18;18;2.8115432;162.26295
2009;5;19;0;3.9128067;141.97185
2009;5;19;6;3.9421394;110.752365
2009;5;19;12;4.839967;128.71046
2009;5;19;18;4.543993;141.0588
2009;5;20;0;3.586495;90.46611
2009;5;20;6;3.2646267;72.761444
2009;5;20;12;3.9911077;72.0795
2009;5;20;18;4.312738;112.86438
2009;5;21;0;3.6210048;120.89456
2009;5;21;6;3.7158298;96.75169
2009;5;21;12;6.9979796;127.84224
2009;5;21;18;8.017587;116.6284
2009;5;22;0;6.371502;109.828125
2009;5;22;6;6.0485353;83.38696
2009;5;22;12;7.064197;101.70647
2009;5;22;18;7.470967;117.394745
2009;5;23;0;5.751208;72.26614
2009;5;23;6;6.419547;61.462616
2009;5;23;12;7.6883707;66.366455
2009;5;23;18;11.523805;77.75815
2009;5;24;0;10.884737;63.507507
2009;5;24;6;9.781;52.913696
2009;5;24;12;7.5075965;52.47113
2009;5;24;18;6.0792203;24.232788
2009;5;25;0;6.188398;33.302002
2009;5;25;6;6.7154484;2.107544
2009;5;25;12;6.8816023;16.431824
2009;5;25;18;4.976898;51.260193
2009;5;26;0;3.0316362;70.62134
2009;5;26;6;4.4655933;5.3601685
2009;5;26;12;5.3444724;3.7566833
2009;5;26;18;4.840454;4.8361816
2009;5;27;0;7.3236804;343.39957
2009;5;27;6;6.3905;359.5387
2009;5;27;12;3.8992505;33.398193
2009;5;27;18;3.2644842;99.12468
2009;5;28;0;3.6077116;92.48161
2009;5;28;6;4.7976894;25.12976
2009;5;28;12;4.1044874;15.060425
2009;5;28;18;4.8835354;338.46912
2009;5;29;0;8.0821085;341.89487
2009;5;29;6;9.331952;335.42874
2009;5;29;12;10.033688;342.94916
2009;5;29;18;9.157882;342.1059
2009;5;30;0;8.860492;345.50867
2009;5;30;6;8.883765;359.45847
2009;5;30;12;7.283271;4.232971
2009;5;30;18;5.9259357;356.94086
2009;5;31;0;6.2199693;350.1246
2009;5;31;6;5.815318;343.47983
2009;5;31;12;4.3325124;341.88742
2009;5;31;18;3.8209784;336.14816
2009;6;1;0;5.090691;343.2646
2009;6;1;6;4.899767;348.74725
2009;6;1;12;3.0460577;10.889923
2009;6;1;18;0.9965668;115.29863
2009;6;2;0;5.1250095;304.33002
2009;6;2;6;5.781223;320.8526
2009;6;2;12;4.5684667;351.30783
2009;6;2;18;4.851972;351.02753
2009;6;3;0;6.205234;10.493103
2009;6;3;6;7.537277;30.222656
2009;6;3;12;7.6364403;56.867004
2009;6;3;18;5.1074657;97.10118
2009;6;4;0;5.7304053;98.88342
2009;6;4;6;4.255058;126.91757
2009;6;4;12;5.5724616;119.44876
2009;6;4;18;5.7744713;153.87766
2009;6;5;0;4.074765;159.64453
2009;6;5;6;4.319587;213.97708
2009;6;5;12;5.862523;218.13097
2009;6;5;18;3.3798141;209.60767
2009;6;6;0;1.4800817;157.45145
2009;6;6;6;1.4917618;57.363403
2009;6;6;12;4.32028;121.44487
2009;6;6;18;3.84272;145.91934
2009;6;7;0;2.001852;114.075195
2009;6;7;6;2.0067222;44.697937
2009;6;7;12;1.5620209;2.3373108
2009;6;7;18;1.7133147;113.02785
2009;6;8;0;0.5435274;106.40901
2009;6;8;6;1.1651788;142.34375
2009;6;8;12;2.4963617;257.81085
2009;6;8;18;1.0769703;165.79434
2009;6;9;0;1.9428796;335.0634
2009;6;9;6;3.38225;23.18814
2009;6;9;12;2.369016;121.096054
2009;6;9;18;5.5291014;240.40865
2009;6;10;0;6.5494146;333.07272
2009;6;10;6;6.434832;3.1271973
2009;6;10;12;5.518083;14.463013
2009;6;10;18;5.6650405;351.0049
2009;6;11;0;7.4604826;350.4447
2009;6;11;6;7.215516;3.3351135
2009;6;11;12;5.7274513;17.888184
2009;6;11;18;3.2019007;61.97754
2009;6;12;0;1.2594002;85.11444
2009;6;12;6;2.3080325;16.024109
2009;6;12;12;2.0244007;11.839935
2009;6;12;18;2.5019336;347.08923
2009;6;13;0;4.2787547;350.61108
2009;6;13;6;4.397552;3.4016724
2009;6;13;12;2.415805;39.0123
2009;6;13;18;2.4803414;135.01141
2009;6;14;0;2.4362898;138.56071
2009;6;14;6;2.7486703;75.315186
2009;6;14;12;3.6730106;120.4866
2009;6;14;18;4.056449;160.61368
2009;6;15;0;2.9716396;97.49664
2009;6;15;6;3.7459767;29.30429
2009;6;15;12;4.4275484;42.273987
2009;6;15;18;3.2649124;43.644226
2009;6;16;0;3.7613463;27.660095
2009;6;16;6;4.9500065;8.7708435
2009;6;16;12;5.2414303;19.004852
2009;6;16;18;4.112681;26.777557
2009;6;17;0;4.8256903;10.983276
2009;6;17;6;6.0498934;3.9520264
2009;6;17;12;6.2649226;21.517365
2009;6;17;18;6.1727033;16.406189
2009;6;18;0;6.9579005;2.606018
2009;6;18;6;7.246426;17.011719
2009;6;18;12;4.7848635;45.877106
2009;6;18;18;5.9912186;150.50848
2009;6;19;0;5.1666183;140.2151
2009;6;19;6;5.071779;155.04019
2009;6;19;12;8.778771;141.24945
2009;6;19;18;10.107046;131.21964
2009;6;20;0;8.357168;112.42651
2009;6;20;6;8.030012;92.31935
2009;6;20;12;8.740649;120.29207
2009;6;20;18;5.853699;124.4861
2009;6;21;0;2.341863;61.109436
2009;6;21;6;5.15713;14.986542
2009;6;21;12;7.845523;2.2790222
2009;6;21;18;9.160147;343.19638
2009;6;22;0;10.554615;340.19427
2009;6;22;6;8.725616;337.34503
2009;6;22;12;8.009977;348.95547
2009;6;22;18;6.00538;348.99142
2009;6;23;0;5.3353386;351.91492
2009;6;23;6;4.419346;26.056091
2009;6;23;12;4.554371;43.25412
2009;6;23;18;2.5510814;70.52557
2009;6;24;0;1.6849741;94.36224
2009;6;24;6;2.89945;16.903534
2009;6;24;12;2.54052;34.627808
2009;6;24;18;1.1970441;81.43399
2009;6;25;0;1.7868191;351.33655
2009;6;25;6;3.0514674;3.2004395
2009;6;25;12;1.635745;46.80945
2009;6;25;18;4.2427893;142.00159
2009;6;26;0;5.651256;137.46323
2009;6;26;6;6.290934;136.24263
2009;6;26;12;9.028765;151.96521
2009;6;26;18;7.821254;160.44096
2009;6;27;0;3.7311027;150.16782
2009;6;27;6;1.8055581;329.9404
2009;6;27;12;3.3910992;357.09442
2009;6;27;18;5.234082;337.26672
2009;6;28;0;7.7287993;345.68408
2009;6;28;6;8.206441;347.8109
2009;6;28;12;6.5264935;352.51727
2009;6;28;18;4.69999;359.9571
2009;6;29;0;4.818641;353.77075
2009;6;29;6;4.97639;3.6083984
2009;6;29;12;3.147295;22.831177
2009;6;29;18;3.1061215;129.84093
2009;6;30;0;4.121127;175.93997
2009;6;30;6;3.4712245;188.60661
2009;6;30;12;4.8106084;175.17032
2009;6;30;18;8.383601;160.41971
2009;7;1;0;4.9807434;184.91971
2009;7;1;6;7.0858684;322.15344
2009;7;1;12;10.20711;343.44424
2009;7;1;18;10.999892;344.96375
2009;7;2;0;11.143295;332.0164
2009;7;2;6;10.763948;328.6531
2009;7;2;12;9.485777;333.81732
2009;7;2;18;6.5387354;347.13342
2009;7;3;0;5.5959682;347.0817
2009;7;3;6;1.5636551;98.90071
2009;7;3;12;3.2158415;164.26477
2009;7;3;18;3.78129;157.93945
2009;7;4;0;3.121633;146.082
2009;7;4;6;2.747015;105.02965
2009;7;4;12;2.0650656;108.22243
2009;7;4;18;2.936247;88.52063
2009;7;5;0;1.8306427;116.109985
2009;7;5;6;4.2407656;52.3974
2009;7;5;12;5.4079857;78.69629
2009;7;5;18;6.223235;100.4108
2009;7;6;0;5.3275237;62.405884
2009;7;6;6;5.5219727;82.36578
2009;7;6;12;4.619998;68.41867
2009;7;6;18;4.203012;101.45189
2009;7;7;0;2.952827;75.53644
2009;7;7;6;2.492968;29.707306
2009;7;7;12;4.7535653;118.74095
2009;7;7;18;4.3424816;160.37338
2009;7;8;0;3.3210993;144.95268
2009;7;8;6;2.3237178;125.68387
2009;7;8;12;5.368624;102.842804
2009;7;8;18;3.7084873;108.68727
2009;7;9;0;2.3768127;85.04028
2009;7;9;6;2.5649219;61.32721
2009;7;9;12;2.8164442;97.674576
2009;7;9;18;2.916045;116.59038
2009;7;10;0;3.207822;119.14795
2009;7;10;6;2.8737466;92.37375
2009;7;10;12;2.2127435;57.10547
2009;7;10;18;2.0984318;90.33775
2009;7;11;0;1.1237519;137.6477
2009;7;11;6;2.1783793;43.0632
2009;7;11;12;1.117754;42.215393
2009;7;11;18;0.91420376;86.566956
2009;7;12;0;2.9058876;354.75464
2009;7;12;6;3.7978284;348.6128
2009;7;12;12;4.015609;348.5065
2009;7;12;18;4.144155;340.5045
2009;7;13;0;5.547931;356.4826
2009;7;13;6;5.647247;8.953552
2009;7;13;12;5.3811255;12.06839
2009;7;13;18;5.225228;12.265442
2009;7;14;0;5.4801445;5.315918
2009;7;14;6;5.30102;18.941101
2009;7;14;12;5.2284303;8.199219
2009;7;14;18;5.4951262;15.696991
2009;7;15;0;6.3713923;20.086426
2009;7;15;6;7.050649;19.71045
2009;7;15;12;5.467054;39.637512
2009;7;15;18;3.283389;16.009613
2009;7;16;0;6.303079;8.342041
2009;7;16;6;7.379436;25.678894
2009;7;16;12;3.4023752;48.608215
2009;7;16;18;2.393474;100.94574
2009;7;17;0;2.5129218;41.98712
2009;7;17;6;4.341496;4.0770874
2009;7;17;12;5.0304565;1.9536133
2009;7;17;18;3.7332735;5.570404
2009;7;18;0;4.199985;4.7048035
2009;7;18;6;4.9771013;4.719116
2009;7;18;12;3.9455733;22.90506
2009;7;18;18;2.805886;15.0078125
2009;7;19;0;4.875061;11.640533
2009;7;19;6;4.74316;19.47992
2009;7;19;12;3.9758098;39.467865
2009;7;19;18;3.0665314;25.322754
2009;7;20;0;4.103863;64.77936
2009;7;20;6;4.1097107;49.39377
2009;7;20;12;4.3093305;47.79904
2009;7;20;18;3.2551389;20.285828
2009;7;21;0;5.0698743;351.96152
2009;7;21;6;5.784361;355.2068
2009;7;21;12;5.789413;349.75095
2009;7;21;18;5.1836147;0.717926
2009;7;22;0;6.358096;346.8297
2009;7;22;6;6.4949384;358.81146
2009;7;22;12;5.8032207;2.514038
2009;7;22;18;7.1350183;6.4832764
2009;7;23;0;8.600551;21.452393
2009;7;23;6;7.7843847;50.866577
2009;7;23;12;5.251097;26.461914
2009;7;23;18;5.605624;32.220154
2009;7;24;0;5.7551336;26.448608
2009;7;24;6;6.6603236;24.555359
2009;7;24;12;5.971135;33.15326
2009;7;24;18;5.0211043;89.20743
2009;7;25;0;4.6441746;38.9104
2009;7;25;6;7.5245953;5.044861
2009;7;25;12;7.6977596;20.359436
2009;7;25;18;5.0009437;27.543335
2009;7;26;0;5.5937963;29.836823
2009;7;26;6;5.74648;18.03421
2009;7;26;12;4.206099;48.28235
2009;7;26;18;4.1668305;139.25603
2009;7;27;0;1.1512239;104.05589
2009;7;27;6;4.5973296;29.61499
2009;7;27;12;6.3469267;27.317902
2009;7;27;18;5.882596;31.152344
2009;7;28;0;6.2562704;11.045044
2009;7;28;6;8.354297;16.76941
2009;7;28;12;6.6224093;17.97992
2009;7;28;18;5.755448;6.1845093
2009;7;29;0;7.331626;1.4609375
2009;7;29;6;7.660065;6.00473
2009;7;29;12;5.2836833;3.9549255
2009;7;29;18;4.5218844;0.40319824
2009;7;30;0;5.342758;345.9176
2009;7;30;6;5.6675096;351.71103
2009;7;30;12;4.8370905;3.256073
2009;7;30;18;3.5954344;2.0378418
2009;7;31;0;4.1269073;39.271606
2009;7;31;6;4.301695;23.207428
2009;7;31;12;3.9386096;77.64972
2009;7;31;18;3.5066588;76.7912
2010;5;1;0;5.246385;339.18863
2010;5;1;6;4.7163486;329.68558
2010;5;1;12;1.8677619;1.2807007
2010;5;1;18;2.24251;209.35127
2010;5;2;0;4.4109592;193.3464
2010;5;2;6;4.4152184;207.34444
2010;5;2;12;4.8216124;164.137
2010;5;2;18;4.5491977;144.53838
2010;5;3;0;4.0688725;133.12833
2010;5;3;6;3.76353;168.08556
2010;5;3;12;0.6699857;213.61386
2010;5;3;18;1.9421853;113.371506
2010;5;4;0;2.2621915;91.471085
2010;5;4;6;2.5076487;97.10341
2010;5;4;12;4.2271543;109.7493
2010;5;4;18;7.6469793;146.14148
2010;5;5;0;6.3941956;146.73468
2010;5;5;6;7.692084;157.31696
2010;5;5;12;8.134745;178.92279
2010;5;5;18;8.5597;179.65782
2010;5;6;0;6.891529;215.27946
2010;5;6;6;5.8226953;288.65164
2010;5;6;12;5.3422203;311.2129
2010;5;6;18;3.6250162;320.90878
2010;5;7;0;3.7270234;352.6022
2010;5;7;6;3.0502522;357.79074
2010;5;7;12;1.7067012;111.48172
2010;5;7;18;3.1685405;194.10867
2010;5;8;0;3.1952477;273.4343
2010;5;8;6;3.6269274;351.8412
2010;5;8;12;2.864815;17.34961
2010;5;8;18;0.6220529;72.332214
2010;5;9;0;0.9410601;141.7968
2010;5;9;6;1.2811887;344.08597
2010;5;9;12;1.8016777;37.416077
2010;5;9;18;1.9702123;35.383698
2010;5;10;0;4.017094;8.215515
2010;5;10;6;4.8908343;21.550903
2010;5;10;12;3.3639982;110.38173
2010;5;10;18;3.8860257;123.361664
2010;5;11;0;5.101416;141.68277
2010;5;11;6;7.235245;149.51285
2010;5;11;12;6.0135775;233.70006
2010;5;11;18;8.774886;298.15793
2010;5;12;0;15.257153;308.5355
2010;5;12;6;14.437898;309.7686
2010;5;12;12;14.2774935;320.79468
2010;5;12;18;11.861573;323.71475
2010;5;13;0;14.08009;320.53662
2010;5;13;6;12.060616;323.89362
2010;5;13;12;14.22657;332.1534
2010;5;13;18;15.650829;337.96378
2010;5;14;0;13.371373;330.28522
2010;5;14;6;9.233922;340.8725
2010;5;14;12;4.67536;51.633453
2010;5;14;18;3.9170446;107.00696
2010;5;15;0;3.7358503;91.565414
2010;5;15;6;3.6817746;102.714294
2010;5;15;12;3.112596;175.957
2010;5;15;18;2.2807653;270.32196
2010;5;16;0;6.9068985;343.86575
2010;5;16;6;8.948065;17.044403
2010;5;16;12;8.02693;10.907166
2010;5;16;18;7.4500923;7.784485
2010;5;17;0;6.277959;6.8623047
2010;5;17;6;5.893255;1.8722839
2010;5;17;12;5.119613;359.29663
2010;5;17;18;6.3176055;342.89154
2010;5;18;0;7.8664966;340.2244
2010;5;18;6;10.163215;335.57254
2010;5;18;12;8.956904;341.54523
2010;5;18;18;2.8861704;8.283447
2010;5;19;0;1.1917881;27.455292
2010;5;19;6;3.0608892;356.65253
2010;5;19;12;3.0722165;1.2987366
2010;5;19;18;3.8699188;344.16016
2010;5;20;0;5.5274334;341.81595
2010;5;20;6;5.6727085;341.76184
2010;5;20;12;3.5472243;21.614624
2010;5;20;18;2.224392;72.88965
2010;5;21;0;2.6107275;109.44676
2010;5;21;6;3.009261;119.26196
2010;5;21;12;1.3554527;135.90636
2010;5;21;18;1.5690279;55.354156
2010;5;22;0;3.915262;43.064667
2010;5;22;6;4.103224;52.33264
2010;5;22;12;3.8985145;73.8764
2010;5;22;18;3.7165167;94.44002
2010;5;23;0;5.232665;67.892365
2010;5;23;6;5.0882783;48.29486
2010;5;23;12;4.9523244;76.74017
2010;5;23;18;5.001237;96.73996
2010;5;24;0;5.2709246;49.49414
2010;5;24;6;5.153854;44.73053
2010;5;24;12;4.63754;53.40747
2010;5;24;18;4.656386;23.727325
2010;5;25;0;5.2473536;10.874603
2010;5;25;6;4.8496737;359.4798
2010;5;25;12;4.199412;9.155579
2010;5;25;18;3.4518678;354.2251
2010;5;26;0;5.9277925;356.7423
2010;5;26;6;6.5106215;3.5686035
2010;5;26;12;5.5781684;7.3392944
2010;5;26;18;4.724477;12.853363
2010;5;27;0;6.024211;357.10907
2010;5;27;6;5.8013124;345.3106
2010;5;27;12;6.04073;342.16022
2010;5;27;18;7.2274795;347.69598
2010;5;28;0;8.522727;351.7746
2010;5;28;6;7.5773106;8.586304
2010;5;28;12;5.068709;14.542145
2010;5;28;18;1.745458;9.088226
2010;5;29;0;3.9635086;349.55487
2010;5;29;6;4.583667;348.787
2010;5;29;12;4.666723;351.8846
2010;5;29;18;4.0729833;5.250458
2010;5;30;0;5.321146;13.123688
2010;5;30;6;5.21943;27.460632
2010;5;30;12;2.7236247;69.40146
2010;5;30;18;1.9703435;108.31009
2010;5;31;0;3.071363;12.6831665
2010;5;31;6;4.3809204;359.67685
2010;5;31;12;3.6328328;0.8243408
2010;5;31;18;3.4421515;352.95663
2010;6;1;0;5.4181027;357.3089
2010;6;1;6;5.2158113;24.64859
2010;6;1;12;5.2461267;28.004395
2010;6;1;18;4.5318346;23.609253
2010;6;2;0;6.1483083;355.58765
2010;6;2;6;6.944712;358.2717
2010;6;2;12;6.456361;11.479034
2010;6;2;18;4.386817;28.129333
2010;6;3;0;2.4548733;45.121033
2010;6;3;6;3.122474;23.679474
2010;6;3;12;3.0237865;33.750793
2010;6;3;18;3.393389;60.348694
2010;6;4;0;4.4382944;48.296112
2010;6;4;6;4.920525;52.23169
2010;6;4;12;4.898322;81.58725
2010;6;4;18;4.5559697;111.13472
2010;6;5;0;3.4735522;112.63258
2010;6;5;6;5.178535;74.5759
2010;6;5;12;3.443556;89.40845
2010;6;5;18;2.465056;52.035095
2010;6;6;0;4.9927735;0.9571533
2010;6;6;6;5.029549;15.521606
2010;6;6;12;3.3769002;36.806854
2010;6;6;18;2.9955013;63.674927
2010;6;7;0;3.455703;82.436646
2010;6;7;6;2.8083096;64.578064
2010;6;7;12;3.0220618;24.03888
2010;6;7;18;3.0852106;354.47986
2010;6;8;0;3.7823963;26.651764
2010;6;8;6;3.4508777;56.27234
2010;6;8;12;3.766169;97.94948
2010;6;8;18;6.5676236;162.74672
2010;6;9;0;4.8847165;184.72209
2010;6;9;6;1.9216973;178.52844
2010;6;9;12;2.538773;167.05377
2010;6;9;18;1.745574;234.32373
2010;6;10;0;5.4725366;318.99487
2010;6;10;6;8.403189;323.02576
2010;6;10;12;10.161665;328.63965
2010;6;10;18;5.190655;348.4002
2010;6;11;0;5.0387306;47.511993
2010;6;11;6;3.7991574;81.331024
2010;6;11;12;4.860305;119.49724
2010;6;11;18;7.033289;110.98485
2010;6;12;0;6.8768797;105.207
2010;6;12;6;5.987854;54.44391
2010;6;12;12;6.9341626;108.02367
2010;6;12;18;5.0320497;130.33582
2010;6;13;0;2.7094166;103.020676
2010;6;13;6;5.0117216;115.353516
2010;6;13;12;7.0096593;153.98923
2010;6;13;18;8.093194;133.64427
2010;6;14;0;8.476916;131.59659
2010;6;14;6;5.012664;105.995636
2010;6;14;12;6.310986;107.954666
2010;6;14;18;7.830153;66.595795
2010;6;15;0;3.9147754;50.590088
2010;6;15;6;5.040608;107.01071
2010;6;15;12;8.33145;149.367
2010;6;15;18;8.72994;310.60242
2010;6;16;0;12.691455;316.23126
2010;6;16;6;12.196432;315.32483
2010;6;16;12;12.944115;317.5919
2010;6;16;18;9.941292;336.7082
2010;6;17;0;7.6965685;12.344666
2010;6;17;6;6.3678894;79.228516
2010;6;17;12;9.75353;140.26768
2010;6;17;18;11.790266;137.13004
2010;6;18;0;7.636284;113.67674
2010;6;18;6;9.083753;118.796906
2010;6;18;12;11.917741;125.192474
2010;6;18;18;11.62417;132.63979
2010;6;19;0;11.588523;121.30211
2010;6;19;6;5.4414706;123.529205
2010;6;19;12;2.6272714;268.36917
2010;6;19;18;10.3117;306.21545
2010;6;20;0;8.120751;322.205
2010;6;20;6;7.914353;341.24554
2010;6;20;12;7.0990453;349.56702
2010;6;20;18;3.7618885;356.83813
2010;6;21;0;1.3563465;44.79004
2010;6;21;6;2.6650438;147.0469
2010;6;21;12;4.3276076;146.15735
2010;6;21;18;4.194515;156.8343
2010;6;22;0;2.0194974;116.70447
2010;6;22;6;3.284389;53.844208
2010;6;22;12;2.2423928;65.16449
2010;6;22;18;2.893233;113.71857
2010;6;23;0;1.6747909;51.40454
2010;6;23;6;4.5870905;15.19043
2010;6;23;12;4.8072257;22.444489
2010;6;23;18;1.647729;105.68298
2010;6;24;0;1.7652217;134.57639
2010;6;24;6;1.775837;74.833435
2010;6;24;12;2.7153559;117.378296
2010;6;24;18;3.189224;175.80424
2010;6;25;0;1.3684961;204.72015
2010;6;25;6;1.8197464;4.9048157
2010;6;25;12;2.6168048;52.02643
2010;6;25;18;4.265624;20.337097
2010;6;26;0;6.229288;25.627838
2010;6;26;6;7.236759;28.125305
2010;6;26;12;6.650381;41.710266
2010;6;26;18;2.7593925;75.59631
2010;6;27;0;4.1813884;153.5733
2010;6;27;6;2.806211;115.183624
2010;6;27;12;3.2552857;90.84764
2010;6;27;18;3.6326804;152.62772
2010;6;28;0;1.6033617;94.46074
2010;6;28;6;2.3061123;2.2828674
2010;6;28;12;3.0745053;13.5095215
2010;6;28;18;2.604269;1.6505127
2010;6;29;0;5.020054;350.4847
2010;6;29;6;5.829747;359.16562
2010;6;29;12;6.731342;1.5535889
2010;6;29;18;4.3148646;16.858917
2010;6;30;0;3.4489229;14.888489
2010;6;30;6;2.6909466;42.61566
2010;6;30;12;1.9425292;119.619934
2010;6;30;18;3.6911006;164.7194
2010;7;1;0;1.7514344;122.85599
2010;7;1;6;1.9759705;31.756714
2010;7;1;12;2.0591416;67.46945
2010;7;1;18;1.9930863;28.562378
2010;7;2;0;4.663279;5.7995605
2010;7;2;6;6.051506;4.325287
2010;7;2;12;5.1597996;22.709564
2010;7;2;18;2.239692;85.02234
2010;7;3;0;3.6466048;7.0845337
2010;7;3;6;4.8629637;15.81543
2010;7;3;12;5.2784204;36.075867
2010;7;3;18;3.0944498;46.520874
2010;7;4;0;4.6193986;73.292725
2010;7;4;6;4.0512977;24.922974
2010;7;4;12;4.6177063;10.803101
2010;7;4;18;2.1631439;78.06482
2010;7;5;0;2.612073;33.443665
2010;7;5;6;5.729706;10.528473
2010;7;5;12;4.831746;26.694427
2010;7;5;18;2.5113373;41.078735
2010;7;6;0;4.280266;26.552948
2010;7;6;6;4.6060324;15.780579
2010;7;6;12;4.535713;9.829193
2010;7;6;18;5.01559;1.6575012
2010;7;7;0;7.52578;341.77844
2010;7;7;6;8.479985;341.1632
2010;7;7;12;5.464371;13.315338
2010;7;7;18;4.1328473;119.94585
2010;7;8;0;3.3939383;354.34604
2010;7;8;6;6.4337797;357.5276
2010;7;8;12;5.4281473;29.197693
2010;7;8;18;2.759038;61.30017
2010;7;9;0;3.8584514;16.030731
2010;7;9;6;4.892477;357.4973
2010;7;9;12;5.1601458;352.995
2010;7;9;18;5.662552;344.54675
2010;7;10;0;7.19197;343.50092
2010;7;10;6;7.033375;348.61035
2010;7;10;12;5.906992;357.24707
2010;7;10;18;4.4057283;348.31134
2010;7;11;0;7.7609873;336.49835
2010;7;11;6;7.602852;332.46536
2010;7;11;12;7.8132215;340.70422
2010;7;11;18;6.195339;338.04166
2010;7;12;0;7.9603305;340.21564
2010;7;12;6;7.615181;339.85938
2010;7;12;12;7.3830237;338.86005
2010;7;12;18;6.7446756;339.49918
2010;7;13;0;8.191775;341.4527
2010;7;13;6;7.7775927;340.1347
2010;7;13;12;6.4744797;341.40015
2010;7;13;18;5.68564;347.8036
2010;7;14;0;5.6247635;351.06357
2010;7;14;6;5.6740484;357.8287
2010;7;14;12;4.6317735;3.9437866
2010;7;14;18;4.0560436;4.5269165
2010;7;15;0;5.5562916;9.907654
2010;7;15;6;5.7905607;17.585205
2010;7;15;12;3.5456681;42.29071
2010;7;15;18;3.875657;114.99568
2010;7;16;0;4.1373467;95.79106
2010;7;16;6;3.63292;104.7719
2010;7;16;12;2.700955;89.46936
2010;7;16;18;3.216013;92.005646
2010;7;17;0;2.8514006;54.47235
2010;7;17;6;4.7376842;30.076782
2010;7;17;12;4.195698;6.3724976
2010;7;17;18;4.3320656;9.14859
2010;7;18;0;5.9020224;0.064331055
2010;7;18;6;6.435072;359.0077
2010;7;18;12;5.5466566;11.296509
2010;7;18;18;5.3735523;359.57874
2010;7;19;0;6.1138983;359.93655
2010;7;19;6;5.833204;359.23755
2010;7;19;12;3.375363;6.846405
2010;7;19;18;3.5085533;343.62866
2010;7;20;0;5.4423766;340.03934
2010;7;20;6;6.0949655;349.35953
2010;7;20;12;5.501534;15.081909
2010;7;20;18;4.093535;73.64215
2010;7;21;0;5.1285853;161.58073
2010;7;21;6;1.3611931;260.06628
2010;7;21;12;3.2655222;346.47925
2010;7;21;18;5.584776;333.31616
2010;7;22;0;6.825038;347.16272
2010;7;22;6;6.729818;5.8476257
2010;7;22;12;4.4147873;20.81363
2010;7;22;18;2.8789167;102.19829
2010;7;23;0;1.9087603;102.49817
2010;7;23;6;1.7858057;24.118439
2010;7;23;12;2.409592;347.9321
2010;7;23;18;3.3390133;341.79834
2010;7;24;0;4.746965;338.11786
2010;7;24;6;5.8867955;350.92133
2010;7;24;12;3.688719;23.939026
2010;7;24;18;2.319374;106.20883
2010;7;25;0;2.8147721;145.63934
2010;7;25;6;2.6205924;68.30597
2010;7;25;12;2.301502;126.5652
2010;7;25;18;2.424406;138.38756
2010;7;26;0;1.4551392;163.543
2010;7;26;6;0.9843291;7.4270935
2010;7;26;12;1.6107419;45.56671
2010;7;26;18;1.233356;314.01086
2010;7;27;0;3.3983698;344.57938
2010;7;27;6;4.615801;355.2015
2010;7;27;12;4.782022;351.16473
2010;7;27;18;3.1650894;14.54248
2010;7;28;0;3.640435;149.09552
2010;7;28;6;6.2355785;151.34686
2010;7;28;12;8.2827;147.37772
2010;7;28;18;8.139959;150.6964
2010;7;29;0;4.588901;143.65855
2010;7;29;6;2.5686452;79.88928
2010;7;29;12;3.0589507;17.00061
2010;7;29;18;4.6194153;21.606964
2010;7;30;0;4.450268;51.484375
2010;7;30;6;2.3952;65.26343
2010;7;30;12;3.480218;105.897995
2010;7;30;18;3.5643191;134.21123
2010;7;31;0;3.9217687;102.81534
2010;7;31;6;2.7031338;68.43469
2010;7;31;12;1.5739607;85.73175
2010;7;31;18;1.8419782;329.7053
2011;5;1;0;5.6819406;24.613068
2011;5;1;6;6.2708;20.42926
2011;5;1;12;4.865337;35.51648
2011;5;1;18;3.5680835;15.764526
2011;5;2;0;5.0313463;2.0507202
2011;5;2;6;5.933656;349.44006
2011;5;2;12;5.5687113;3.1721191
2011;5;2;18;5.8783464;9.233765
2011;5;3;0;6.9795146;13.07486
2011;5;3;6;6.42659;27.089539
2011;5;3;12;3.4775064;37.740295
2011;5;3;18;2.1455188;102.637375
2011;5;4;0;2.6193435;49.495422
2011;5;4;6;4.0158324;39.201538
2011;5;4;12;2.4591494;69.67462
2011;5;4;18;1.1114967;102.96658
2011;5;5;0;2.3665123;24.681488
2011;5;5;6;3.2985265;40.303375
2011;5;5;12;2.9890924;99.0957
2011;5;5;18;4.0311584;109.364044
2011;5;6;0;4.693522;99.281876
2011;5;6;6;5.9453154;113.88937
2011;5;6;12;2.1519105;113.24086
2011;5;6;18;3.0431266;265.02972
2011;5;7;0;7.2691846;336.837
2011;5;7;6;7.7087717;349.44315
2011;5;7;12;7.686624;0.57250977
2011;5;7;18;5.6418343;8.705383
2011;5;8;0;6.1447654;8.932404
2011;5;8;6;5.5875864;6.28833
2011;5;8;12;4.769741;11.581848
2011;5;8;18;4.7827477;18.343933
2011;5;9;0;6.270729;21.058563
2011;5;9;6;5.4643674;19.268677
2011;5;9;12;3.423902;352.30402
2011;5;9;18;5.260858;346.37326
2011;5;10;0;7.6335754;14.533936
2011;5;10;6;5.162031;24.11731
2011;5;10;12;1.581737;56.034607
2011;5;10;18;1.9198308;152.16476
2011;5;11;0;0.3338288;294.1795
2011;5;11;6;4.9152594;343.45862
2011;5;11;12;6.1500745;2.044098
2011;5;11;18;7.366598;351.54596
2011;5;12;0;8.544632;354.84637
2011;5;12;6;6.2972207;7.0161743
2011;5;12;12;4.06171;60.79303
2011;5;12;18;3.032833;109.95584
2011;5;13;0;3.5646863;53.747375
2011;5;13;6;4.5884757;92.0121
2011;5;13;12;7.8503375;118.941284
2011;5;13;18;6.595112;126.29396
2011;5;14;0;7.243879;102.405365
2011;5;14;6;6.7641125;103.23439
2011;5;14;12;8.737594;55.529297
2011;5;14;18;6.7912297;70.64752
2011;5;15;0;6.934169;45.483795
2011;5;15;6;6.2393513;46.220703
2011;5;15;12;7.671252;66.27197
2011;5;15;18;4.22103;72.46164
2011;5;16;0;2.811058;358.73877
2011;5;16;6;1.4946157;351.37195
2011;5;16;12;2.503079;38.912292
2011;5;16;18;3.2166016;119.59213
2011;5;17;0;3.4830043;91.85252
2011;5;17;6;3.0856602;59.664
2011;5;17;12;3.3780072;69.883606
2011;5;17;18;1.6178018;152.39359
2011;5;18;0;3.313027;332.3728
2011;5;18;6;4.874949;38.325867
2011;5;18;12;4.3730965;45.971924
2011;5;18;18;5.4123282;33.33786
2011;5;19;0;6.335122;12.955048
2011;5;19;6;6.6553507;19.261353
2011;5;19;12;5.9282017;21.902588
2011;5;19;18;3.395159;32.023438
2011;5;20;0;4.7807894;6.769287
2011;5;20;6;4.621486;6.371704
2011;5;20;12;6.817069;11.136475
2011;5;20;18;7.559421;27.917084
2011;5;21;0;7.9023685;11.043488
2011;5;21;6;6.979701;20.733093
2011;5;21;12;5.2165294;34.233826
2011;5;21;18;2.2116985;125.7401
2011;5;22;0;1.1259241;209.91296
2011;5;22;6;0.88394165;102.95154
2011;5;22;12;3.1019533;151.51031
2011;5;22;18;4.451836;177.10089
2011;5;23;0;1.3158655;173.2748
2011;5;23;6;3.6689427;358.53223
2011;5;23;12;3.8748314;7.4671326
2011;5;23;18;4.5705366;359.3054
2011;5;24;0;6.6428695;356.57007
2011;5;24;6;6.869742;349.45166
2011;5;24;12;6.6220493;353.11957
2011;5;24;18;4.9825277;352.92694
2011;5;25;0;4.3892064;357.99393
2011;5;25;6;3.373023;98.7594
2011;5;25;12;6.1083255;125.372986
2011;5;25;18;8.784506;133.13387
2011;5;26;0;7.9656086;123.75679
2011;5;26;6;7.604208;125.713776
2011;5;26;12;6.39638;130.77261
2011;5;26;18;4.016639;153.64525
2011;5;27;0;3.1370165;328.06223
2011;5;27;6;5.5670075;348.8499
2011;5;27;12;6.4405394;346.61188
2011;5;27;18;8.697902;338.26892
2011;5;28;0;9.007752;348.72137
2011;5;28;6;7.996577;358.6333
2011;5;28;12;7.101998;3.989746
2011;5;28;18;6.8417997;351.56628
2011;5;29;0;7.7301655;347.00708
2011;5;29;6;6.8362646;354.5429
2011;5;29;12;5.259257;6.031433
2011;5;29;18;1.1524894;60.208588
2011;5;30;0;4.0995064;0.51956177
2011;5;30;6;3.8983178;0.7867737
2011;5;30;12;2.0836062;44.781006
2011;5;30;18;4.11322;161.39948
2011;5;31;0;2.0708096;148.50298
2011;5;31;6;3.4150906;13.167419
2011;5;31;12;2.629175;13.707428
2011;5;31;18;1.2712567;25.883362
2011;6;1;0;3.657194;354.77975
2011;6;1;6;4.389692;344.19922
2011;6;1;12;3.5594194;355.53748
2011;6;1;18;3.111321;351.34735
2011;6;2;0;4.6172647;358.8057
2011;6;2;6;5.3843904;341.9322
2011;6;2;12;5.6319084;347.50797
2011;6;2;18;6.4596;330.24774
2011;6;3;0;8.531166;324.95026
2011;6;3;6;8.477501;335.313
2011;6;3;12;8.949633;337.28815
2011;6;3;18;8.106257;331.89313
2011;6;4;0;8.357823;313.5418
2011;6;4;6;11.407735;294.72565
2011;6;4;12;11.26642;288.55307
2011;6;4;18;13.8486395;284.0686
2011;6;5;0;15.454794;317.2597
2011;6;5;6;14.37184;329.57715
2011;6;5;12;10.551029;337.4466
2011;6;5;18;9.03272;330.8382
2011;6;6;0;7.423852;346.01874
2011;6;6;6;5.734617;1.765625
2011;6;6;12;4.765609;6.4698486
2011;6;6;18;4.910511;0.37771606
2011;6;7;0;6.0301676;353.69473
2011;6;7;6;6.371548;345.78622
2011;6;7;12;6.345397;349.40668
2011;6;7;18;5.5571938;358.7579
2011;6;8;0;5.7643566;352.67905
2011;6;8;6;6.048821;353.65378
2011;6;8;12;5.509413;2.4344482
2011;6;8;18;4.089255;15.850464
2011;6;9;0;5.8884177;20.246033
2011;6;9;6;6.1885448;22.016144
2011;6;9;12;6.0981874;22.855896
2011;6;9;18;6.0905604;25.058838
2011;6;10;0;7.092296;23.98291
2011;6;10;6;7.8357177;24.397339
2011;6;10;12;8.17763;40.44626
2011;6;10;18;5.102889;83.400635
2011;6;11;0;3.6251936;28.64624
2011;6;11;6;5.2699127;28.901672
2011;6;11;12;4.666057;12.379669
2011;6;11;18;4.427493;31.103455
2011;6;12;0;5.081432;13.195862
2011;6;12;6;6.262659;19.524658
2011;6;12;12;4.7365894;39.9646
2011;6;12;18;3.8064964;25.76532
2011;6;13;0;5.8769817;25.77182
2011;6;13;6;5.7157955;54.629883
2011;6;13;12;4.2977653;43.37802
2011;6;13;18;5.1265335;67.92468
2011;6;14;0;4.051546;47.101074
2011;6;14;6;7.2083654;26.268341
2011;6;14;12;6.343696;42.465607
2011;6;14;18;4.020452;33.194946
2011;6;15;0;7.003174;37.731354
2011;6;15;6;5.379032;37.490723
2011;6;15;12;6.210573;16.560059
2011;6;15;18;5.2754736;20.748932
2011;6;16;0;6.5649323;5.6987915
2011;6;16;6;7.8587575;3.9938965
2011;6;16;12;7.263108;1.8640747
2011;6;16;18;4.7111683;357.06314
2011;6;17;0;5.736531;340.54446
2011;6;17;6;5.1168294;346.0833
2011;6;17;12;2.7026103;56.83963
2011;6;17;18;3.0227492;156.1477
2011;6;18;0;1.5540221;332.24762
2011;6;18;6;3.1373186;6.5452576
2011;6;18;12;3.7415466;355.06653
2011;6;18;18;2.9108822;7.833252
2011;6;19;0;5.518682;357.16193
2011;6;19;6;6.15602;0.72576904
2011;6;19;12;5.777262;3.8941345
2011;6;19;18;3.942223;11.620178
2011;6;20;0;5.1889343;353.2333
2011;6;20;6;6.0813856;1.9879761
2011;6;20;12;5.799504;6.041504
2011;6;20;18;5.236108;17.548096
2011;6;21;0;5.6551;5.3591003
2011;6;21;6;5.8169265;9.54657
2011;6;21;12;5.176347;9.57251
2011;6;21;18;5.575815;20.0336
2011;6;22;0;6.5668054;4.020813
2011;6;22;6;6.707353;11.626221
2011;6;22;12;6.804683;13.982361
2011;6;22;18;5.352849;16.906677
2011;6;23;0;6.1733675;4.288147
2011;6;23;6;6.44089;7.8760986
2011;6;23;12;6.044804;5.967102
2011;6;23;18;5.4163103;15.964172
2011;6;24;0;6.0634394;19.531616
2011;6;24;6;6.0900903;16.312866
2011;6;24;12;4.931764;26.935852
2011;6;24;18;3.0282981;40.873444
2011;6;25;0;3.506608;46.35843
2011;6;25;6;4.3570933;6.562195
2011;6;25;12;3.8397977;15.024384
2011;6;25;18;2.861017;17.96756
2011;6;26;0;4.8012934;357.51114
2011;6;26;6;5.0717344;359.89838
2011;6;26;12;4.410296;6.243744
2011;6;26;18;2.4744072;49.142883
2011;6;27;0;4.112791;32.70932
2011;6;27;6;4.176351;9.981689
2011;6;27;12;4.225888;30.856384
2011;6;27;18;3.3240504;47.921967
2011;6;28;0;4.5796185;29.304443
2011;6;28;6;4.7299333;12.983124
2011;6;28;12;3.8659673;15.946625
2011;6;28;18;3.6744487;11.146759
2011;6;29;0;4.720379;17.698364
2011;6;29;6;4.413242;7.2077637
2011;6;29;12;3.0026937;9.216766
2011;6;29;18;2.319404;15.344696
2011;6;30;0;3.8836536;350.0347
2011;6;30;6;5.1189046;351.4458
2011;6;30;12;5.2620044;10.682404
2011;6;30;18;4.4692907;19.791046
2011;7;1;0;4.189639;28.231567
2011;7;1;6;4.433987;21.645294
2011;7;1;12;4.348418;17.222595
2011;7;1;18;3.209659;351.54797
2011;7;2;0;4.994656;347.643
2011;7;2;6;5.4160166;3.6049194
2011;7;2;12;5.274359;20.437408
2011;7;2;18;4.0618596;30.064423
2011;7;3;0;4.764855;23.487976
2011;7;3;6;5.4475055;18.591553
2011;7;3;12;4.8540955;18.063385
2011;7;3;18;3.957606;23.889679
2011;7;4;0;5.0424924;73.526276
2011;7;4;6;4.985649;43.12329
2011;7;4;12;2.440316;38.854248
2011;7;4;18;1.3042737;356.68384
2011;7;5;0;3.193562;322.95026
2011;7;5;6;4.389842;359.1857
2011;7;5;12;3.9212253;5.9405518
2011;7;5;18;4.0764465;9.186523
2011;7;6;0;2.997942;25.814606
2011;7;6;6;1.7226322;14.087402
2011;7;6;12;0.87004775;141.80482
2011;7;6;18;0.5310391;242.61708
2011;7;7;0;3.242525;57.60681
2011;7;7;6;4.2341733;42.532593
2011;7;7;12;5.166561;37.151276
2011;7;7;18;3.8663974;59.271667
2011;7;8;0;3.9959474;27.374847
2011;7;8;6;2.5101302;41.552246
2011;7;8;12;1.1711274;24.907715
2011;7;8;18;1.7763054;179.68419
2011;7;9;0;0.5719218;197.24539
2011;7;9;6;2.105579;326.1654
2011;7;9;12;1.8604591;36.53476
2011;7;9;18;2.3662217;40.16858
2011;7;10;0;3.2962773;9.7473755
2011;7;10;6;3.6384523;9.589539
2011;7;10;12;3.8560727;30.820953
2011;7;10;18;1.4058076;73.17795
2011;7;11;0;2.5763261;66.773865
2011;7;11;6;2.9152598;53.622894
2011;7;11;12;2.5875278;58.801758
2011;7;11;18;2.8790262;94.7262
2011;7;12;0;4.0198393;68.200806
2011;7;12;6;4.093165;91.82359
2011;7;12;12;4.2599397;101.8318
2011;7;12;18;4.146236;94.41716
2011;7;13;0;3.4819155;35.663208
2011;7;13;6;3.685996;12.258881
2011;7;13;12;3.7319782;2.7116394
2011;7;13;18;2.0601149;16.258728
2011;7;14;0;2.934891;22.886414
2011;7;14;6;2.997874;30.493988
2011;7;14;12;1.9163792;65.52283
2011;7;14;18;0.4298852;159.81659
2011;7;15;0;2.500317;18.06012
2011;7;15;6;4.193129;350.56512
2011;7;15;12;5.3454423;351.84625
2011;7;15;18;5.6192694;345.68378
2011;7;16;0;7.6956725;340.3011
2011;7;16;6;6.6524453;351.11224
2011;7;16;12;3.6836097;348.5447
2011;7;16;18;2.654121;129.81444
2011;7;17;0;1.0690147;64.14557
2011;7;17;6;7.6570144;339.70572
2011;7;17;12;3.3458645;7.945801
2011;7;17;18;1.095759;121.291824
2011;7;18;0;1.624797;223.08669
2011;7;18;6;1.5096449;164.194
2011;7;18;12;3.6307647;155.93375
2011;7;18;18;3.7456698;168.65378
2011;7;19;0;0.7682993;237.3458
2011;7;19;6;2.4648373;43.658478
2011;7;19;12;3.3412073;56.77423
2011;7;19;18;5.0362997;151.59393
2011;7;20;0;3.5883136;146.55978
2011;7;20;6;1.6723098;120.88043
2011;7;20;12;2.8527608;40.79535
2011;7;20;18;4.607122;9.303345
2011;7;21;0;4.0235686;32.707825
2011;7;21;6;3.252775;38.37268
2011;7;21;12;2.7488506;91.82982
2011;7;21;18;6.596328;152.36194
2011;7;22;0;4.3522587;133.08984
2011;7;22;6;4.9825873;96.14705
2011;7;22;12;6.366354;123.56842
2011;7;22;18;7.437052;119.24968
2011;7;23;0;6.496414;106.9362
2011;7;23;6;8.660029;104.32889
2011;7;23;12;11.442816;91.76866
2011;7;23;18;13.942239;108.37248
2011;7;24;0;11.756867;97.29985
2011;7;24;6;10.91395;101.52603
2011;7;24;12;13.364435;104.573715
2011;7;24;18;9.664432;133.24927
2011;7;25;0;7.2588353;140.15462
2011;7;25;6;5.739192;146.82645
2011;7;25;12;6.6321816;145.6729
2011;7;25;18;5.513479;139.97551
2011;7;26;0;3.152721;80.775024
2011;7;26;6;3.5191226;52.275085
2011;7;26;12;3.5758367;74.756134
2011;7;26;18;3.6506276;30.311096
2011;7;27;0;4.150525;62.916107
2011;7;27;6;1.6586834;82.51892
2011;7;27;12;3.595193;0.07269287
2011;7;27;18;3.997679;342.55597
2011;7;28;0;6.35707;337.57178
2011;7;28;6;7.302347;322.751
2011;7;28;12;8.809435;331.98123
2011;7;28;18;9.111832;337.30957
2011;7;29;0;11.461582;338.79822
2011;7;29;6;12.081619;339.71265
2011;7;29;12;10.944272;340.41312
2011;7;29;18;9.7403145;349.98804
2011;7;30;0;8.333052;352.5426
2011;7;30;6;7.7199087;1.6876221
2011;7;30;12;7.090827;356.58514
2011;7;30;18;6.185952;8.838318
2011;7;31;0;6.9886103;4.5366516
2011;7;31;6;7.534196;21.700012
2011;7;31;12;6.960954;40.802643
2011;7;31;18;3.232017;51.217285
2012;5;1;0;9.81737;307.72458
2012;5;1;6;6.514324;327.5527
2012;5;1;12;6.1131544;27.131805
2012;5;1;18;5.5196543;63.94696
2012;5;2;0;1.960703;127.521545
2012;5;2;6;4.909786;338.3131
2012;5;2;12;5.7445517;345.82336
2012;5;2;18;6.9770026;345.5842
2012;5;3;0;6.4076757;11.193054
2012;5;3;6;6.6044765;20.852875
2012;5;3;12;4.9621544;37.604065
2012;5;3;18;2.6840146;19.136017
2012;5;4;0;5.265477;332.60794
2012;5;4;6;8.65778;335.70682
2012;5;4;12;8.359604;343.82257
2012;5;4;18;7.1771426;348.84937
2012;5;5;0;6.192272;353.4701
2012;5;5;6;4.621261;337.5264
2012;5;5;12;4.435008;341.69287
2012;5;5;18;6.025943;317.24963
2012;5;6;0;7.3294144;324.18088
2012;5;6;6;6.881766;337.05283
2012;5;6;12;5.8935757;336.16058
2012;5;6;18;7.0245066;331.56204
2012;5;7;0;7.4328756;338.96835
2012;5;7;6;6.6466517;349.49908
2012;5;7;12;6.1772013;338.81088
2012;5;7;18;6.821721;327.79446
2012;5;8;0;7.948664;329.22458
2012;5;8;6;7.6117454;355.26962
2012;5;8;12;5.662808;3.576477
2012;5;8;18;4.060901;10.990967
2012;5;9;0;4.776878;351.0907
2012;5;9;6;5.108651;342.33514
2012;5;9;12;5.524887;352.376
2012;5;9;18;4.821778;6.9576416
2012;5;10;0;5.99489;25.38379
2012;5;10;6;3.2416847;52.434723
2012;5;10;12;1.9610324;141.56941
2012;5;10;18;1.5957835;304.55078
2012;5;11;0;5.244132;0.35040283
2012;5;11;6;6.2357664;30.922302
2012;5;11;12;4.0465565;135.36424
2012;5;11;18;5.9160104;165.55045
2012;5;12;0;1.8767984;215.08058
2012;5;12;6;4.6939077;351.66754
2012;5;12;12;7.9445;355.1732
2012;5;12;18;9.479012;353.3992
2012;5;13;0;10.673001;342.48944
2012;5;13;6;11.240888;342.58115
2012;5;13;12;10.538682;339.16605
2012;5;13;18;10.360581;336.13605
2012;5;14;0;8.813792;347.22937
2012;5;14;6;7.238765;0.35177612
2012;5;14;12;5.1196475;21.2771
2012;5;14;18;5.206521;61.693726
2012;5;15;0;4.2641416;120.91556
2012;5;15;6;3.5695446;139.44617
2012;5;15;12;6.1074405;163.0188
2012;5;15;18;6.256944;192.2043
2012;5;16;0;3.7080545;208.79657
2012;5;16;6;1.6083374;61.98471
2012;5;16;12;2.872534;108.06792
2012;5;16;18;3.060044;178.59859
2012;5;17;0;1.8172197;205.79318
2012;5;17;6;2.4437964;34.307922
2012;5;17;12;4.1007786;98.12782
2012;5;17;18;9.607681;139.7875
2012;5;18;0;6.275905;144.2239
2012;5;18;6;2.6438236;164.47221
2012;5;18;12;1.5863421;215.92798
2012;5;18;18;3.349477;146.99039
2012;5;19;0;2.3285704;162.78802
2012;5;19;6;2.7549775;132.03806
2012;5;19;12;3.5474546;171.33044
2012;5;19;18;3.9770253;190.92354
2012;5;20;0;0.4205431;117.516205
2012;5;20;6;2.9732676;6.5769653
2012;5;20;12;1.4985391;10.034576
2012;5;20;18;1.9212321;149.75354
2012;5;21;0;1.8518455;58.59146
2012;5;21;6;2.6119592;45.81366
2012;5;21;12;2.071891;45.129883
2012;5;21;18;1.5603675;147.9255
2012;5;22;0;1.1820945;337.67212
2012;5;22;6;4.2301593;343.71198
2012;5;22;12;2.7855346;4.4874268
2012;5;22;18;1.4132229;30.665955
2012;5;23;0;3.1230679;40.408447
2012;5;23;6;5.150946;126.093735
2012;5;23;12;9.421998;143.44833
2012;5;23;18;8.807574;152.4195
2012;5;24;0;3.7576935;121.703186
2012;5;24;6;2.8883314;51.79242
2012;5;24;12;3.238722;55.87082
2012;5;24;18;5.6340933;159.39948
2012;5;25;0;2.3260775;111.23157
2012;5;25;6;1.5054193;353.25256
2012;5;25;12;6.320482;325.19226
2012;5;25;18;7.474844;328.30502
2012;5;26;0;4.8520927;336.1679
2012;5;26;6;4.0667186;0.0256958
2012;5;26;12;3.8650403;335.17035
2012;5;26;18;4.2681355;330.17667
2012;5;27;0;3.3953588;34.923035
2012;5;27;6;3.380685;100.40823
2012;5;27;12;5.6046166;148.07422
2012;5;27;18;4.9574494;155.14328
2012;5;28;0;1.6074427;322.10706
2012;5;28;6;5.0210295;359.9502
2012;5;28;12;4.885819;6.036743
2012;5;28;18;4.4330826;10.308716
2012;5;29;0;5.5974436;12.324524
2012;5;29;6;5.9029417;1.7689514
2012;5;29;12;6.155665;7.496704
2012;5;29;18;6.417545;12.703369
2012;5;30;0;6.916135;20.254608
2012;5;30;6;6.81138;20.767975
2012;5;30;12;6.5265493;24.191254
2012;5;30;18;4.7848816;40.555115
2012;5;31;0;2.7183778;82.13788
2012;5;31;6;3.0924263;343.11838
2012;5;31;12;5.6338344;5.8077087
2012;5;31;18;6.079713;20.59494
2012;6;1;0;7.159744;23.78302
2012;6;1;6;5.962474;30.202667
2012;6;1;12;4.166138;31.213165
2012;6;1;18;3.5463564;25.14148
2012;6;2;0;4.373631;12.828064
2012;6;2;6;4.8037777;8.835236
2012;6;2;12;4.878227;10.635315
2012;6;2;18;3.8824275;3.579956
2012;6;3;0;4.6598773;5.5904236
2012;6;3;6;5.8719873;349.70654
2012;6;3;12;6.2740254;11.966278
2012;6;3;18;5.228925;20.972595
2012;6;4;0;5.485618;5.303833
2012;6;4;6;5.176632;355.93942
2012;6;4;12;5.107895;352.07626
2012;6;4;18;4.3414497;352.0842
2012;6;5;0;6.570697;356.28046
2012;6;5;6;6.047751;16.757477
2012;6;5;12;4.6437263;18.228424
2012;6;5;18;4.0854874;8.31189
2012;6;6;0;5.2726865;357.0739
2012;6;6;6;6.004403;351.53543
2012;6;6;12;6.3860574;356.81192
2012;6;6;18;5.1867723;8.16275
2012;6;7;0;5.214345;6.3843994
2012;6;7;6;3.476379;43.709106
2012;6;7;12;2.3602223;108.24307
2012;6;7;18;6.110135;155.09615
2012;6;8;0;2.7634854;117.3344
2012;6;8;6;3.8562505;57.032288
2012;6;8;12;3.1140776;45.146606
2012;6;8;18;2.6639135;358.40164
2012;6;9;0;4.240494;10.908081
2012;6;9;6;4.665969;10.431824
2012;6;9;12;4.1995316;18.249023
2012;6;9;18;2.1523728;27.950745
2012;6;10;0;3.979264;14.156067
2012;6;10;6;4.160311;12.335632
2012;6;10;12;3.63899;11.458435
2012;6;10;18;2.8032343;4.32782
2012;6;11;0;4.9254556;350.86578
2012;6;11;6;5.4971585;353.00208
2012;6;11;12;5.040287;11.331116
2012;6;11;18;3.9798584;28.527283
2012;6;12;0;3.6297252;28.747162
2012;6;12;6;4.033311;3.0762024
2012;6;12;12;4.2321734;4.34317
2012;6;12;18;4.221722;359.5186
2012;6;13;0;5.9138756;349.7074
2012;6;13;6;6.641406;349.65857
2012;6;13;12;6.586527;350.90234
2012;6;13;18;6.268275;355.4427
2012;6;14;0;7.349476;353.50323
2012;6;14;6;7.661781;7.0441284
2012;6;14;12;6.3917236;22.950684
2012;6;14;18;5.142527;18.289337
2012;6;15;0;5.62296;353.64706
2012;6;15;6;6.5770864;350.7979
2012;6;15;12;8.6810055;347.171
2012;6;15;18;8.745501;359.2983
2012;6;16;0;6.833428;22.85672
2012;6;16;6;6.3138065;24.711212
2012;6;16;12;6.0560737;10.520996
2012;6;16;18;6.0579906;359.04974
2012;6;17;0;7.111425;354.12927
2012;6;17;6;6.7507167;357.76733
2012;6;17;12;7.0404263;1.4103394
2012;6;17;18;6.3054423;10.2872925
2012;6;18;0;6.6204944;5.733856
2012;6;18;6;7.3122663;6.105316
2012;6;18;12;7.017127;20.101227
2012;6;18;18;3.7416892;34.0123
2012;6;19;0;5.4843507;359.48618
2012;6;19;6;6.9953737;14.030121
2012;6;19;12;7.1618342;25.77362
2012;6;19;18;5.536456;14.338654
2012;6;20;0;6.69079;13.310242
2012;6;20;6;6.64372;8.355164
2012;6;20;12;6.233434;9.904755
2012;6;20;18;5.369874;3.0732117
2012;6;21;0;6.2155886;356.67023
2012;6;21;6;7.022666;343.16776
2012;6;21;12;8.335362;349.33765
2012;6;21;18;7.6472716;350.43433
2012;6;22;0;7.8287463;341.4006
2012;6;22;6;6.736419;337.43842
2012;6;22;12;3.9987102;352.86044
2012;6;22;18;3.0820327;305.42062
2012;6;23;0;6.7055154;313.29843
2012;6;23;6;8.891109;357.52924
2012;6;23;12;7.786216;347.20975
2012;6;23;18;7.8759427;346.6023
2012;6;24;0;7.6269374;357.44864
2012;6;24;6;7.2742825;6.7722473
2012;6;24;12;6.485851;13.416626
2012;6;24;18;5.566866;15.210602
2012;6;25;0;5.846409;2.7068787
2012;6;25;6;6.447787;352.12115
2012;6;25;12;5.9097447;351.5879
2012;6;25;18;7.1931357;349.77814
2012;6;26;0;8.442027;354.2119
2012;6;26;6;8.104007;9.546082
2012;6;26;12;7.2699175;16.280151
2012;6;26;18;6.1399913;0.20629883
2012;6;27;0;6.381969;4.6271057
2012;6;27;6;5.6513286;0.9591675
2012;6;27;12;4.8024764;6.7969055
2012;6;27;18;4.164711;354.05524
2012;6;28;0;6.078746;343.5835
2012;6;28;6;6.636925;354.36893
2012;6;28;12;8.479434;354.51453
2012;6;28;18;6.8351393;359.801
2012;6;29;0;6.3818326;354.8275
2012;6;29;6;5.045757;11.829132
2012;6;29;12;3.012319;39.591614
2012;6;29;18;3.178944;152.61464
2012;6;30;0;1.4998816;157.14078
2012;6;30;6;1.55857;24.698242
2012;6;30;12;2.6713057;13.446991
2012;6;30;18;2.757278;259.4657
2012;7;1;0;1.9132222;308.74255
2012;7;1;6;4.5514293;328.33984
2012;7;1;12;7.13664;343.96402
2012;7;1;18;6.140354;341.55136
2012;7;2;0;4.2980547;331.979
2012;7;2;6;4.9527063;333.19202
2012;7;2;12;5.2748723;321.83936
2012;7;2;18;3.810503;315.07285
2012;7;3;0;3.6460283;255.96632
2012;7;3;6;4.8831983;316.82837
2012;7;3;12;2.2267742;340.8261
2012;7;3;18;2.038725;156.90643
2012;7;4;0;0.837324;127.04668
2012;7;4;6;2.9747891;82.161896
2012;7;4;12;4.5655274;97.65776
2012;7;4;18;4.6038623;138.916
2012;7;5;0;2.9330106;134.79207
2012;7;5;6;1.323255;44.041504
2012;7;5;12;1.2376603;90.199295
2012;7;5;18;2.1576748;243.70337
2012;7;6;0;2.6726367;153.42326
2012;7;6;6;5.155878;161.28499
2012;7;6;12;7.120102;187.85178
2012;7;6;18;6.6220956;190.28168
2012;7;7;0;6.713678;190.39166
2012;7;7;6;5.4721484;231.85345
2012;7;7;12;3.5544977;302.619
2012;7;7;18;5.283255;323.11902
2012;7;8;0;6.7691107;341.0655
2012;7;8;6;6.090059;358.1348
2012;7;8;12;5.736206;16.878204
2012;7;8;18;1.4814627;23.310028
2012;7;9;0;2.9546049;203.50928
2012;7;9;6;3.8160195;159.62773
2012;7;9;12;4.967245;208.81505
2012;7;9;18;4.488932;206.99474
2012;7;10;0;2.0695062;199.70645
2012;7;10;6;2.7723966;54.815887
2012;7;10;12;1.2886611;90.30498
2012;7;10;18;2.9148984;119.150665
2012;7;11;0;2.0257711;124.533966
2012;7;11;6;3.5975978;23.368164
2012;7;11;12;6.2275496;42.87744
2012;7;11;18;4.954261;34.272186
2012;7;12;0;4.3038445;38.10092
2012;7;12;6;5.0922914;11.333923
2012;7;12;12;4.3278666;37.135315
2012;7;12;18;2.296828;74.645355
2012;7;13;0;3.019554;53.567932
2012;7;13;6;4.518136;14.835205
2012;7;13;12;4.725237;31.934326
2012;7;13;18;3.567116;28.669617
2012;7;14;0;5.3433867;16.627594
2012;7;14;6;5.6553164;4.3270874
2012;7;14;12;4.051245;14.046875
2012;7;14;18;2.0687072;38.6882
2012;7;15;0;4.059896;0.32925415
2012;7;15;6;5.112604;349.5073
2012;7;15;12;4.961747;352.36548
2012;7;15;18;3.588269;357.51447
2012;7;16;0;4.608048;344.5072
2012;7;16;6;4.78405;345.6729
2012;7;16;12;4.186336;341.76776
2012;7;16;18;4.236677;338.71478
2012;7;17;0;5.645621;337.87823
2012;7;17;6;5.796318;347.41498
2012;7;17;12;5.6328354;353.415
2012;7;17;18;5.358816;1.5846863
2012;7;18;0;6.183061;353.14896
2012;7;18;6;6.619286;356.2458
2012;7;18;12;5.7746058;351.68365
2012;7;18;18;4.6502414;349.45816
2012;7;19;0;5.681473;344.5926
2012;7;19;6;5.836368;338.368
2012;7;19;12;6.1540647;353.075
2012;7;19;18;4.1717973;354.7188
2012;7;20;0;5.4694147;3.6482544
2012;7;20;6;3.3815606;10.320892
2012;7;20;12;3.2530584;129.76361
2012;7;20;18;7.0540986;165.55678
2012;7;21;0;5.906839;156.6341
2012;7;21;6;3.0128224;137.3941
2012;7;21;12;4.335573;112.33247
2012;7;21;18;1.9260908;97.45471
2012;7;22;0;4.4792414;351.3595
2012;7;22;6;6.382029;8.750122
2012;7;22;12;7.6186895;12.381775
2012;7;22;18;7.011718;352.8825
2012;7;23;0;7.333699;354.64606
2012;7;23;6;8.373533;347.5633
2012;7;23;12;8.370996;354.05368
2012;7;23;18;6.768486;358.36432
2012;7;24;0;6.684995;12.838074
2012;7;24;6;5.8260746;15.202148
2012;7;24;12;4.4023337;33.490723
2012;7;24;18;3.1957796;8.024506
2012;7;25;0;5.383014;346.27658
2012;7;25;6;6.8984094;345.0901
2012;7;25;12;6.8040886;335.45108
2012;7;25;18;7.534226;332.4118
2012;7;26;0;7.1617165;335.23257
2012;7;26;6;7.3031874;351.65015
2012;7;26;12;5.91136;359.86438
2012;7;26;18;4.687699;7.942749
2012;7;27;0;5.394319;34.5289
2012;7;27;6;4.331009;61.392822
2012;7;27;12;3.6651804;130.12195
2012;7;27;18;5.5325313;142.37825
2012;7;28;0;5.4851933;147.07959
2012;7;28;6;4.322035;139.53183
2012;7;28;12;2.101266;126.7352
2012;7;28;18;2.335008;116.93446
2012;7;29;0;3.0514023;116.94469
2012;7;29;6;2.7512095;85.23529
2012;7;29;12;4.002404;55.50537
2012;7;29;18;4.4195185;109.42427
2012;7;30;0;5.172515;127.28781
2012;7;30;6;5.144962;137.7145
2012;7;30;12;3.2787716;127.29538
2012;7;30;18;3.0495045;123.670044
2012;7;31;0;1.77016;24.94748
2012;7;31;6;1.902728;15.23526
2012;7;31;12;2.0162098;5.211426
2012;7;31;18;2.808384;9.705353
2013;5;1;0;12.174667;344.06177
2013;5;1;6;11.638201;349.19943
2013;5;1;12;9.563325;329.93924
2013;5;1;18;9.541722;306.69608
2013;5;2;0;13.948192;302.23495
2013;5;2;6;15.512072;308.68765
2013;5;2;12;7.0819497;305.6527
2013;5;2;18;5.240478;210.05032
2013;5;3;0;9.243343;307.845
2013;5;3;6;14.454061;313.7442
2013;5;3;12;11.614839;318.74478
2013;5;3;18;14.716453;332.71402
2013;5;4;0;21.227411;338.99695
2013;5;4;6;18.483831;333.88684
2013;5;4;12;17.589409;338.94598
2013;5;4;18;12.182661;338.15814
2013;5;5;0;6.9449115;351.2365
2013;5;5;6;3.2170384;110.953064
2013;5;5;12;4.937038;142.98022
2013;5;5;18;6.8160048;145.13324
2013;5;6;0;4.521317;135.96661
2013;5;6;6;3.2234023;93.40971
2013;5;6;12;5.240808;157.1529
2013;5;6;18;6.785571;181.70525
2013;5;7;0;8.363596;165.0055
2013;5;7;6;9.262666;171.05695
2013;5;7;12;9.658502;172.4432
2013;5;7;18;11.038682;168.33209
2013;5;8;0;9.355083;152.33713
2013;5;8;6;9.168121;154.77647
2013;5;8;12;11.306741;162.66684
2013;5;8;18;10.166817;164.9721
2013;5;9;0;8.027627;150.8971
2013;5;9;6;5.550334;145.68985
2013;5;9;12;8.888586;134.65347
2013;5;9;18;9.189469;130.79135
2013;5;10;0;6.330906;111.947586
2013;5;10;6;4.673887;116.16943
2013;5;10;12;1.142666;8.531738
2013;5;10;18;5.3413606;140.77045
2013;5;11;0;2.9680378;142.1474
2013;5;11;6;3.4866054;49.064453
2013;5;11;12;4.674555;60.851105
2013;5;11;18;4.6035943;105.65588
2013;5;12;0;5.6615906;22.783997
2013;5;12;6;6.77067;26.284943
2013;5;12;12;7.460649;37.702515
2013;5;12;18;4.926495;51.106506
2013;5;13;0;5.1502705;1.4120483
2013;5;13;6;3.7881145;152.629
2013;5;13;12;3.4505563;160.84122
2013;5;13;18;5.337827;191.59785
2013;5;14;0;5.1693277;169.6011
2013;5;14;6;7.891994;157.77682
2013;5;14;12;13.832041;157.26819
2013;5;14;18;13.898915;169.69562
2013;5;15;0;7.36051;188.81416
2013;5;15;6;5.060034;320.01276
2013;5;15;12;7.552646;332.88788
2013;5;15;18;7.6499734;328.409
2013;5;16;0;6.7949467;328.0434
2013;5;16;6;4.7509327;11.242126
2013;5;16;12;9.062511;149.27826
2013;5;16;18;14.69817;155.52037
2013;5;17;0;10.272576;150.70824
2013;5;17;6;10.263412;147.90065
2013;5;17;12;12.37779;140.5667
2013;5;17;18;12.343983;136.02173
2013;5;18;0;8.5588875;126.97563
2013;5;18;6;4.6930013;104.929245
2013;5;18;12;7.531101;104.1158
2013;5;18;18;12.561103;115.55255
2013;5;19;0;8.194273;128.10924
2013;5;19;6;7.0832515;80.001526
2013;5;19;12;6.4660177;82.57782
2013;5;19;18;2.1946223;59.195496
2013;5;20;0;4.096192;0.45706177
2013;5;20;6;6.2050877;15.235413
2013;5;20;12;4.63691;358.81015
2013;5;20;18;9.391519;321.84714
2013;5;21;0;12.369146;316.40677
2013;5;21;6;10.170853;327.37436
2013;5;21;12;8.542464;338.14746
2013;5;21;18;5.893285;338.58005
2013;5;22;0;5.3430295;348.51956
2013;5;22;6;3.714748;359.5255
2013;5;22;12;1.3700696;123.850494
2013;5;22;18;4.4314647;134.0563
2013;5;23;0;5.469983;116.864075
2013;5;23;6;3.3550107;141.07584
2013;5;23;12;3.1855564;157.12039
2013;5;23;18;2.0639088;200.9143
2013;5;24;0;3.7785811;329.59457
2013;5;24;6;6.5251765;354.6317
2013;5;24;12;7.189254;1.9962769
2013;5;24;18;5.2786474;358.5501
2013;5;25;0;5.358338;351.79895
2013;5;25;6;4.953582;358.28415
2013;5;25;12;4.176751;63.01288
2013;5;25;18;3.260936;147.1582
2013;5;26;0;1.882987;243.77759
2013;5;26;6;2.871983;332.81494
2013;5;26;12;5.2253222;355.22952
2013;5;26;18;11.334638;332.02512
2013;5;27;0;10.821336;335.83054
2013;5;27;6;10.287031;341.48926
2013;5;27;12;8.263979;358.7066
2013;5;27;18;4.5388007;119.751144
2013;5;28;0;5.1062202;137.5741
2013;5;28;6;4.647845;118.27438
2013;5;28;12;3.5158386;120.13652
2013;5;28;18;1.8856817;64.91547
2013;5;29;0;4.0190396;19.30429
2013;5;29;6;4.333543;20.979431
2013;5;29;12;3.7519546;26.833801
2013;5;29;18;2.9375756;34.204437
2013;5;30;0;4.4711185;14.64679
2013;5;30;6;4.4875913;11.445648
2013;5;30;12;5.103524;10.73111
2013;5;30;18;4.789035;17.59851
2013;5;31;0;5.17182;23.881287
2013;5;31;6;3.5943463;33.17267
2013;5;31;12;3.6680255;29.974182
2013;5;31;18;3.482006;12.388519
2013;6;1;0;4.840398;17.073181
2013;6;1;6;2.9629502;28.038727
2013;6;1;12;0.83910936;311.65604
2013;6;1;18;2.0714433;256.29895
2013;6;2;0;3.8211968;324.25696
2013;6;2;6;4.5634155;16.805115
2013;6;2;12;3.8064141;55.23352
2013;6;2;18;4.5958695;142.10889
2013;6;3;0;4.6172986;126.84427
2013;6;3;6;4.3165956;76.48505
2013;6;3;12;4.6786313;82.74243
2013;6;3;18;5.304202;109.16142
2013;6;4;0;2.9982612;44.398987
2013;6;4;6;3.9478085;18.08667
2013;6;4;12;5.034147;70.77457
2013;6;4;18;4.606026;116.21309
2013;6;5;0;3.8202767;133.04515
2013;6;5;6;2.7915292;109.22272
2013;6;5;12;3.6358628;120.1331
2013;6;5;18;3.7214181;138.19536
2013;6;6;0;2.5271769;130.21786
2013;6;6;6;3.2515826;108.18375
2013;6;6;12;4.773521;98.67061
2013;6;6;18;4.3759413;126.72696
2013;6;7;0;3.8474507;60.163635
2013;6;7;6;4.5787773;52.087524
2013;6;7;12;4.217126;88.4126
2013;6;7;18;4.657335;98.17818
2013;6;8;0;4.4617343;67.02118
2013;6;8;6;3.246981;70.084045
2013;6;8;12;4.1908774;35.490845
2013;6;8;18;3.3280952;16.542969
2013;6;9;0;5.984419;20.882874
2013;6;9;6;4.617073;48.19464
2013;6;9;12;4.0898314;44.26184
2013;6;9;18;1.4959987;74.69867
2013;6;10;0;3.9460828;26.315002
2013;6;10;6;5.4195046;20.285034
2013;6;10;12;4.2029357;34.476105
2013;6;10;18;5.965175;61.41754
2013;6;11;0;6.1926537;56.23816
2013;6;11;6;5.781243;56.496033
2013;6;11;12;5.228423;32.282715
2013;6;11;18;5.7086587;53.021362
2013;6;12;0;4.9079485;35.555603
2013;6;12;6;5.3982215;40.94336
2013;6;12;12;5.372761;54.66458
2013;6;12;18;5.6366587;76.89328
2013;6;13;0;2.8843658;89.23749
2013;6;13;6;2.3017259;48.97461
2013;6;13;12;3.2626767;20.501099
2013;6;13;18;3.7762594;5.328308
2013;6;14;0;6.8924537;1.1733093
2013;6;14;6;7.155286;6.0680237
2013;6;14;12;5.8732743;15.501587
2013;6;14;18;2.6559184;25.722107
2013;6;15;0;4.20097;329.47827
2013;6;15;6;4.0829515;358.1635
2013;6;15;12;3.8821883;352.6364
2013;6;15;18;0.9930665;52.148987
2013;6;16;0;1.6893281;334.65088
2013;6;16;6;3.1606102;346.57617
2013;6;16;12;3.1885126;5.0602417
2013;6;16;18;1.6656593;356.29547
2013;6;17;0;2.3617873;27.466034
2013;6;17;6;3.5871525;357.81805
2013;6;17;12;3.3145685;29.389404
2013;6;17;18;2.9326558;26.704834
2013;6;18;0;5.4841337;358.5033
2013;6;18;6;6.475835;6.591278
2013;6;18;12;6.7410674;5.4310913
2013;6;18;18;5.8574953;8.619995
2013;6;19;0;5.8667803;1.2045288
2013;6;19;6;4.697114;8.119476
2013;6;19;12;2.3900535;14.497345
2013;6;19;18;0.30143008;190.56552
2013;6;20;0;2.461903;307.37378
2013;6;20;6;4.145321;348.042
2013;6;20;12;1.5581748;47.49347
2013;6;20;18;3.4742756;162.35416
2013;6;21;0;1.6360607;170.39005
2013;6;21;6;2.6887941;23.497498
2013;6;21;12;4.1209607;20.296936
2013;6;21;18;2.3271956;342.3244
2013;6;22;0;4.052941;350.8359
2013;6;22;6;3.1914725;12.370483
2013;6;22;12;2.67956;85.83865
2013;6;22;18;4.4210443;135.15993
2013;6;23;0;3.4244006;129.65395
2013;6;23;6;2.9343264;82.24878
2013;6;23;12;3.8246572;88.437744
2013;6;23;18;6.85221;127.70973
2013;6;24;0;4.3753357;123.58313
2013;6;24;6;4.5902734;96.85704
2013;6;24;12;6.309023;90.736374
2013;6;24;18;7.591998;117.55368
2013;6;25;0;6.5263906;109.17905
2013;6;25;6;7.367304;90.00676
2013;6;25;12;8.924491;95.55797
2013;6;25;18;9.832872;107.30818
2013;6;26;0;11.9650345;75.678894
2013;6;26;6;10.07794;80.68509
2013;6;26;12;8.218044;91.05092
2013;6;26;18;2.8425875;127.46387
2013;6;27;0;2.1594253;203.72583
2013;6;27;6;3.3625069;356.73935
2013;6;27;12;8.281431;342.5758
2013;6;27;18;13.544765;329.60754
2013;6;28;0;15.082021;324.38983
2013;6;28;6;13.431471;317.45612
2013;6;28;12;12.292708;328.6944
2013;6;28;18;9.1650505;351.20184
2013;6;29;0;6.0473056;5.123108
2013;6;29;6;4.0083838;36.13391
2013;6;29;12;3.3000534;122.768585
2013;6;29;18;2.3281343;170.92497
2013;6;30;0;5.6499834;323.09668
2013;6;30;6;9.180061;330.51846
2013;6;30;12;11.405139;349.31174
2013;6;30;18;8.261669;354.35852
2013;7;1;0;7.946391;339.39453
2013;7;1;6;6.290369;357.2942
2013;7;1;12;3.3214815;34.26587
2013;7;1;18;2.4395988;116.92981
2013;7;2;0;2.6332977;36.35324
2013;7;2;6;4.56762;11.331604
2013;7;2;12;3.117853;41.54413
2013;7;2;18;2.9103348;19.927948
2013;7;3;0;4.794692;10.748016
2013;7;3;6;4.665586;16.432404
2013;7;3;12;2.2697358;80.526245
2013;7;3;18;2.944757;123.37018
2013;7;4;0;3.1371672;82.48413
2013;7;4;6;4.3269606;24.545715
2013;7;4;12;3.7204893;45.466003
2013;7;4;18;2.9416516;57.211243
2013;7;5;0;5.159291;357.34656
2013;7;5;6;6.4282246;5.1793823
2013;7;5;12;5.448186;28.185577
2013;7;5;18;4.489791;16.390411
2013;7;6;0;7.0760374;5.1287537
2013;7;6;6;7.7751994;352.41724
2013;7;6;12;7.486376;344.53687
2013;7;6;18;8.913795;337.8498
2013;7;7;0;8.252633;349.16443
2013;7;7;6;6.099595;356.6967
2013;7;7;12;3.8117447;27.470856
2013;7;7;18;2.618324;47.979553
2013;7;8;0;3.536765;22.628357
2013;7;8;6;4.9824133;9.7724
2013;7;8;12;3.4922962;77.84543
2013;7;8;18;5.5720997;147.93411
2013;7;9;0;5.221782;151.05276
2013;7;9;6;5.0622916;120.50879
2013;7;9;12;5.3926787;109.86839
2013;7;9;18;4.644682;99.76628
2013;7;10;0;5.9291325;118.78006
2013;7;10;6;6.937372;118.479355
2013;7;10;12;4.8028116;111.54123
2013;7;10;18;4.6959314;151.00362
2013;7;11;0;2.7912352;160.53004
2013;7;11;6;3.1620703;342.1603
2013;7;11;12;5.8447256;353.88116
2013;7;11;18;7.6517982;336.95047
2013;7;12;0;8.89502;319.9425
2013;7;12;6;8.056169;335.9907
2013;7;12;12;5.321079;358.0099
2013;7;12;18;3.3523078;49.04492
2013;7;13;0;3.6956735;54.20508
2013;7;13;6;4.179519;39.473297
2013;7;13;12;3.030545;32.602234
2013;7;13;18;2.4440405;345.90353
2013;7;14;0;5.2282104;0.9292908
2013;7;14;6;6.8879657;20.973633
2013;7;14;12;5.7803664;25.214233
2013;7;14;18;3.8349407;33.444305
2013;7;15;0;4.8779974;16.640137
2013;7;15;6;5.100169;25.686676
2013;7;15;12;4.768965;18.106262
2013;7;15;18;4.872112;12.071167
2013;7;16;0;5.9275875;2.8296814
2013;7;16;6;5.998784;3.315979
2013;7;16;12;4.9045672;9.34906
2013;7;16;18;2.3646202;30.522858
2013;7;17;0;2.5011787;336.18182
2013;7;17;6;2.0024414;6.512451
2013;7;17;12;2.433664;146.70282
2013;7;17;18;7.822223;181.78531
2013;7;18;0;6.3636436;174.42978
2013;7;18;6;3.865487;159.70245
2013;7;18;12;5.957293;152.52074
2013;7;18;18;4.0209084;162.12793
2013;7;19;0;1.6128238;9.819641
2013;7;19;6;4.475082;0.6571045
2013;7;19;12;3.0360796;353.37576
2013;7;19;18;1.6099738;353.26758
2013;7;20;0;2.3716555;28.242859
2013;7;20;6;3.6155088;41.516113
2013;7;20;12;2.9442286;79.920105
2013;7;20;18;3.1093602;104.03357
2013;7;21;0;3.3598154;38.361877
2013;7;21;6;4.213683;1.4933777
2013;7;21;12;3.8972867;358.1007
2013;7;21;18;3.4310446;343.71573
2013;7;22;0;4.3772225;347.0359
2013;7;22;6;4.506216;5.4129944
2013;7;22;12;2.6543562;17.256226
2013;7;22;18;1.7749343;81.23956
2013;7;23;0;2.583319;58.802063
2013;7;23;6;4.526524;16.066467
2013;7;23;12;3.5790648;21.071564
2013;7;23;18;3.1111212;44.698486
2013;7;24;0;3.624638;34.28955
2013;7;24;6;4.044231;35.602203
2013;7;24;12;3.6004674;46.41034
2013;7;24;18;2.3475053;91.30847
2013;7;25;0;1.4487284;56.862427
2013;7;25;6;4.2614107;339.25418
2013;7;25;12;4.2001038;337.9195
2013;7;25;18;4.1239986;30.885864
2013;7;26;0;3.7797577;109.75482
2013;7;26;6;6.029452;149.22693
2013;7;26;12;6.7364774;145.18312
2013;7;26;18;5.985176;135.91708
2013;7;27;0;4.047734;111.79855
2013;7;27;6;2.7736554;40.536163
2013;7;27;12;2.895081;67.312195
2013;7;27;18;2.5674224;55.346375
2013;7;28;0;2.7228162;41.06006
2013;7;28;6;4.003782;13.3471985
2013;7;28;12;4.035275;19.934784
2013;7;28;18;1.9670904;357.05084
2013;7;29;0;5.2876625;344.35037
2013;7;29;6;7.3181305;354.01587
2013;7;29;12;10.248299;353.54932
2013;7;29;18;8.245927;341.54895
2013;7;30;0;10.111644;330.20886
2013;7;30;6;8.509228;346.50433
2013;7;30;12;8.639911;347.63208
2013;7;30;18;5.994823;354.3448
2013;7;31;0;5.950005;355.9445
2013;7;31;6;4.850011;10.923767
2013;7;31;12;3.2237947;39.29767
2013;7;31;18;1.5023712;7.500824
2014;5;1;0;0.468394;45.454742
2014;5;1;6;2.7928076;353.24017
2014;5;1;12;3.105256;358.99094
2014;5;1;18;3.1932094;12.153503
2014;5;2;0;4.3261747;21.576538
2014;5;2;6;4.224523;39.447906
2014;5;2;12;3.0257056;108.158875
2014;5;2;18;3.983915;116.98767
2014;5;3;0;3.143566;114.88594
2014;5;3;6;2.8318863;74.3681
2014;5;3;12;2.3521936;41.191376
2014;5;3;18;3.6695292;23.12973
2014;5;4;0;3.6375787;9.312897
2014;5;4;6;4.92201;357.57217
2014;5;4;12;3.2450209;11.214478
2014;5;4;18;1.1340966;167.96555
2014;5;5;0;3.604482;223.70566
2014;5;5;6;3.3159657;214.39668
2014;5;5;12;2.3241525;220.80882
2014;5;5;18;2.203355;282.09918
2014;5;6;0;4.2327747;6.0696106
2014;5;6;6;2.144502;27.719177
2014;5;6;12;0.8966249;109.496
2014;5;6;18;0.99305356;103.10225
2014;5;7;0;3.5945003;357.14642
2014;5;7;6;4.7098765;352.3141
2014;5;7;12;2.8250887;23.876312
2014;5;7;18;5.5338845;124.15398
2014;5;8;0;5.4077272;106.31767
2014;5;8;6;5.030798;93.4518
2014;5;8;12;5.0779676;82.32785
2014;5;8;18;3.2226439;102.87921
2014;5;9;0;5.650614;355.05505
2014;5;9;6;7.630797;24.09674
2014;5;9;12;7.195776;34.311523
2014;5;9;18;3.8956387;42.048645
2014;5;10;0;5.267286;10.359314
2014;5;10;6;6.4837236;8.39502
2014;5;10;12;6.177619;26.824738
2014;5;10;18;2.6506634;73.61365
2014;5;11;0;3.110852;14.151703
2014;5;11;6;4.6890693;343.66687
2014;5;11;12;4.065443;345.42627
2014;5;11;18;4.818107;332.4939
2014;5;12;0;6.389908;338.426
2014;5;12;6;4.740155;345.8964
2014;5;12;12;2.6547358;147.4838
2014;5;12;18;8.37471;189.2572
2014;5;13;0;7.7909355;185.21817
2014;5;13;6;3.7437894;189.90164
2014;5;13;12;2.1615317;126.43944
2014;5;13;18;2.1563547;56.645874
2014;5;14;0;4.6556363;23.542664
2014;5;14;6;6.1644483;356.11133
2014;5;14;12;6.3276625;350.0153
2014;5;14;18;5.6948404;337.6584
2014;5;15;0;6.433673;323.74045
2014;5;15;6;6.5150695;317.21237
2014;5;15;12;4.283893;326.37976
2014;5;15;18;2.2219388;32.110413
2014;5;16;0;2.6569824;80.11917
2014;5;16;6;4.061085;131.07425
2014;5;16;12;2.057548;127.22003
2014;5;16;18;4.7893276;337.31366
2014;5;17;0;10.912119;333.58536
2014;5;17;6;13.673165;330.03406
2014;5;17;12;13.143934;328.73654
2014;5;17;18;10.952041;329.91675
2014;5;18;0;9.514517;328.90356
2014;5;18;6;8.31011;326.28384
2014;5;18;12;6.5880156;349.58176
2014;5;18;18;2.0650766;77.56775
2014;5;19;0;1.9480791;171.36732
2014;5;19;6;13.143319;278.01978
2014;5;19;12;11.530149;295.30264
2014;5;19;18;9.906962;299.04636
2014;5;20;0;10.400177;311.8429
2014;5;20;6;8.9564905;323.5272
2014;5;20;12;5.3992853;340.6828
2014;5;20;18;1.6581833;17.375122
2014;5;21;0;2.713868;44.529266
2014;5;21;6;3.0369487;163.45685
2014;5;21;12;5.5698915;204.34259
2014;5;21;18;4.3263555;244.40948
2014;5;22;0;6.370215;294.39194
2014;5;22;6;7.3192773;336.3626
2014;5;22;12;6.7580075;3.2270203
2014;5;22;18;5.918182;39.958557
2014;5;23;0;6.8319063;59.369415
2014;5;23;6;3.6895347;97.47951
2014;5;23;12;4.616871;61.746216
2014;5;23;18;4.7984176;64.56915
2014;5;24;0;8.2578535;31.694427
2014;5;24;6;6.5583897;31.857025
2014;5;24;12;7.3396287;52.321167
2014;5;24;18;5.785897;44.32617
2014;5;25;0;6.173171;48.49884
2014;5;25;6;4.5090747;36.49524
2014;5;25;12;5.1726317;53.507904
2014;5;25;18;2.4707298;132.91745
2014;5;26;0;2.2466128;108.331924
2014;5;26;6;2.8808231;97.86243
2014;5;26;12;3.1622365;68.75549
2014;5;26;18;1.0343399;72.58588
2014;5;27;0;5.648111;341.88348
2014;5;27;6;8.137639;343.76602
2014;5;27;12;6.880957;335.88608
2014;5;27;18;1.4000059;78.727356
2014;5;28;0;2.5636697;130.95026
2014;5;28;6;2.6604674;22.16922
2014;5;28;12;3.7048497;6.369873
2014;5;28;18;4.393029;351.40732
2014;5;29;0;6.341963;348.56448
2014;5;29;6;6.788935;358.57117
2014;5;29;12;6.1294813;10.96698
2014;5;29;18;4.5698447;22.702759
2014;5;30;0;3.8779066;46.595245
2014;5;30;6;3.7376628;81.47174
2014;5;30;12;3.0489492;99.002975
2014;5;30;18;2.7796957;88.43939
2014;5;31;0;3.0792897;33.97046
2014;5;31;6;5.521377;357.68878
2014;5;31;12;5.501004;1.741394
2014;5;31;18;6.9656696;354.27267
2014;6;1;0;7.744944;0.2657776
2014;6;1;6;8.071167;6.4869995
2014;6;1;12;7.7097096;22.807434
2014;6;1;18;3.9081752;77.71948
2014;6;2;0;2.7760677;142.60854
2014;6;2;6;2.0264893;35.170105
2014;6;2;12;2.5008042;30.194305
2014;6;2;18;1.4368039;72.93198
2014;6;3;0;1.0655128;39.611694
2014;6;3;6;2.3084154;48.246063
2014;6;3;12;1.9396697;79.96942
2014;6;3;18;1.4175396;96.939545
2014;6;4;0;3.9169152;358.2171
2014;6;4;6;5.6425443;347.21375
2014;6;4;12;6.963047;356.73602
2014;6;4;18;6.897332;359.55817
2014;6;5;0;6.2848964;8.629242
2014;6;5;6;5.5969086;15.250946
2014;6;5;12;2.8193479;76.926636
2014;6;5;18;4.8493886;159.96103
2014;6;6;0;4.8398995;179.14182
2014;6;6;6;5.0681195;144.48788
2014;6;6;12;7.684347;157.89279
2014;6;6;18;6.6952844;174.22375
2014;6;7;0;2.5274277;153.34349
2014;6;7;6;2.5884833;82.86954
2014;6;7;12;2.4579113;98.21509
2014;6;7;18;2.8004375;179.05838
2014;6;8;0;4.981102;310.2552
2014;6;8;6;7.57457;330.8461
2014;6;8;12;10.394009;330.16333
2014;6;8;18;9.75309;343.77625
2014;6;9;0;8.5024185;344.5114
2014;6;9;6;7.986713;348.02893
2014;6;9;12;5.9430666;342.59158
2014;6;9;18;7.2295756;350.25385
2014;6;10;0;6.912988;2.6009216
2014;6;10;6;8.008078;16.496582
2014;6;10;12;5.3684416;41.67221
2014;6;10;18;3.9488225;17.405884
2014;6;11;0;5.816411;5.401184
2014;6;11;6;6.497454;16.709137
2014;6;11;12;4.2046156;30.920074
2014;6;11;18;2.767578;41.513733
2014;6;12;0;3.9786904;26.26773
2014;6;12;6;4.564361;3.397583
2014;6;12;12;4.721596;3.3205872
2014;6;12;18;4.404097;15.529205
2014;6;13;0;3.6826675;13.931763
2014;6;13;6;4.138362;1.6659851
2014;6;13;12;4.0560203;5.7874756
2014;6;13;18;4.9426923;6.300049
2014;6;14;0;5.745891;3.7323303
2014;6;14;6;4.650209;7.13385
2014;6;14;12;2.7837825;4.180542
2014;6;14;18;4.033736;353.9442
2014;6;15;0;5.6332855;17.778809
2014;6;15;6;5.907452;20.18637
2014;6;15;12;4.608914;24.905914
2014;6;15;18;4.621169;37.680603
2014;6;16;0;3.0953665;36.230957
2014;6;16;6;5.005765;2.8754883
2014;6;16;12;4.6861773;355.9225
2014;6;16;18;3.2512498;333.56503
2014;6;17;0;4.2495227;321.75723
2014;6;17;6;3.123195;333.7152
2014;6;17;12;4.2636395;11.049622
2014;6;17;18;4.2181263;350.82623
2014;6;18;0;5.98958;357.08582
2014;6;18;6;8.17452;4.1903076
2014;6;18;12;8.518615;38.5643
2014;6;18;18;5.4726014;138.87096
2014;6;19;0;3.3289974;110.19084
2014;6;19;6;1.8887913;305.7296
2014;6;19;12;5.936566;344.3664
2014;6;19;18;8.415889;348.81912
2014;6;20;0;9.560998;346.89954
2014;6;20;6;8.182963;4.286438
2014;6;20;12;6.296572;17.407959
2014;6;20;18;5.293478;41.295166
2014;6;21;0;5.589063;37.951965
2014;6;21;6;5.0445895;35.469116
2014;6;21;12;2.395917;33.72757
2014;6;21;18;0.1407945;23.470337
2014;6;22;0;4.5619936;340.34277
2014;6;22;6;6.3319907;353.79987
2014;6;22;12;4.892503;42.722992
2014;6;22;18;4.2612114;126.05052
2014;6;23;0;4.03757;116.01776
2014;6;23;6;4.3020973;107.11629
2014;6;23;12;4.434129;112.818054
2014;6;23;18;5.277588;91.20511
2014;6;24;0;4.2154455;63.4227
2014;6;24;6;4.8723836;64.73181
2014;6;24;12;5.9912295;124.01437
2014;6;24;18;5.2878237;145.92413
2014;6;25;0;4.839291;131.93942
2014;6;25;6;6.8955007;143.2993
2014;6;25;12;10.510805;146.40552
2014;6;25;18;10.610475;146.8942
2014;6;26;0;7.3765335;141.26648
2014;6;26;6;5.2168174;122.04236
2014;6;26;12;11.197229;114.700165
2014;6;26;18;9.867818;134.847
2014;6;27;0;8.748815;125.481735
2014;6;27;6;8.820494;128.32857
2014;6;27;12;12.106516;145.86124
2014;6;27;18;8.494729;166.34444
2014;6;28;0;3.2181811;171.5658
2014;6;28;6;2.7000315;126.73102
2014;6;28;12;4.2093577;130.11989
2014;6;28;18;7.923804;154.677
2014;6;29;0;6.7534904;142.19203
2014;6;29;6;7.4076676;128.15079
2014;6;29;12;9.545907;129.38895
2014;6;29;18;8.297903;123.56145
2014;6;30;0;6.1134295;109.75716
2014;6;30;6;5.671624;68.999695
2014;6;30;12;7.0105667;73.30707
2014;6;30;18;6.3566356;85.37341
2014;7;1;0;3.510345;49.125
2014;7;1;6;7.0357604;11.815063
2014;7;1;12;7.3218765;15.224182
2014;7;1;18;6.6113334;29.34314
2014;7;2;0;7.3250527;13.582397
2014;7;2;6;8.0578575;7.8127747
2014;7;2;12;8.147609;4.321472
2014;7;2;18;7.7891526;6.7225647
2014;7;3;0;8.105639;3.28479
2014;7;3;6;8.412223;6.0145264
2014;7;3;12;8.557448;24.052246
2014;7;3;18;4.409159;52.08197
2014;7;4;0;4.3319187;23.684143
2014;7;4;6;4.572201;3.364746
2014;7;4;12;4.7254868;17.645508
2014;7;4;18;4.441325;34.15576
2014;7;5;0;4.207951;31.96402
2014;7;5;6;4.2190866;48.575806
2014;7;5;12;2.9225783;97.90823
2014;7;5;18;3.5519142;118.20076
2014;7;6;0;1.5384232;78.92163
2014;7;6;6;4.4024763;13.239807
2014;7;6;12;4.8373256;351.12146
2014;7;6;18;5.5381966;348.1318
2014;7;7;0;6.3392367;347.091
2014;7;7;6;5.9124002;16.732666
2014;7;7;12;3.9976633;102.347916
2014;7;7;18;5.820109;142.06863
2014;7;8;0;4.3020554;136.19719
2014;7;8;6;4.1436243;46.84259
2014;7;8;12;5.6238494;22.474182
2014;7;8;18;5.383354;40.619934
2014;7;9;0;4.5760064;122.84123
2014;7;9;6;3.5796745;127.0397
2014;7;9;12;5.3610935;147.05092
2014;7;9;18;1.3663164;206.62837
2014;7;10;0;4.478034;322.93118
2014;7;10;6;8.165318;347.90256
2014;7;10;12;10.715245;4.3514404
2014;7;10;18;8.025522;18.26532
2014;7;11;0;8.185581;24.83548
2014;7;11;6;7.8774853;28.475098
2014;7;11;12;6.579351;30.90509
2014;7;11;18;5.6971774;24.6568
2014;7;12;0;6.4230423;13.164764
2014;7;12;6;7.272462;12.623657
2014;7;12;12;6.1278152;26.47815
2014;7;12;18;5.122391;28.117676
2014;7;13;0;5.174759;16.128845
2014;7;13;6;5.5023484;10.260132
2014;7;13;12;4.995698;9.439331
2014;7;13;18;3.7903123;14.535156
2014;7;14;0;5.8892403;343.38956
2014;7;14;6;6.591667;346.24072
2014;7;14;12;5.1867294;354.54318
2014;7;14;18;3.4315224;339.58228
2014;7;15;0;6.846832;338.2676
2014;7;15;6;6.3998203;345.82886
2014;7;15;12;2.8345404;26.524384
2014;7;15;18;1.5502545;126.24403
2014;7;16;0;3.5776544;345.50778
2014;7;16;6;6.3021383;336.1449
2014;7;16;12;7.8673096;328.86273
2014;7;16;18;9.187686;325.8053
2014;7;17;0;11.186643;328.72763
2014;7;17;6;11.1164255;335.11877
2014;7;17;12;10.00979;343.96164
2014;7;17;18;8.78996;343.2483
2014;7;18;0;7.9923987;343.6151
2014;7;18;6;8.580247;345.72772
2014;7;18;12;6.0666842;356.13284
2014;7;18;18;1.3862668;37.038208
2014;7;19;0;3.0121865;124.13629
2014;7;19;6;3.4222782;20.78891
2014;7;19;12;3.1365993;33.162354
2014;7;19;18;3.139411;49.75177
2014;7;20;0;4.49434;17.899414
2014;7;20;6;5.7569027;5.4831543
2014;7;20;12;5.226223;32.601105
2014;7;20;18;3.8244162;21.205902
2014;7;21;0;4.825663;355.80426
2014;7;21;6;5.9479995;351.37357
2014;7;21;12;6.3136883;352.98788
2014;7;21;18;5.9258175;7.984009
2014;7;22;0;6.216603;9.8767395
2014;7;22;6;5.150113;11.79776
2014;7;22;12;3.0110676;28.732239
2014;7;22;18;2.4372866;45.9516
2014;7;23;0;3.9153671;12.592316
2014;7;23;6;5.199571;340.3354
2014;7;23;12;5.504552;353.41626
2014;7;23;18;4.868065;358.33072
2014;7;24;0;6.1782675;356.99182
2014;7;24;6;5.997175;359.2437
2014;7;24;12;4.8914576;10.276764
2014;7;24;18;2.392122;14.242004
2014;7;25;0;4.7319717;339.99164
2014;7;25;6;6.042439;0.46881104
2014;7;25;12;6.0416417;10.847107
2014;7;25;18;4.5370774;1.525116
2014;7;26;0;5.606164;359.701
2014;7;26;6;6.2419906;358.8679
2014;7;26;12;5.2923045;12.189026
2014;7;26;18;4.5105147;17.180176
2014;7;27;0;5.150857;25.784607
2014;7;27;6;5.924036;20.635803
2014;7;27;12;4.506352;19.970398
2014;7;27;18;2.5302224;17.076965
2014;7;28;0;5.3215146;337.82205
2014;7;28;6;7.3256216;335.37503
2014;7;28;12;10.166357;334.58145
2014;7;28;18;10.773861;340.95697
2014;7;29;0;10.251312;356.1985
2014;7;29;6;6.3104258;8.653687
2014;7;29;12;5.102984;348.89655
2014;7;29;18;6.8685393;338.45856
2014;7;30;0;9.620961;333.57358
2014;7;30;6;9.159837;338.4405
2014;7;30;12;9.434205;348.79477
2014;7;30;18;5.973712;10.900696
2014;7;31;0;5.796389;350.94315
2014;7;31;6;5.9795694;353.80936
2014;7;31;12;5.0817895;345.08902
2014;7;31;18;4.3128285;328.20175
2015;5;1;0;4.388191;214.48744
2015;5;1;6;4.0997233;273.47397
2015;5;1;12;3.1062336;322.61792
2015;5;1;18;0.22005932;268.49084
2015;5;2;0;3.3122582;89.54492
2015;5;2;6;3.0214632;92.18802
2015;5;2;12;5.437225;88.76727
2015;5;2;18;7.503865;114.208954
2015;5;3;0;4.2820983;98.31081
2015;5;3;6;2.846359;108.63634
2015;5;3;12;1.760401;156.05939
2015;5;3;18;3.0895987;179.55888
2015;5;4;0;3.8948267;241.44034
2015;5;4;6;5.4360237;315.9865
2015;5;4;12;7.351576;335.37018
2015;5;4;18;5.2139764;358.9395
2015;5;5;0;6.303488;351.2934
2015;5;5;6;5.6179333;3.039978
2015;5;5;12;4.113388;11.2854
2015;5;5;18;3.20718;35.299652
2015;5;6;0;3.7402716;19.020752
2015;5;6;6;4.147593;7.60791
2015;5;6;12;2.971686;32.820343
2015;5;6;18;1.846992;14.138824
2015;5;7;0;4.635667;335.01752
2015;5;7;6;5.5061545;334.8241
2015;5;7;12;7.09893;336.73706
2015;5;7;18;8.319482;343.45227
2015;5;8;0;9.114735;351.945
2015;5;8;6;8.76679;351.81787
2015;5;8;12;7.5121694;5.8807983
2015;5;8;18;5.7911363;5.410614
2015;5;9;0;5.524757;14.598724
2015;5;9;6;4.8699694;14.874298
2015;5;9;12;2.9676998;0.82006836
2015;5;9;18;2.7133982;318.4661
2015;5;10;0;4.905434;330.7162
2015;5;10;6;5.207804;340.96664
2015;5;10;12;3.1185539;354.79276
2015;5;10;18;2.2295408;118.105255
2015;5;11;0;2.9425075;122.2294
2015;5;11;6;2.7710454;131.60016
2015;5;11;12;4.193615;154.69638
2015;5;11;18;3.313934;194.8006
2015;5;12;0;2.7568974;308.5637
2015;5;12;6;4.8641696;353.19656
2015;5;12;12;2.5396678;6.9120483
2015;5;12;18;2.866138;127.94324
2015;5;13;0;4.093993;142.2735
2015;5;13;6;2.766959;68.67963
2015;5;13;12;6.101552;87.11908
2015;5;13;18;6.528048;86.9317
2015;5;14;0;11.993442;85.33124
2015;5;14;6;9.842792;87.78757
2015;5;14;12;14.989656;107.588745
2015;5;14;18;8.878488;111.22002
2015;5;15;0;8.460442;118.66174
2015;5;15;6;5.979478;84.90317
2015;5;15;12;6.301081;63.538605
2015;5;15;18;5.6900067;20.654358
2015;5;16;0;7.084027;7.9170227
2015;5;16;6;7.2955723;0.66174316
2015;5;16;12;5.9062276;357.36554
2015;5;16;18;7.691067;329.1069
2015;5;17;0;9.063806;328.71597
2015;5;17;6;8.813012;315.58115
2015;5;17;12;10.107021;304.3781
2015;5;17;18;11.845014;304.75085
2015;5;18;0;12.592833;305.03555
2015;5;18;6;6.121364;302.9439
2015;5;18;12;3.5535996;90.604614
2015;5;18;18;9.655945;149.0575
2015;5;19;0;9.190341;127.54843
2015;5;19;6;4.3174305;90.76993
2015;5;19;12;6.075733;78.81149
2015;5;19;18;6.9431;75.75073
2015;5;20;0;10.496227;63.32617
2015;5;20;6;7.3460445;57.955017
2015;5;20;12;13.183596;69.10559
2015;5;20;18;8.810969;75.3129
2015;5;21;0;6.965354;42.698853
2015;5;21;6;6.9132686;47.627197
2015;5;21;12;3.7494128;35.35956
2015;5;21;18;3.9596386;125.415634
2015;5;22;0;5.075617;159.22452
2015;5;22;6;8.17645;148.70416
2015;5;22;12;11.163394;139.3284
2015;5;22;18;8.884766;142.3512
2015;5;23;0;3.2698674;26.13977
2015;5;23;6;4.8529053;324.56567
2015;5;23;12;11.401547;325.5788
2015;5;23;18;13.250328;325.8285
2015;5;24;0;12.199776;335.37677
2015;5;24;6;9.222108;356.8931
2015;5;24;12;4.13365;67.360016
2015;5;24;18;9.468396;150.02371
2015;5;25;0;11.789045;135.76079
2015;5;25;6;7.092034;117.70067
2015;5;25;12;5.176358;115.78581
2015;5;25;18;1.1415676;277.2675
2015;5;26;0;6.048767;350.8586
2015;5;26;6;5.9318733;356.39923
2015;5;26;12;5.882376;23.76007
2015;5;26;18;2.545033;108.49979
2015;5;27;0;2.8629138;116.11476
2015;5;27;6;2.0598216;107.451996
2015;5;27;12;5.659592;123.07153
2015;5;27;18;7.6801987;161.92624
2015;5;28;0;3.4080794;146.0552
2015;5;28;6;4.6691313;66.3139
2015;5;28;12;6.3604937;132.32614
2015;5;28;18;9.472478;138.82246
2015;5;29;0;10.652868;140.41223
2015;5;29;6;12.155521;127.69302
2015;5;29;12;15.361564;119.43338
2015;5;29;18;13.566741;117.593414
2015;5;30;0;10.6960125;98.86961
2015;5;30;6;8.222457;77.03464
2015;5;30;12;8.634969;63.354706
2015;5;30;18;8.957955;81.21481
2015;5;31;0;8.323759;70.98309
2015;5;31;6;8.024282;76.33655
2015;5;31;12;4.600331;58.780396
2015;5;31;18;4.1698856;44.305237
2015;6;1;0;5.344851;2.3840942
2015;6;1;6;6.066857;10.323639
2015;6;1;12;5.805352;24.317963
2015;6;1;18;4.1374464;124.32585
2015;6;2;0;0.9124482;24.218903
2015;6;2;6;4.906595;358.32147
2015;6;2;12;3.80493;13.788605
2015;6;2;18;2.5826323;87.917175
2015;6;3;0;2.7348952;44.50284
2015;6;3;6;4.5821548;0.8953552
2015;6;3;12;4.500883;1.4783936
2015;6;3;18;3.6954741;346.3929
2015;6;4;0;4.951271;351.4339
2015;6;4;6;4.763874;358.4597
2015;6;4;12;3.1437776;24.027985
2015;6;4;18;1.4636694;76.72998
2015;6;5;0;2.9488676;40.77823
2015;6;5;6;2.6362448;39.163452
2015;6;5;12;2.0645552;56.236694
2015;6;5;18;1.7021291;105.405075
2015;6;6;0;3.411968;20.304352
2015;6;6;6;4.7879257;359.4239
2015;6;6;12;4.273643;1.1574097
2015;6;6;18;2.7223644;349.90347
2015;6;7;0;3.223077;333.69293
2015;6;7;6;2.611988;60.622253
2015;6;7;12;4.8001575;129.29086
2015;6;7;18;8.242706;141.25136
2015;6;8;0;6.227643;147.70253
2015;6;8;6;2.406002;294.99683
2015;6;8;12;7.288597;344.43262
2015;6;8;18;9.892296;330.39697
2015;6;9;0;13.703191;320.24457
2015;6;9;6;15.616273;325.81204
2015;6;9;12;12.64358;345.64783
2015;6;9;18;8.097156;355.13
2015;6;10;0;6.3048553;0.071136475
2015;6;10;6;5.457141;23.08081
2015;6;10;12;3.9590864;27.424622
2015;6;10;18;1.7038556;21.155548
2015;6;11;0;4.032743;337.21786
2015;6;11;6;4.505456;353.91876
2015;6;11;12;4.7150316;27.077332
2015;6;11;18;3.923077;42.117645
2015;6;12;0;3.730533;49.729065
2015;6;12;6;4.658566;30.124054
2015;6;12;12;3.5911314;43.854645
2015;6;12;18;3.4728627;143.74931
2015;6;13;0;3.1635795;136.7411
2015;6;13;6;2.190751;75.701416
2015;6;13;12;1.6390462;65.30838
2015;6;13;18;1.2118585;133.79211
2015;6;14;0;0.6054245;352.99463
2015;6;14;6;3.6939912;355.80676
2015;6;14;12;2.0550852;358.55945
2015;6;14;18;0.80104566;24.079163
2015;6;15;0;3.100674;335.56268
2015;6;15;6;3.9518588;14.858032
2015;6;15;12;2.800269;106.56941
2015;6;15;18;5.168436;123.562836
2015;6;16;0;4.0530553;77.67227
2015;6;16;6;4.8855767;66.58588
2015;6;16;12;5.031067;50.153687
2015;6;16;18;4.351992;90.64743
2015;6;17;0;3.383462;34.3519
2015;6;17;6;3.5936296;355.3713
2015;6;17;12;3.0896995;7.302307
2015;6;17;18;1.3792013;150.38731
2015;6;18;0;0.91103387;192.82077
2015;6;18;6;1.9029568;173.46933
2015;6;18;12;3.6639893;137.6951
2015;6;18;18;5.5938797;148.96776
2015;6;19;0;2.1412234;154.2774
2015;6;19;6;2.5491302;351.42368
2015;6;19;12;3.831563;34.156525
2015;6;19;18;2.8057473;86.24014
2015;6;20;0;1.1212214;347.00104
2015;6;20;6;2.2830033;17.343323
2015;6;20;12;1.4239447;6.2832947
2015;6;20;18;3.0020633;144.44115
2015;6;21;0;1.3105806;81.487976
2015;6;21;6;2.7791953;36.11551
2015;6;21;12;1.6900712;50.927795
2015;6;21;18;1.6354674;97.368195
2015;6;22;0;2.970838;49.493652
2015;6;22;6;2.8484123;53.25824
2015;6;22;12;1.9771587;57.46466
2015;6;22;18;1.9189818;60.926758
2015;6;23;0;3.716984;31.746552
2015;6;23;6;3.7826502;17.42041
2015;6;23;12;2.071332;23.946716
2015;6;23;18;1.8470845;53.194885
2015;6;24;0;3.2284348;356.59412
2015;6;24;6;5.085636;351.23645
2015;6;24;12;5.847295;3.267334
2015;6;24;18;4.6304235;30.371246
2015;6;25;0;5.105392;12.975861
2015;6;25;6;6.1325965;4.2088623
2015;6;25;12;6.006414;12.517914
2015;6;25;18;6.6347337;20.841644
2015;6;26;0;6.7901735;24.957703
2015;6;26;6;5.653273;18.852295
2015;6;26;12;5.2904334;20.828949
2015;6;26;18;3.6247594;41.137146
2015;6;27;0;5.5530806;36.29413
2015;6;27;6;5.0647078;30.84372
2015;6;27;12;5.0631914;30.725555
2015;6;27;18;4.4324164;51.35797
2015;6;28;0;5.998721;45.054077
2015;6;28;6;5.777313;40.013306
2015;6;28;12;4.702821;43.250305
2015;6;28;18;3.237106;53.73053
2015;6;29;0;5.069529;4.0633545
2015;6;29;6;6.681785;356.5946
2015;6;29;12;5.9393554;11.943024
2015;6;29;18;3.239477;1.7862549
2015;6;30;0;5.0893536;337.2818
2015;6;30;6;6.6700516;343.30246
2015;6;30;12;7.916151;345.78708
2015;6;30;18;6.7796664;353.92957
2015;7;1;0;8.621991;354.78748
2015;7;1;6;8.299591;11.645935
2015;7;1;12;8.42812;24.030579
2015;7;1;18;6.913786;39.124207
2015;7;2;0;6.716893;35.291138
2015;7;2;6;7.1664677;26.7612
2015;7;2;12;7.152461;36.68402
2015;7;2;18;6.028894;44.464294
2015;7;3;0;6.118907;31.023376
2015;7;3;6;6.9373546;27.845764
2015;7;3;12;5.922564;38.06549
2015;7;3;18;4.163831;40.43741
2015;7;4;0;5.9286876;14.89978
2015;7;4;6;5.481682;23.794647
2015;7;4;12;5.0467277;28.98285
2015;7;4;18;2.662195;85.20697
2015;7;5;0;3.011117;34.138306
2015;7;5;6;3.9888892;10.937805
2015;7;5;12;5.5972967;23.896423
2015;7;5;18;2.6194868;39.06488
2015;7;6;0;4.856956;21.858704
2015;7;6;6;5.1904535;34.29004
2015;7;6;12;5.3361573;30.489502
2015;7;6;18;5.2085104;14.944824
2015;7;7;0;6.843264;28.725647
2015;7;7;6;4.543523;19.13858
2015;7;7;12;4.0162296;355.06836
2015;7;7;18;4.4723973;349.7005
2015;7;8;0;6.3060126;358.46558
2015;7;8;6;6.5647078;6.326416
2015;7;8;12;6.5229783;15.849121
2015;7;8;18;5.3561215;40.207336
2015;7;9;0;5.081393;23.107971
2015;7;9;6;5.8972125;17.127808
2015;7;9;12;6.1422787;21.609344
2015;7;9;18;3.280249;52.430054
2015;7;10;0;3.6487355;79.013
2015;7;10;6;3.0542743;44.014404
2015;7;10;12;2.563735;53.323364
2015;7;10;18;1.8514904;140.8569
2015;7;11;0;3.87274;22.134735
2015;7;11;6;7.34959;16.106445
2015;7;11;12;5.463246;56.16577
2015;7;11;18;2.075972;22.016602
2015;7;12;0;4.8824143;11.970306
2015;7;12;6;5.127131;13.189331
2015;7;12;12;4.891675;31.725586
2015;7;12;18;1.9484111;81.03076
2015;7;13;0;4.2564883;55.364258
2015;7;13;6;5.398051;37.191437
2015;7;13;12;3.4789605;33.85486
2015;7;13;18;1.3971233;354.352
2015;7;14;0;4.512466;346.44357
2015;7;14;6;5.4096675;18.53366
2015;7;14;12;6.098047;6.36734
2015;7;14;18;4.807893;9.673828
2015;7;15;0;4.3378425;19.362823
2015;7;15;6;2.7928448;23.081665
2015;7;15;12;3.3224292;8.976501
2015;7;15;18;4.0126104;339.82574
2015;7;16;0;5.6078863;346.8864
2015;7;16;6;7.5742025;0.028747559
2015;7;16;12;7.867887;6.8460083
2015;7;16;18;4.2855763;52.819885
2015;7;17;0;4.784915;40.912415
2015;7;17;6;5.2428956;6.631012
2015;7;17;12;5.6899815;1.5507202
2015;7;17;18;5.759417;359.12415
2015;7;18;0;4.967272;338.01465
2015;7;18;6;1.5307102;67.533905
2015;7;18;12;2.7176075;23.139984
2015;7;18;18;4.9094257;353.0796
2015;7;19;0;7.5483894;351.1051
2015;7;19;6;8.337138;17.895996
2015;7;19;12;8.36744;33.63318
2015;7;19;18;5.7499995;45.04828
2015;7;20;0;5.3876376;12.889801
2015;7;20;6;7.2919235;17.484558
2015;7;20;12;8.116281;29.747986
2015;7;20;18;4.2405844;39.23535
2015;7;21;0;4.3474555;7.546051
2015;7;21;6;5.0046988;28.82846
2015;7;21;12;5.3568;66.790405
2015;7;21;18;2.683376;53.594574
2015;7;22;0;4.0932517;355.0753
2015;7;22;6;4.49261;352.6537
2015;7;22;12;4.824917;354.22174
2015;7;22;18;4.3249736;350.7049
2015;7;23;0;5.8355656;347.736
2015;7;23;6;6.5129833;349.13535
2015;7;23;12;6.880608;354.5683
2015;7;23;18;5.4641843;357.62286
2015;7;24;0;5.465927;4.3050537
2015;7;24;6;4.3033876;356.80432
2015;7;24;12;2.5994735;47.88922
2015;7;24;18;2.4609234;196.08713
2015;7;25;0;1.8994588;218.0798
2015;7;25;6;1.9143249;248.82957
2015;7;25;12;1.277724;157.01273
2015;7;25;18;2.0554597;178.38918
2015;7;26;0;1.5439323;204.11966
2015;7;26;6;2.3541248;341.3712
2015;7;26;12;2.8079355;51.920654
2015;7;26;18;3.1167896;51.265625
2015;7;27;0;2.3919573;90.00223
2015;7;27;6;3.1281092;105.706635
2015;7;27;12;4.675381;84.02307
2015;7;27;18;2.5509112;97.538605
2015;7;28;0;3.0963829;24.005066
2015;7;28;6;4.311193;1.0461426
2015;7;28;12;4.276061;7.341156
2015;7;28;18;2.3599577;34.17859
2015;7;29;0;3.3520272;348.25342
2015;7;29;6;4.935408;346.3117
2015;7;29;12;5.3442717;352.0891
2015;7;29;18;4.228391;3.8427734
2015;7;30;0;5.0369477;356.9578
2015;7;30;6;5.460695;5.9338684
2015;7;30;12;5.3333244;2.9238281
2015;7;30;18;4.0146894;358.7152
2015;7;31;0;4.1965365;29.50592
2015;7;31;6;4.9856205;36.14447
2015;7;31;12;4.638313;13.509949
2015;7;31;18;4.430898;20.830383
2016;5;1;0;4.442751;25.913605
2016;5;1;6;4.2853804;20.60144
2016;5;1;12;7.192194;25.820496
2016;5;1;18;7.599684;58.314026
2016;5;2;0;6.592941;39.627563
2016;5;2;6;5.7681327;26.422241
2016;5;2;12;5.202973;10.281128
2016;5;2;18;3.5250604;40.09955
2016;5;3;0;5.3215885;17.5849
2016;5;3;6;6.7207975;16.569336
2016;5;3;12;7.489882;28.53247
2016;5;3;18;3.8221202;47.437134
2016;5;4;0;4.315681;20.317688
2016;5;4;6;5.7450056;9.693848
2016;5;4;12;6.049199;24.139587
2016;5;4;18;5.700337;23.675354
2016;5;5;0;6.3772707;14.494598
2016;5;5;6;7.4043193;11.43985
2016;5;5;12;7.6717596;22.093079
2016;5;5;18;6.5978594;31.180206
2016;5;6;0;5.6431837;26.114685
2016;5;6;6;4.6560755;16.280334
2016;5;6;12;4.2527595;4.351471
2016;5;6;18;4.639463;359.71436
2016;5;7;0;5.4132166;343.20023
2016;5;7;6;5.728943;340.3963
2016;5;7;12;5.7122493;339.6972
2016;5;7;18;4.8753624;341.41208
2016;5;8;0;5.3759127;331.3672
2016;5;8;6;5.791426;343.3968
2016;5;8;12;2.7818515;28.675568
2016;5;8;18;3.2164376;161.83789
2016;5;9;0;3.874841;247.37083
2016;5;9;6;0.59125566;231.44072
2016;5;9;12;2.7273517;109.96033
2016;5;9;18;7.6483164;152.06145
2016;5;10;0;10.485742;147.06378
2016;5;10;6;9.900362;167.57623
2016;5;10;12;8.117087;206.39122
2016;5;10;18;5.715464;239.8866
2016;5;11;0;6.217608;273.1104
2016;5;11;6;6.131113;288.93756
2016;5;11;12;1.3677613;6.369629
2016;5;11;18;3.7990334;172.44377
2016;5;12;0;3.0205216;217.39857
2016;5;12;6;3.1322715;317.80417
2016;5;12;12;6.0956745;0.96310425
2016;5;12;18;5.5092907;24.288849
2016;5;13;0;4.735268;8.496033
2016;5;13;6;3.6747317;348.87225
2016;5;13;12;3.1083972;304.45755
2016;5;13;18;6.004337;308.9319
2016;5;14;0;6.6681814;334.431
2016;5;14;6;5.8996844;341.62466
2016;5;14;12;4.9488993;346.82285
2016;5;14;18;4.084065;355.69333
2016;5;15;0;5.6353564;339.96646
2016;5;15;6;6.2826247;333.20914
2016;5;15;12;7.744169;332.084
2016;5;15;18;6.828214;332.65527
2016;5;16;0;5.955493;7.368164
2016;5;16;6;4.3746724;18.840027
2016;5;16;12;3.4729717;233.29126
2016;5;16;18;5.5781894;251.26324
2016;5;17;0;4.760501;334.54922
2016;5;17;6;6.108607;342.60632
2016;5;17;12;9.753362;345.35687
2016;5;17;18;7.6835885;357.2589
2016;5;18;0;7.4006333;15.680084
2016;5;18;6;6.716512;33.44342
2016;5;18;12;3.4931796;131.74278
2016;5;18;18;3.7288704;196.1763
2016;5;19;0;0.41330627;250.98347
2016;5;19;6;4.190526;340.46423
2016;5;19;12;7.932517;346.21588
2016;5;19;18;6.482694;357.07803
2016;5;20;0;5.2302904;14.237518
2016;5;20;6;3.1893935;73.711426
2016;5;20;12;2.8979454;106.08171
2016;5;20;18;3.9319024;134.83218
2016;5;21;0;4.3621426;131.98416
2016;5;21;6;5.576142;126.46953
2016;5;21;12;7.216842;143.75577
2016;5;21;18;6.644648;164.21411
2016;5;22;0;2.7516162;174.65091
2016;5;22;6;1.2050345;46.337677
2016;5;22;12;3.4775388;130.95525
2016;5;22;18;5.4586234;152.37839
2016;5;23;0;1.902544;108.63635
2016;5;23;6;4.5141935;44.50003
2016;5;23;12;4.5047708;69.44983
2016;5;23;18;7.019975;113.41313
2016;5;24;0;5.2570653;104.69046
2016;5;24;6;4.749649;122.531906
2016;5;24;12;7.8240657;135.01357
2016;5;24;18;7.1599727;144.71552
2016;5;25;0;2.3868554;217.51953
2016;5;25;6;2.4763129;293.63782
2016;5;25;12;11.51139;155.82315
2016;5;25;18;9.809958;200.63571
2016;5;26;0;14.182707;295.54367
2016;5;26;6;13.72953;306.2368
2016;5;26;12;13.703684;320.50958
2016;5;26;18;12.66767;330.09848
2016;5;27;0;12.773257;334.0826
2016;5;27;6;12.412519;335.1587
2016;5;27;12;7.991887;344.2434
2016;5;27;18;1.0002382;86.60635
2016;5;28;0;2.9866781;9.712524
2016;5;28;6;4.582985;10.607391
2016;5;28;12;2.945487;40.850952
2016;5;28;18;3.2425914;95.39801
2016;5;29;0;4.6004505;41.451904
2016;5;29;6;5.358558;24.994751
2016;5;29;12;4.3577714;15.311035
2016;5;29;18;6.659646;120.96887
2016;5;30;0;6.9554358;145.439
2016;5;30;6;7.271539;138.44551
2016;5;30;12;7.51618;146.9496
2016;5;30;18;6.874206;152.78226
2016;5;31;0;4.392091;119.51468
2016;5;31;6;4.281291;53.843292
2016;5;31;12;5.9221015;82.97815
2016;5;31;18;2.3223011;77.61362
2016;6;1;0;6.756841;298.03134
2016;6;1;6;7.759857;287.8023
2016;6;1;12;3.1748118;26.29773
2016;6;1;18;6.2395782;120.28584
2016;6;2;0;4.819404;133.51611
2016;6;2;6;5.1814737;98.87521
2016;6;2;12;5.730723;143.13503
2016;6;2;18;6.639714;136.26132
2016;6;3;0;5.6828175;142.04294
2016;6;3;6;6.5981565;150.9777
2016;6;3;12;8.966301;152.92722
2016;6;3;18;7.6901445;152.86765
2016;6;4;0;4.399082;180.41884
2016;6;4;6;0.97585607;250.83649
2016;6;4;12;2.3502352;290.62466
2016;6;4;18;1.900322;291.23767
2016;6;5;0;3.454578;314.6633
2016;6;5;6;2.6687593;340.33548
2016;6;5;12;2.5372403;29.463257
2016;6;5;18;2.6879878;178.11108
2016;6;6;0;2.8211918;202.6372
2016;6;6;6;1.8991426;274.8446
2016;6;6;12;0.6449049;298.24948
2016;6;6;18;1.0070769;4.6325073
2016;6;7;0;4.3545747;352.96838
2016;6;7;6;4.1483235;38.395355
2016;6;7;12;2.1340086;57.39569
2016;6;7;18;1.0084581;109.573
2016;6;8;0;3.1749156;12.24118
2016;6;8;6;4.4109654;359.05258
2016;6;8;12;4.299233;10.253357
2016;6;8;18;3.625594;46.857117
2016;6;9;0;3.7000883;55.83429
2016;6;9;6;4.207339;42.154755
2016;6;9;12;3.986018;72.58435
2016;6;9;18;4.172322;104.65448
2016;6;10;0;2.9381943;97.33412
2016;6;10;6;3.3734834;62.55133
2016;6;10;12;4.0034776;62.23651
2016;6;10;18;3.8935118;102.279175
2016;6;11;0;2.6490638;71.46149
2016;6;11;6;3.4961078;31.537964
2016;6;11;12;3.0327187;96.216965
2016;6;11;18;4.0421114;137.75577
2016;6;12;0;3.850194;141.44547
2016;6;12;6;1.0834194;99.80957
2016;6;12;12;2.1768181;43.31549
2016;6;12;18;3.4326625;2.1722412
2016;6;13;0;5.90172;6.161316
2016;6;13;6;7.0095334;1.9685059
2016;6;13;12;5.285609;15.701416
2016;6;13;18;1.8851192;55.16754
2016;6;14;0;3.9971738;347.4759
2016;6;14;6;4.3540397;342.73993
2016;6;14;12;4.6928325;356.2905
2016;6;14;18;3.1654673;13.133484
2016;6;15;0;3.6262653;338.27606
2016;6;15;6;3.808546;327.4849
2016;6;15;12;7.000119;329.74124
2016;6;15;18;5.0609074;320.52643
2016;6;16;0;4.4857616;320.66116
2016;6;16;6;4.8074846;311.7019
2016;6;16;12;2.0487;31.958282
2016;6;16;18;4.790797;142.77101
2016;6;17;0;5.7497096;136.7401
2016;6;17;6;7.0102735;130.74866
2016;6;17;12;9.30823;137.00581
2016;6;17;18;9.890626;137.82835
2016;6;18;0;7.0450273;124.42534
2016;6;18;6;6.7730317;112.283966
2016;6;18;12;5.939707;105.75198
2016;6;18;18;4.529543;116.953674
2016;6;19;0;5.3415146;38.790558
2016;6;19;6;5.035725;63.159485
2016;6;19;12;4.236642;65.87079
2016;6;19;18;0.90197545;74.18503
2016;6;20;0;3.1499825;330.73273
2016;6;20;6;5.8018713;343.9096
2016;6;20;12;6.6040745;347.71353
2016;6;20;18;4.466108;356.73428
2016;6;21;0;5.901587;338.2606
2016;6;21;6;4.161415;349.46597
2016;6;21;12;1.7739578;7.3913574
2016;6;21;18;4.176368;189.89221
2016;6;22;0;3.0359533;285.71454
2016;6;22;6;3.8641112;344.9607
2016;6;22;12;2.9435346;15.993347
2016;6;22;18;1.0219439;184.59348
2016;6;23;0;3.5755613;340.51758
2016;6;23;6;4.829629;63.63208
2016;6;23;12;5.9394073;121.75264
2016;6;23;18;5.0334754;198.85931
2016;6;24;0;2.4978375;325.11005
2016;6;24;6;5.538996;319.3359
2016;6;24;12;4.798005;341.8472
2016;6;24;18;2.4896438;8.486298
2016;6;25;0;3.6586554;323.64825
2016;6;25;6;4.7732716;344.18335
2016;6;25;12;2.550107;54.842285
2016;6;25;18;4.081388;106.01506
2016;6;26;0;2.7578588;47.39435
2016;6;26;6;4.759331;18.883331
2016;6;26;12;3.4494026;41.129333
2016;6;26;18;3.564271;89.09033
2016;6;27;0;4.327871;52.849854
2016;6;27;6;5.4242606;29.642853
2016;6;27;12;5.7475667;49.938477
2016;6;27;18;2.835795;56.038055
2016;6;28;0;3.0799918;40.940918
2016;6;28;6;2.683777;39.24301
2016;6;28;12;3.3347778;31.435242
2016;6;28;18;3.2976518;56.91284
2016;6;29;0;4.025808;56.23871
2016;6;29;6;4.3568974;86.09656
2016;6;29;12;8.429016;114.856
2016;6;29;18;4.955319;124.670166
2016;6;30;0;4.1026216;351.36856
2016;6;30;6;6.338584;11.459442
2016;6;30;12;7.1951966;18.068176
2016;6;30;18;6.217074;359.7259
2016;7;1;0;5.6628923;14.601837
2016;7;1;6;5.2991366;351.9793
2016;7;1;12;5.168832;352.56375
2016;7;1;18;4.130131;5.2911987
2016;7;2;0;3.4153526;40.707336
2016;7;2;6;3.6554031;15.090393
2016;7;2;12;4.1437974;5.2141724
2016;7;2;18;3.5781922;358.74475
2016;7;3;0;4.991341;352.93048
2016;7;3;6;5.150489;9.161926
2016;7;3;12;5.063555;19.106232
2016;7;3;18;3.1741393;17.392395
2016;7;4;0;4.4290395;352.44293
2016;7;4;6;4.760049;352.2826
2016;7;4;12;3.4477506;350.24716
2016;7;4;18;2.3688002;10.596588
2016;7;5;0;2.5117536;35.640717
2016;7;5;6;3.3310547;78.00775
2016;7;5;12;3.6986923;83.2771
2016;7;5;18;4.483797;130.47893
2016;7;6;0;3.7540557;114.303925
2016;7;6;6;3.196034;38.582397
2016;7;6;12;2.4677892;23.611237
2016;7;6;18;2.579049;18.899597
2016;7;7;0;3.9403274;355.2508
2016;7;7;6;5.422222;350.48676
2016;7;7;12;4.948466;9.266998
2016;7;7;18;2.3769355;31.969513
2016;7;8;0;4.0361967;2.2337646
2016;7;8;6;4.78782;356.0361
2016;7;8;12;5.187401;0.047424316
2016;7;8;18;3.7703495;31.480957
2016;7;9;0;5.441383;149.0929
2016;7;9;6;3.9017744;179.32391
2016;7;9;12;2.543906;197.85269
2016;7;9;18;1.5678108;31.615051
2016;7;10;0;4.8679748;352.7512
2016;7;10;6;6.672268;6.058319
2016;7;10;12;4.0654974;72.07196
2016;7;10;18;3.460868;123.16492
2016;7;11;0;2.778417;8.643616
2016;7;11;6;5.473241;6.298462
2016;7;11;12;4.075602;25.57837
2016;7;11;18;2.590926;20.340698
2016;7;12;0;4.418991;4.299988
2016;7;12;6;4.5384297;31.39914
2016;7;12;12;4.0834494;56.562958
2016;7;12;18;2.4394646;46.28192
2016;7;13;0;3.001285;21.087158
2016;7;13;6;3.8969116;38.59503
2016;7;13;12;4.0560627;25.850098
2016;7;13;18;3.6160219;105.912704
2016;7;14;0;4.025672;104.20317
2016;7;14;6;5.165082;52.921326
2016;7;14;12;5.6725883;67.732666
2016;7;14;18;5.8596516;60.56961
2016;7;15;0;5.2020693;53.985535
2016;7;15;6;4.41394;53.788635
2016;7;15;12;3.4903178;44.08246
2016;7;15;18;0.96707946;5.2807617
2016;7;16;0;3.170729;6.246216
2016;7;16;6;3.2209854;18.237122
2016;7;16;12;2.2733572;44.675537
2016;7;16;18;1.0780185;43.981384
2016;7;17;0;3.4937623;353.48828
2016;7;17;6;5.627658;358.4404
2016;7;17;12;4.7884955;9.962585
2016;7;17;18;3.6335793;18.058655
2016;7;18;0;4.812373;348.24017
2016;7;18;6;6.4810963;330.62387
2016;7;18;12;7.0621414;336.211
2016;7;18;18;6.5773315;339.04587
2016;7;19;0;7.6030874;337.42365
2016;7;19;6;7.7028866;343.77466
2016;7;19;12;7.021322;346.89087
2016;7;19;18;6.70875;347.69714
2016;7;20;0;7.661874;349.32706
2016;7;20;6;8.011788;357.0083
2016;7;20;12;8.526958;6.430359
2016;7;20;18;8.039408;30.457642
2016;7;21;0;8.2328825;33.90863
2016;7;21;6;6.7480626;42.009277
2016;7;21;12;4.8075495;44.95508
2016;7;21;18;3.2157853;46.138428
2016;7;22;0;4.803153;17.287231
2016;7;22;6;4.6818595;357.50775
2016;7;22;12;4.128048;7.928467
2016;7;22;18;3.2017508;351.4638
2016;7;23;0;6.372754;359.17072
2016;7;23;6;6.860251;15.462219
2016;7;23;12;5.8921514;20.121643
2016;7;23;18;3.3806694;18.803009
2016;7;24;0;5.2957797;1.455719
2016;7;24;6;6.23183;13.029358
2016;7;24;12;5.127641;33.320496
2016;7;24;18;3.8546093;87.43176
2016;7;25;0;3.7335408;64.57187
2016;7;25;6;4.410205;10.2742
2016;7;25;12;4.7544765;7.540283
2016;7;25;18;4.3444486;23.007202
2016;7;26;0;5.1530256;5.69635
2016;7;26;6;5.7499733;2.1444702
2016;7;26;12;5.2439895;18.634674
2016;7;26;18;3.9066868;25.417908
2016;7;27;0;5.2399898;7.246704
2016;7;27;6;5.43069;4.077881
2016;7;27;12;4.9595385;11.246826
2016;7;27;18;4.0415077;7.542877
2016;7;28;0;6.1854634;358.77014
2016;7;28;6;7.423766;3.033966
2016;7;28;12;6.427905;15.848633
2016;7;28;18;3.636368;20.8378
2016;7;29;0;2.3320303;16.33905
2016;7;29;6;2.305602;348.03577
2016;7;29;12;3.700951;354.61795
2016;7;29;18;4.8549943;351.97192
2016;7;30;0;6.366972;347.99506
2016;7;30;6;6.8367;350.3252
2016;7;30;12;5.3202252;2.7348022
2016;7;30;18;3.3146536;13.662445
2016;7;31;0;4.1513343;0.8451843
2016;7;31;6;5.1436963;355.16412
2016;7;31;12;5.0363264;4.0443115
2016;7;31;18;3.5487134;12.452942
2017;5;1;0;11.059492;98.97743
2017;5;1;6;6.5891957;109.238754
2017;5;1;12;6.556503;79.750244
2017;5;1;18;6.1231256;61.69406
2017;5;2;0;10.991699;85.11157
2017;5;2;6;6.928523;117.63211
2017;5;2;12;6.2429585;116.216095
2017;5;2;18;2.6595213;56.328003
2017;5;3;0;3.0347917;94.98772
2017;5;3;6;10.6040945;138.43028
2017;5;3;12;13.3632765;133.61266
2017;5;3;18;12.312753;131.16162
2017;5;4;0;11.638969;134.6418
2017;5;4;6;8.026098;135.95311
2017;5;4;12;10.271856;139.66447
2017;5;4;18;11.038793;136.93457
2017;5;5;0;10.113617;129.27603
2017;5;5;6;6.959403;130.0822
2017;5;5;12;6.923685;133.89098
2017;5;5;18;5.4495597;129.5056
2017;5;6;0;4.431816;84.214386
2017;5;6;6;3.999704;67.74658
2017;5;6;12;4.2498193;78.91278
2017;5;6;18;3.7259681;107.66864
2017;5;7;0;3.010194;60.64853
2017;5;7;6;2.6109874;72.241455
2017;5;7;12;1.4655339;62.695435
2017;5;7;18;1.7977314;5.6345825
2017;5;8;0;3.7694385;312.2084
2017;5;8;6;5.337407;322.83627
2017;5;8;12;4.0265274;328.8391
2017;5;8;18;5.063915;302.68356
2017;5;9;0;9.113945;301.16
2017;5;9;6;11.898879;294.9148
2017;5;9;12;16.091064;299.5221
2017;5;9;18;16.937904;326.15866
2017;5;10;0;16.584478;345.01898
2017;5;10;6;9.580942;12.095001
2017;5;10;12;7.370042;18.62912
2017;5;10;18;7.339992;11.665283
2017;5;11;0;7.5581207;9.8454895
2017;5;11;6;7.421218;355.1865
2017;5;11;12;7.0648603;345.19403
2017;5;11;18;7.8142858;338.23666
2017;5;12;0;7.8910546;341.83002
2017;5;12;6;6.4038744;351.84006
2017;5;12;12;3.330734;109.381744
2017;5;12;18;7.5239143;176.54568
2017;5;13;0;2.0644825;211.60724
2017;5;13;6;3.445533;32.983826
2017;5;13;12;4.6884117;31.318115
2017;5;13;18;4.171545;48.2157
2017;5;14;0;6.7816296;28.954346
2017;5;14;6;4.266782;25.106873
2017;5;14;12;5.3447933;15.757446
2017;5;14;18;6.2296762;7.4024353
2017;5;15;0;5.2285085;34.508484
2017;5;15;6;5.3643475;24.602112
2017;5;15;12;3.298796;29.095245
2017;5;15;18;3.2141848;0.77941895
2017;5;16;0;5.092593;357.06378
2017;5;16;6;6.31773;355.833
2017;5;16;12;7.2250485;9.322662
2017;5;16;18;5.6063814;6.4759827
2017;5;17;0;6.1950297;10.061859
2017;5;17;6;5.8768373;11.052124
2017;5;17;12;5.3114495;12.326172
2017;5;17;18;3.8752306;5.4597473
2017;5;18;0;4.7050757;10.092957
2017;5;18;6;3.4536462;38.943115
2017;5;18;12;4.725014;139.82954
2017;5;18;18;7.157795;148.06105
2017;5;19;0;6.848934;150.53226
2017;5;19;6;4.2910423;138.5544
2017;5;19;12;5.7672753;141.96642
2017;5;19;18;7.2604003;162.392
2017;5;20;0;4.251517;143.02567
2017;5;20;6;3.5066316;158.37134
2017;5;20;12;0.88867146;167.45026
2017;5;20;18;1.5153176;320.1033
2017;5;21;0;4.7804327;342.57068
2017;5;21;6;5.878623;357.97455
2017;5;21;12;6.015989;1.3477783
2017;5;21;18;6.035199;10.733429
2017;5;22;0;3.585609;20.685852
2017;5;22;6;2.1513767;185.2847
2017;5;22;12;3.6196067;163.30069
2017;5;22;18;5.7562027;177.79547
2017;5;23;0;2.2555423;206.87042
2017;5;23;6;2.1149247;357.11365
2017;5;23;12;4.1251974;11.305389
2017;5;23;18;1.9958162;29.209076
2017;5;24;0;3.0365224;10.15741
2017;5;24;6;3.916497;13.697479
2017;5;24;12;2.588478;26.90866
2017;5;24;18;1.5893364;279.61954
2017;5;25;0;3.1990979;352.45004
2017;5;25;6;4.1585927;358.80563
2017;5;25;12;6.596488;3.0753174
2017;5;25;18;4.246518;107.098175
2017;5;26;0;1.8807393;124.89336
2017;5;26;6;3.1700819;42.842773
2017;5;26;12;3.7493567;15.345917
2017;5;26;18;2.7183383;70.20007
2017;5;27;0;4.2205615;43.467438
2017;5;27;6;4.6681166;24.843658
2017;5;27;12;4.6079774;28.970215
2017;5;27;18;1.7512513;63.364166
2017;5;28;0;2.0697975;345.59683
2017;5;28;6;3.7316332;19.250793
2017;5;28;12;3.1533399;107.6452
2017;5;28;18;3.3125968;162.17992
2017;5;29;0;2.820648;186.45251
2017;5;29;6;2.8047094;317.2867
2017;5;29;12;3.7235525;21.939026
2017;5;29;18;2.804484;354.6831
2017;5;30;0;5.371943;352.2552
2017;5;30;6;5.0771623;25.957794
2017;5;30;12;4.0815697;82.742004
2017;5;30;18;4.7152615;109.2572
2017;5;31;0;4.2025056;48.56131
2017;5;31;6;5.054392;32.030457
2017;5;31;12;4.908525;37.013092
2017;5;31;18;2.7459843;71.94647
2017;6;1;0;3.4467552;8.778503
2017;6;1;6;6.3430033;4.0898743
2017;6;1;12;6.673419;18.871796
2017;6;1;18;5.184933;24.867157
2017;6;2;0;7.7214346;27.847778
2017;6;2;6;8.333763;38.767517
2017;6;2;12;4.204463;38.954834
2017;6;2;18;4.5681596;27.780762
2017;6;3;0;6.027168;7.191864
2017;6;3;6;6.557793;6.4739075
2017;6;3;12;6.237343;12.399597
2017;6;3;18;5.0222197;22.353119
2017;6;4;0;5.8929534;5.2358704
2017;6;4;6;6.80321;3.007965
2017;6;4;12;5.7436624;29.515656
2017;6;4;18;3.4988942;102.879776
2017;6;5;0;2.283483;67.55255
2017;6;5;6;3.088697;40.138916
2017;6;5;12;3.2024133;97.88493
2017;6;5;18;1.2886162;100.57024
2017;6;6;0;4.4598355;7.052185
2017;6;6;6;6.078921;2.1975098
2017;6;6;12;5.0080547;26.309113
2017;6;6;18;3.418945;37.778656
2017;6;7;0;3.7043617;38.177795
2017;6;7;6;5.0883813;15.583862
2017;6;7;12;4.0850396;26.904419
2017;6;7;18;3.1442816;57.906372
2017;6;8;0;3.6651123;42.6102
2017;6;8;6;3.9107425;8.197327
2017;6;8;12;1.9235003;88.11429
2017;6;8;18;3.464387;184.36505
2017;6;9;0;2.5735226;278.78888
2017;6;9;6;3.5391326;327.40683
2017;6;9;12;1.3941146;19.934296
2017;6;9;18;2.0860853;136.25055
2017;6;10;0;1.3710132;121.516266
2017;6;10;6;3.474336;32.195618
2017;6;10;12;3.5965466;53.707825
2017;6;10;18;2.561005;108.7906
2017;6;11;0;3.1876683;100.192566
2017;6;11;6;3.17525;55.4599
2017;6;11;12;2.565773;46.130432
2017;6;11;18;2.9584887;40.71582
2017;6;12;0;5.096004;9.869751
2017;6;12;6;6.236684;13.561005
2017;6;12;12;6.3237305;26.313324
2017;6;12;18;5.6127925;38.30304
2017;6;13;0;5.862267;29.7016
2017;6;13;6;5.0944114;15.636353
2017;6;13;12;4.73378;13.841095
2017;6;13;18;2.0128217;42.89453
2017;6;14;0;4.0959935;3.1519775
2017;6;14;6;5.947729;6.0967712
2017;6;14;12;6.677943;43.926758
2017;6;14;18;2.9941468;61.22705
2017;6;15;0;4.6674647;13.297485
2017;6;15;6;4.960246;3.0969238
2017;6;15;12;4.164605;16.16986
2017;6;15;18;3.0443506;1.4730225
2017;6;16;0;4.471094;6.9540405
2017;6;16;6;4.564256;3.2763062
2017;6;16;12;3.1903806;22.57788
2017;6;16;18;2.0696902;42.46216
2017;6;17;0;1.7019315;17.005554
2017;6;17;6;3.4937098;12.931213
2017;6;17;12;2.8345644;348.1558
2017;6;17;18;5.2702537;326.10187
2017;6;18;0;8.58869;331.4024
2017;6;18;6;9.094917;334.1484
2017;6;18;12;7.4544826;340.64096
2017;6;18;18;4.4416776;347.78595
2017;6;19;0;3.107355;45.39093
2017;6;19;6;3.9775574;120.838196
2017;6;19;12;7.4453907;146.07489
2017;6;19;18;8.838988;149.33606
2017;6;20;0;5.001472;122.994156
2017;6;20;6;4.2298913;66.34372
2017;6;20;12;6.017651;33.816376
2017;6;20;18;6.6986003;33.322876
2017;6;21;0;8.920252;41.006348
2017;6;21;6;8.989214;55.904602
2017;6;21;12;6.265506;55.92166
2017;6;21;18;5.3125143;54.291748
2017;6;22;0;5.292613;32.32544
2017;6;22;6;6.115641;33.10022
2017;6;22;12;5.751798;35.32379
2017;6;22;18;5.213399;20.977478
2017;6;23;0;7.2416673;358.62366
2017;6;23;6;7.3448143;13.04599
2017;6;23;12;5.846195;18.885468
2017;6;23;18;3.9093854;7.912842
2017;6;24;0;5.819402;331.93863
2017;6;24;6;7.911049;337.65277
2017;6;24;12;7.3760953;339.79736
2017;6;24;18;6.8091817;345.1159
2017;6;25;0;7.5901847;346.63538
2017;6;25;6;6.876265;2.0481567
2017;6;25;12;5.7127542;15.561218
2017;6;25;18;4.4244046;25.891296
2017;6;26;0;4.5695043;21.698181
2017;6;26;6;5.2318087;2.9701233
2017;6;26;12;4.854766;2.6925354
2017;6;26;18;4.567764;2.552826
2017;6;27;0;6.1759977;11.371033
2017;6;27;6;7.396605;18.596466
2017;6;27;12;5.2904344;38.372192
2017;6;27;18;2.3739138;60.578033
2017;6;28;0;4.752642;0.53656006
2017;6;28;6;7.434819;21.838318
2017;6;28;12;8.713431;21.448486
2017;6;28;18;5.5754085;24.995636
2017;6;29;0;4.720403;8.3377075
2017;6;29;6;5.378574;351.3716
2017;6;29;12;6.0763946;353.96564
2017;6;29;18;6.1770434;353.76846
2017;6;30;0;7.3814816;354.64185
2017;6;30;6;7.5572786;355.72507
2017;6;30;12;4.982007;8.83197
2017;6;30;18;1.4491365;330.53775
2017;7;1;0;4.426203;341.98926
2017;7;1;6;5.1468935;325.78152
2017;7;1;12;3.605339;324.4386
2017;7;1;18;4.8617854;175.77115
2017;7;2;0;8.535426;196.66502
2017;7;2;6;5.5982738;291.7118
2017;7;2;12;2.9332552;243.14516
2017;7;2;18;6.696446;266.5477
2017;7;3;0;7.05625;304.41336
2017;7;3;6;5.5861473;313.80823
2017;7;3;12;1.6552287;306.90088
2017;7;3;18;2.9555426;138.09042
2017;7;4;0;6.1375875;119.213135
2017;7;4;6;6.697484;156.83841
2017;7;4;12;9.284128;141.89816
2017;7;4;18;10.260244;143.73645
2017;7;5;0;7.759565;132.4404
2017;7;5;6;5.245211;122.02779
2017;7;5;12;5.213953;126.110886
2017;7;5;18;4.623409;106.71205
2017;7;6;0;5.0685406;45.73004
2017;7;6;6;6.440208;71.729614
2017;7;6;12;5.944145;58.60031
2017;7;6;18;5.5564218;86.703125
2017;7;7;0;6.536592;38.641663
2017;7;7;6;5.6475825;59.972015
2017;7;7;12;2.5102031;30.892242
2017;7;7;18;1.2779666;32.479828
2017;7;8;0;3.0927806;22.420013
2017;7;8;6;4.3635564;0.13757324
2017;7;8;12;3.0160134;355.88995
2017;7;8;18;3.5868578;310.74805
2017;7;9;0;7.443472;325.61243
2017;7;9;6;8.066662;337.097
2017;7;9;12;7.489151;349.08054
2017;7;9;18;1.3911023;83.84686
2017;7;10;0;2.1726549;130.86284
2017;7;10;6;2.6454885;21.505981
2017;7;10;12;3.9867067;359.86316
2017;7;10;18;3.6055882;351.8393
2017;7;11;0;4.18028;348.2069
2017;7;11;6;4.9469504;6.2929077
2017;7;11;12;4.307643;15.2239685
2017;7;11;18;3.2141533;24.094086
2017;7;12;0;4.9382625;15.365173
2017;7;12;6;5.936944;355.09262
2017;7;12;12;6.2204013;355.7954
2017;7;12;18;6.097998;353.0473
2017;7;13;0;6.3181505;3.7194824
2017;7;13;6;5.6308804;12.346252
2017;7;13;12;3.8406851;63.688934
2017;7;13;18;4.6441135;107.68112
2017;7;14;0;5.5436797;103.3206
2017;7;14;6;5.7889624;67.96942
2017;7;14;12;5.6116924;74.6658
2017;7;14;18;6.5061526;63.660706
2017;7;15;0;6.9407177;49.68927
2017;7;15;6;4.9744806;45.63623
2017;7;15;12;3.1072319;22.135376
2017;7;15;18;0.6796351;293.40582
2017;7;16;0;1.2725325;180.98956
2017;7;16;6;3.9142187;95.84984
2017;7;16;12;5.859489;119.54649
2017;7;16;18;4.4107785;93.995346
2017;7;17;0;5.2702417;108.663025
2017;7;17;6;4.5278563;55.242523
2017;7;17;12;2.2800627;33.904266
2017;7;17;18;3.1810555;6.6759033
2017;7;18;0;5.4444127;336.6874
2017;7;18;6;6.366668;346.4546
2017;7;18;12;4.8862705;26.430481
2017;7;18;18;2.217261;59.599518
2017;7;19;0;2.6879175;75.04645
2017;7;19;6;3.0804303;85.015686
2017;7;19;12;2.637854;150.59987
2017;7;19;18;5.3554106;150.83047
2017;7;20;0;4.9841194;142.68184
2017;7;20;6;4.3696666;152.33368
2017;7;20;12;4.0476794;178.47235
2017;7;20;18;8.455955;316.2357
2017;7;21;0;8.6867895;334.0886
2017;7;21;6;8.430846;0.83599854
2017;7;21;12;6.843196;35.044067
2017;7;21;18;5.1976657;58.209778
2017;7;22;0;3.8129377;37.30304
2017;7;22;6;5.0770297;12.2552185
2017;7;22;12;6.5298605;32.807922
2017;7;22;18;1.8474869;349.68198
2017;7;23;0;3.9105592;333.02728
2017;7;23;6;3.3663518;6.750305
2017;7;23;12;3.1891077;73.236084
2017;7;23;18;2.7448835;99.51903
2017;7;24;0;3.4334724;61.269165
2017;7;24;6;4.7919035;57.16992
2017;7;24;12;6.2774677;107.1888
2017;7;24;18;6.9029355;113.62668
2017;7;25;0;6.2772465;86.58795
2017;7;25;6;8.498916;89.78424
2017;7;25;12;6.6587014;124.77188
2017;7;25;18;5.531585;100.66008
2017;7;26;0;3.3998435;53.18268
2017;7;26;6;4.380943;94.1066
2017;7;26;12;5.338846;40.260193
2017;7;26;18;4.066498;21.905884
2017;7;27;0;5.074707;357.34286
2017;7;27;6;7.329882;348.98804
2017;7;27;12;6.8955164;11.864166
2017;7;27;18;6.7508554;7.1077576
2017;7;28;0;6.91694;9.139282
2017;7;28;6;6.8602557;13.784027
2017;7;28;12;5.2776036;22.521606
2017;7;28;18;3.7428865;41.094543
2017;7;29;0;5.2554984;29.491638
2017;7;29;6;6.2365236;14.647217
2017;7;29;12;6.7777643;17.960144
2017;7;29;18;6.2770743;10.814514
2017;7;30;0;7.1302247;3.606964
2017;7;30;6;6.9136467;15.527649
2017;7;30;12;6.1252007;18.297272
2017;7;30;18;3.4259768;41.931213
2017;7;31;0;3.2272496;60.629333
2017;7;31;6;2.780413;8.578644
2017;7;31;12;2.6844478;5.7938843
2017;7;31;18;3.4628346;350.90887
2018;5;1;0;6.297989;350.7755
2018;5;1;6;6.172546;352.63278
2018;5;1;12;6.993869;339.2239
2018;5;1;18;14.2691145;318.9249
2018;5;2;0;14.622427;325.73697
2018;5;2;6;12.145336;332.63098
2018;5;2;12;5.432154;348.99844
2018;5;2;18;3.9719608;27.60431
2018;5;3;0;6.602402;8.568207
2018;5;3;6;6.2936187;23.82306
2018;5;3;12;7.602405;6.804291
2018;5;3;18;9.141282;339.96277
2018;5;4;0;14.351386;330.3436
2018;5;4;6;17.741894;329.02026
2018;5;4;12;18.299152;334.83057
2018;5;4;18;17.073072;332.19595
2018;5;5;0;13.09534;328.7989
2018;5;5;6;10.85745;326.77682
2018;5;5;12;7.720573;330.9452
2018;5;5;18;6.857036;297.84802
2018;5;6;0;8.865497;299.58652
2018;5;6;6;10.960744;318.233
2018;5;6;12;14.4027;324.8
2018;5;6;18;14.449476;323.3647
2018;5;7;0;11.341239;328.7178
2018;5;7;6;9.354948;337.51523
2018;5;7;12;6.8882008;349.7718
2018;5;7;18;4.9283886;337.2139
2018;5;8;0;5.295711;348.4298
2018;5;8;6;4.4006147;358.68997
2018;5;8;12;2.9518898;35.484406
2018;5;8;18;3.0563133;20.182526
2018;5;9;0;6.2611175;10.956757
2018;5;9;6;4.6922965;45.879944
2018;5;9;12;6.0890107;42.586395
2018;5;9;18;4.733159;60.356506
2018;5;10;0;6.457094;25.680481
2018;5;10;6;6.1435733;38.935364
2018;5;10;12;6.609605;9.796051
2018;5;10;18;5.284865;11.619354
2018;5;11;0;3.9498875;56.88852
2018;5;11;6;4.586778;127.11987
2018;5;11;12;9.687464;150.09874
2018;5;11;18;12.266693;161.45639
2018;5;12;0;10.846925;158.56758
2018;5;12;6;8.504616;149.91092
2018;5;12;12;10.012295;133.29985
2018;5;12;18;11.87684;132.77579
2018;5;13;0;9.192776;127.13841
2018;5;13;6;10.090725;115.56537
2018;5;13;12;12.05344;108.799835
2018;5;13;18;14.408414;119.316895
2018;5;14;0;12.788952;109.5692
2018;5;14;6;12.040529;91.724625
2018;5;14;12;13.413732;95.27495
2018;5;14;18;7.3620253;115.36824
2018;5;15;0;3.8535707;126.26616
2018;5;15;6;1.0010486;99.58632
2018;5;15;12;1.9379401;296.15848
2018;5;15;18;3.273895;270.03842
2018;5;16;0;1.4340981;0.13015747
2018;5;16;6;1.4810423;143.09604
2018;5;16;12;3.8447652;108.14105
2018;5;16;18;6.5664682;125.074524
2018;5;17;0;9.940394;111.23848
2018;5;17;6;13.148765;116.39378
2018;5;17;12;14.630442;109.92677
2018;5;17;18;14.468895;105.585205
2018;5;18;0;9.396707;68.01611
2018;5;18;6;7.686649;98.828354
2018;5;18;12;6.96037;112.54695
2018;5;18;18;7.627466;115.12341
2018;5;19;0;3.9235399;108.16905
2018;5;19;6;4.436103;33.03708
2018;5;19;12;5.9225016;16.721771
2018;5;19;18;5.4516554;6.930176
2018;5;20;0;5.749748;352.08762
2018;5;20;6;7.118289;0.2590027
2018;5;20;12;5.348468;25.348206
2018;5;20;18;2.4357684;99.12961
2018;5;21;0;2.5701828;38.00473
2018;5;21;6;3.4929862;81.34256
2018;5;21;12;3.3283768;101.44388
2018;5;21;18;5.4816003;92.95166
2018;5;22;0;7.490832;100.28598
2018;5;22;6;10.495733;98.80711
2018;5;22;12;9.969942;95.73819
2018;5;22;18;10.363307;67.486084
2018;5;23;0;11.68144;64.133545
2018;5;23;6;8.298642;62.13025
2018;5;23;12;5.657287;71.30383
2018;5;23;18;4.982676;86.76904
2018;5;24;0;5.4050574;133.34787
2018;5;24;6;6.6703105;136.72073
2018;5;24;12;5.417288;134.8013
2018;5;24;18;2.404526;149.95761
2018;5;25;0;4.907352;323.29938
2018;5;25;6;5.763455;25.32666
2018;5;25;12;5.660173;68.70996
2018;5;25;18;9.058323;111.14372
2018;5;26;0;8.986288;95.793915
2018;5;26;6;11.742072;107.00099
2018;5;26;12;4.8477645;92.73102
2018;5;26;18;6.785944;124.68945
2018;5;27;0;7.15445;140.8754
2018;5;27;6;3.7413359;156.57071
2018;5;27;12;5.0095234;143.69337
2018;5;27;18;2.4677398;94.391754
2018;5;28;0;5.4152284;346.15247
2018;5;28;6;6.9598823;1.1052246
2018;5;28;12;5.586906;5.8950195
2018;5;28;18;3.7779655;123.68085
2018;5;29;0;4.4352775;107.95166
2018;5;29;6;3.6777399;71.64841
2018;5;29;12;4.065266;95.3546
2018;5;29;18;7.9292808;124.090805
2018;5;30;0;4.001933;90.98465
2018;5;30;6;4.6330113;107.47456
2018;5;30;12;5.343281;143.74292
2018;5;30;18;7.405661;141.80244
2018;5;31;0;8.29331;138.3484
2018;5;31;6;7.5724344;170.09286
2018;5;31;12;3.3437488;212.56482
2018;5;31;18;3.16852;192.60388
2018;6;1;0;2.6423466;206.58514
2018;6;1;6;2.2191947;263.1323
2018;6;1;12;3.5997717;142.43182
2018;6;1;18;9.746576;178.42056
2018;6;2;0;7.237689;194.30057
2018;6;2;6;8.981537;198.30797
2018;6;2;12;7.485197;267.37912
2018;6;2;18;4.681867;271.90182
2018;6;3;0;3.341803;117.261566
2018;6;3;6;3.3450286;133.94513
2018;6;3;12;7.8613067;189.69366
2018;6;3;18;6.361191;173.20215
2018;6;4;0;5.6696377;163.443
2018;6;4;6;5.531884;145.95059
2018;6;4;12;7.4107957;162.33621
2018;6;4;18;6.9322114;161.38983
2018;6;5;0;6.1142592;146.33034
2018;6;5;6;4.8906174;131.1253
2018;6;5;12;5.5222683;147.68329
2018;6;5;18;5.283356;136.83406
2018;6;6;0;4.542661;108.25864
2018;6;6;6;5.6322165;95.38449
2018;6;6;12;6.349622;113.98367
2018;6;6;18;9.157184;113.16254
2018;6;7;0;11.451093;119.77246
2018;6;7;6;9.254181;136.9682
2018;6;7;12;10.687637;141.53912
2018;6;7;18;5.8930917;177.57199
2018;6;8;0;2.3267157;251.98079
2018;6;8;6;6.5730276;319.48187
2018;6;8;12;7.818435;333.71252
2018;6;8;18;6.4666433;341.927
2018;6;9;0;6.3367844;14.089813
2018;6;9;6;6.856531;16.584106
2018;6;9;12;2.9153786;53.967407
2018;6;9;18;3.2583325;158.65596
2018;6;10;0;1.7164702;51.82202
2018;6;10;6;2.1370578;8.1484375
2018;6;10;12;2.0833774;5.0679626
2018;6;10;18;0.45732677;123.274536
2018;6;11;0;2.3532498;0.8835449
2018;6;11;6;1.9428074;35.988007
2018;6;11;12;2.46084;26.612213
2018;6;11;18;3.7675135;164.76471
2018;6;12;0;2.83919;257.03552
2018;6;12;6;3.877243;321.78125
2018;6;12;12;5.688042;351.35663
2018;6;12;18;5.0427;6.816925
2018;6;13;0;7.0525427;359.4489
2018;6;13;6;7.2074943;3.0925598
2018;6;13;12;5.9649878;16.740692
2018;6;13;18;3.1914742;24.697662
2018;6;14;0;1.7972864;60.811066
2018;6;14;6;4.677226;170.6468
2018;6;14;12;7.588324;181.48611
2018;6;14;18;6.5698447;167.873
2018;6;15;0;1.4218506;237.74574
2018;6;15;6;5.200664;352.29776
2018;6;15;12;6.710045;9.347931
2018;6;15;18;6.0162725;10.710022
2018;6;16;0;5.455468;10.126068
2018;6;16;6;4.852555;348.1501
2018;6;16;12;3.4394774;2.4353638
2018;6;16;18;1.8474876;325.55936
2018;6;17;0;4.6682115;336.86856
2018;6;17;6;5.8819118;350.3898
2018;6;17;12;6.0227556;1.0031738
2018;6;17;18;7.065364;345.51877
2018;6;18;0;8.5188465;346.2105
2018;6;18;6;8.74268;342.20203
2018;6;18;12;7.7598643;0.73223877
2018;6;18;18;7.5491424;354.79782
2018;6;19;0;7.7413745;358.98743
2018;6;19;6;7.4295087;6.709381
2018;6;19;12;5.8535314;19.171356
2018;6;19;18;4.8006935;13.541138
2018;6;20;0;5.4133043;27.092102
2018;6;20;6;5.296486;32.186768
2018;6;20;12;4.516128;101.55261
2018;6;20;18;7.780327;123.36784
2018;6;21;0;7.139779;126.60358
2018;6;21;6;6.4440227;105.14937
2018;6;21;12;5.2344604;111.964096
2018;6;21;18;3.8940992;140.59314
2018;6;22;0;2.207111;268.40775
2018;6;22;6;4.0412188;320.7659
2018;6;22;12;3.8816068;4.1200867
2018;6;22;18;2.051778;58.89206
2018;6;23;0;3.6865807;116.5981
2018;6;23;6;4.2428784;101.71811
2018;6;23;12;3.3789341;101.20076
2018;6;23;18;0.6173072;320.82535
2018;6;24;0;6.030353;339.53687
2018;6;24;6;4.465169;4.505249
2018;6;24;12;2.154618;87.91705
2018;6;24;18;4.9812355;164.34775
2018;6;25;0;0.9665743;207.5985
2018;6;25;6;3.2172105;340.0385
2018;6;25;12;6.8981185;345.2436
2018;6;25;18;7.2832427;332.1683
2018;6;26;0;7.491907;340.01834
2018;6;26;6;8.02457;344.8583
2018;6;26;12;5.8824086;21.322388
2018;6;26;18;3.2055655;144.23392
2018;6;27;0;2.3013215;102.88495
2018;6;27;6;2.0489748;11.042786
2018;6;27;12;2.424166;39.056366
2018;6;27;18;2.023177;57.974274
2018;6;28;0;4.977374;76.337585
2018;6;28;6;8.787085;115.28383
2018;6;28;12;10.047448;111.44658
2018;6;28;18;9.638;126.21263
2018;6;29;0;7.565535;149.28957
2018;6;29;6;1.7059686;85.24768
2018;6;29;12;3.2607;153.81964
2018;6;29;18;3.974801;150.87085
2018;6;30;0;1.9647447;290.65503
2018;6;30;6;2.0852005;9.612518
2018;6;30;12;3.2563;93.561966
2018;6;30;18;9.093828;147.0726
2018;7;1;0;10.385052;145.00671
2018;7;1;6;7.216066;154.91803
2018;7;1;12;3.82224;119.403564
2018;7;1;18;5.674158;124.05829
2018;7;2;0;4.0306754;80.94714
2018;7;2;6;4.3523273;61.63147
2018;7;2;12;3.7272856;118.70303
2018;7;2;18;0.34284654;204.27762
2018;7;3;0;3.1121292;342.4496
2018;7;3;6;5.58439;341.24814
2018;7;3;12;4.0930586;18.616272
2018;7;3;18;1.5676534;42.174255
2018;7;4;0;2.689429;1.8303223
2018;7;4;6;2.9230793;42.51587
2018;7;4;12;2.5734916;105.5493
2018;7;4;18;6.265213;149.61215
2018;7;5;0;5.7608366;146.22597
2018;7;5;6;3.5522425;117.647964
2018;7;5;12;4.178708;133.30032
2018;7;5;18;3.6128244;139.32892
2018;7;6;0;1.7209826;37.68445
2018;7;6;6;3.332712;13.889648
2018;7;6;12;2.55547;355.5758
2018;7;6;18;2.1427684;359.80173
2018;7;7;0;4.295736;348.26028
2018;7;7;6;4.7294307;351.5507
2018;7;7;12;2.5592942;44.098267
2018;7;7;18;4.7340536;153.42332
2018;7;8;0;5.830927;128.40907
2018;7;8;6;5.303731;133.93927
2018;7;8;12;6.739961;142.51476
2018;7;8;18;6.457796;125.122055
2018;7;9;0;0.5634663;27.431519
2018;7;9;6;3.08497;325.77502
2018;7;9;12;6.4925156;321.68246
2018;7;9;18;7.087507;328.1797
2018;7;10;0;6.673793;340.16684
2018;7;10;6;8.663626;340.15698
2018;7;10;12;6.583995;350.6033
2018;7;10;18;3.528548;345.62305
2018;7;11;0;4.7417564;337.00488
2018;7;11;6;5.3395185;329.1218
2018;7;11;12;6.9955034;330.71335
2018;7;11;18;5.7084155;341.09464
2018;7;12;0;4.3304496;4.392517
2018;7;12;6;3.1730838;27.260376
2018;7;12;12;4.0531254;133.39539
2018;7;12;18;3.3245032;173.1792
2018;7;13;0;2.8440113;355.3157
2018;7;13;6;7.2285757;356.7955
2018;7;13;12;8.280457;1.8886719
2018;7;13;18;8.549543;11.629761
2018;7;14;0;8.739265;352.95688
2018;7;14;6;7.958601;343.2717
2018;7;14;12;7.6622224;333.28082
2018;7;14;18;10.208391;319.92725
2018;7;15;0;9.022018;322.30463
2018;7;15;6;9.008949;347.5069
2018;7;15;12;7.197844;353.6463
2018;7;15;18;5.984961;0.111206055
2018;7;16;0;3.343542;0.14385986
2018;7;16;6;2.3464608;31.663147
2018;7;16;12;0.57809466;254.69066
2018;7;16;18;1.8581871;0.86190796
2018;7;17;0;4.2435684;25.166168
2018;7;17;6;3.5451612;1.829956
2018;7;17;12;0.8663976;10.889465
2018;7;17;18;2.5196683;256.15436
2018;7;18;0;4.164408;298.88303
2018;7;18;6;8.043418;314.50482
2018;7;18;12;6.8118014;332.3032
2018;7;18;18;6.566532;324.87073
2018;7;19;0;5.7831736;332.88763
2018;7;19;6;4.224429;0.2104187
2018;7;19;12;1.930717;90.559296
2018;7;19;18;4.741506;121.62668
2018;7;20;0;5.4103055;165.15816
2018;7;20;6;6.042746;266.1557
2018;7;20;12;7.3870955;298.2228
2018;7;20;18;7.9572406;325.90417
2018;7;21;0;7.1640844;341.8272
2018;7;21;6;7.38339;344.8977
2018;7;21;12;5.601946;9.270416
2018;7;21;18;5.525426;346.3709
2018;7;22;0;7.3678718;342.5791
2018;7;22;6;7.624432;0.4421692
2018;7;22;12;7.0094075;357.43872
2018;7;22;18;9.151842;344.8452
2018;7;23;0;10.514577;339.3969
2018;7;23;6;11.165623;335.9319
2018;7;23;12;9.597698;349.39932
2018;7;23;18;6.3262873;359.47183
2018;7;24;0;5.234333;25.751434
2018;7;24;6;5.1307335;47.12433
2018;7;24;12;4.846819;91.20828
2018;7;24;18;4.8819194;114.68341
2018;7;25;0;4.0467024;28.745422
2018;7;25;6;7.1619506;359.17947
2018;7;25;12;5.925703;10.169525
2018;7;25;18;4.2639203;8.310547
2018;7;26;0;4.588935;346.3413
2018;7;26;6;4.2145867;324.93173
2018;7;26;12;0.9370182;353.8494
2018;7;26;18;4.1074924;198.00046
2018;7;27;0;2.7231228;259.19623
2018;7;27;6;1.8973058;343.79578
2018;7;27;12;2.4643137;96.3347
2018;7;27;18;4.5048194;133.20468
2018;7;28;0;5.068632;153.58545
2018;7;28;6;4.593297;121.82036
2018;7;28;12;2.771886;92.26422
2018;7;28;18;3.2052045;70.030304
2018;7;29;0;5.187765;18.134583
2018;7;29;6;7.32942;5.939911
2018;7;29;12;6.0907774;58.726562
2018;7;29;18;4.794845;75.35315
2018;7;30;0;3.8681543;73.63678
2018;7;30;6;5.822059;21.559814
2018;7;30;12;7.302741;20.18869
2018;7;30;18;5.230806;138.98814
2018;7;31;0;1.1788146;127.29779
2018;7;31;6;4.3653207;13.15686
2018;7;31;12;3.838178;20.26709
2018;7;31;18;3.9570668;179.55661
