Year;Month;Day;Hour(utc);301;365
2008;5;1;0;5.774857;238.43874
2008;5;1;6;4.260686;236.81361
2008;5;1;12;5.246092;257.41025
2008;5;1;18;6.6073227;275.18246
2008;5;2;0;3.5378563;329.94458
2008;5;2;6;3.712785;76.47211
2008;5;2;12;7.2177553;96.49208
2008;5;2;18;6.8732715;110.62927
2008;5;3;0;9.064555;107.52652
2008;5;3;6;9.880491;116.577255
2008;5;3;12;9.8581;132.36984
2008;5;3;18;9.683538;144.63327
2008;5;4;0;9.624798;152.70882
2008;5;4;6;7.6433735;153.90967
2008;5;4;12;6.045149;154.05554
2008;5;4;18;6.0906963;129.87679
2008;5;5;0;7.596449;112.15567
2008;5;5;6;9.587735;109.184616
2008;5;5;12;10.577381;113.355515
2008;5;5;18;9.221157;129.9044
2008;5;6;0;8.111331;135.34218
2008;5;6;6;8.03467;136.77826
2008;5;6;12;7.5064497;143.76007
2008;5;6;18;5.781439;137.69678
2008;5;7;0;6.833356;118.440216
2008;5;7;6;6.348866;110.161545
2008;5;7;12;4.381636;118.57947
2008;5;7;18;2.9903913;140.71318
2008;5;8;0;4.0987854;127.2955
2008;5;8;6;4.455347;165.1781
2008;5;8;12;3.219199;178.14204
2008;5;8;18;4.0478783;207.10104
2008;5;9;0;4.7863717;198.2115
2008;5;9;6;5.0028105;219.02106
2008;5;9;12;3.259362;247.58904
2008;5;9;18;4.3377013;88.18515
2008;5;10;0;10.067918;103.54289
2008;5;10;6;11.158861;105.46367
2008;5;10;12;10.436219;110.68849
2008;5;10;18;8.2175255;119.78693
2008;5;11;0;9.149213;112.921555
2008;5;11;6;8.592746;128.94952
2008;5;11;12;8.651691;121.8737
2008;5;11;18;10.021127;134.57967
2008;5;12;0;11.474375;149.83069
2008;5;12;6;9.566065;156.80139
2008;5;12;12;8.577877;162.11926
2008;5;12;18;7.0658417;159.8977
2008;5;13;0;7.9708467;145.47174
2008;5;13;6;8.470633;155.59442
2008;5;13;12;7.82856;157.12987
2008;5;13;18;5.9658217;167.95288
2008;5;14;0;6.451888;148.71867
2008;5;14;6;7.678303;148.87958
2008;5;14;12;7.1243343;141.07092
2008;5;14;18;7.3672037;142.61111
2008;5;15;0;6.4494677;143.7745
2008;5;15;6;5.4266815;139.75679
2008;5;15;12;3.2172341;184.05173
2008;5;15;18;4.8817787;280.54477
2008;5;16;0;2.3254225;28.235596
2008;5;16;6;3.3228734;74.01514
2008;5;16;12;3.2400262;25.558655
2008;5;16;18;4.3359404;313.8107
2008;5;17;0;1.8941922;79.180725
2008;5;17;6;3.3416762;145.23228
2008;5;17;12;5.4281435;140.18231
2008;5;17;18;4.7192407;160.25621
2008;5;18;0;5.499076;150.47195
2008;5;18;6;4.679912;188.04788
2008;5;18;12;4.784054;218.25594
2008;5;18;18;5.9965725;256.71603
2008;5;19;0;3.4037673;230.37598
2008;5;19;6;4.5709877;251.78525
2008;5;19;12;6.389455;241.03061
2008;5;19;18;7.2272487;256.29892
2008;5;20;0;3.3685544;228.21262
2008;5;20;6;4.6321764;253.62595
2008;5;20;12;7.6037555;239.87842
2008;5;20;18;7.1589584;245.39127
2008;5;21;0;6.4460726;231.1164
2008;5;21;6;6.8411927;229.84001
2008;5;21;12;5.5522475;245.6858
2008;5;21;18;4.0440516;270.03296
2008;5;22;0;2.8838022;357.99097
2008;5;22;6;2.9026084;59.810547
2008;5;22;12;2.60486;318.3618
2008;5;22;18;2.7860444;328.9088
2008;5;23;0;4.65271;82.08795
2008;5;23;6;6.624992;116.81648
2008;5;23;12;7.76503;138.71692
2008;5;23;18;8.392245;161.85707
2008;5;24;0;7.5988545;159.5738
2008;5;24;6;7.9226527;151.24219
2008;5;24;12;7.7829742;167.42575
2008;5;24;18;6.601966;172.31337
2008;5;25;0;9.313921;140.23976
2008;5;25;6;12.166109;149.17892
2008;5;25;12;13.6798935;149.68837
2008;5;25;18;14.490659;157.94005
2008;5;26;0;12.141895;153.33322
2008;5;26;6;11.743868;152.20764
2008;5;26;12;11.45297;154.88507
2008;5;26;18;7.9051213;176.72977
2008;5;27;0;5.5949864;149.92058
2008;5;27;6;7.842693;144.79202
2008;5;27;12;9.480672;153.26445
2008;5;27;18;8.470604;160.59424
2008;5;28;0;9.934156;147.29785
2008;5;28;6;9.7034855;160.94237
2008;5;28;12;9.468661;151.6141
2008;5;28;18;12.42668;149.96683
2008;5;29;0;15.938666;139.36737
2008;5;29;6;17.692852;136.17317
2008;5;29;12;19.844166;130.58896
2008;5;29;18;17.076752;130.44017
2008;5;30;0;13.375205;131.0583
2008;5;30;6;13.416409;134.4883
2008;5;30;12;13.367221;161.01892
2008;5;30;18;5.9097247;205.01538
2008;5;31;0;5.0645423;168.78314
2008;5;31;6;3.8296585;148.61719
2008;5;31;12;6.685445;120.734314
2008;5;31;18;3.5926912;138.12733
2008;6;1;0;6.202372;131.25198
2008;6;1;6;7.392204;137.95572
2008;6;1;12;8.800574;139.6149
2008;6;1;18;4.574777;152.99915
2008;6;2;0;5.019171;121.83763
2008;6;2;6;4.6324177;117.581635
2008;6;2;12;3.323798;154.07706
2008;6;2;18;2.9078212;177.36725
2008;6;3;0;5.518934;133.63216
2008;6;3;6;7.574006;134.82774
2008;6;3;12;7.4067125;129.73125
2008;6;3;18;4.385449;104.80112
2008;6;4;0;6.626576;99.2319
2008;6;4;6;7.928821;111.9492
2008;6;4;12;7.705548;112.49237
2008;6;4;18;7.802655;101.85147
2008;6;5;0;9.567045;138.19449
2008;6;5;6;9.915382;135.71883
2008;6;5;12;7.199065;120.52013
2008;6;5;18;3.491926;89.58783
2008;6;6;0;5.0485215;104.25598
2008;6;6;6;7.054432;116.64725
2008;6;6;12;6.1459923;126.50969
2008;6;6;18;4.649335;132.40321
2008;6;7;0;8.16274;128.64552
2008;6;7;6;9.470002;134.76439
2008;6;7;12;9.150535;147.83957
2008;6;7;18;7.2540565;150.88791
2008;6;8;0;6.94146;148.9675
2008;6;8;6;6.618689;155.19731
2008;6;8;12;6.8064933;151.88916
2008;6;8;18;5.5188885;134.67929
2008;6;9;0;7.7213397;116.75235
2008;6;9;6;8.984118;121.03822
2008;6;9;12;9.246261;123.69455
2008;6;9;18;8.339518;128.03244
2008;6;10;0;8.861634;128.7853
2008;6;10;6;8.939032;125.17198
2008;6;10;12;8.22261;135.61528
2008;6;10;18;4.704629;155.52069
2008;6;11;0;5.082471;140.64435
2008;6;11;6;5.9409165;132.73729
2008;6;11;12;5.8929725;147.18161
2008;6;11;18;4.733499;149.07758
2008;6;12;0;5.78607;137.13788
2008;6;12;6;7.2849183;126.67976
2008;6;12;12;8.233552;127.849335
2008;6;12;18;8.345808;141.68524
2008;6;13;0;7.4985;142.46768
2008;6;13;6;8.423621;140.97154
2008;6;13;12;7.576329;151.52045
2008;6;13;18;6.441537;161.44717
2008;6;14;0;7.7545624;153.43571
2008;6;14;6;9.537637;193.36275
2008;6;14;12;4.217479;261.4064
2008;6;14;18;3.5966148;284.1102
2008;6;15;0;2.0659492;325.3888
2008;6;15;6;0.6778852;18.738129
2008;6;15;12;2.0062995;15.974365
2008;6;15;18;2.2681382;338.1635
2008;6;16;0;0.5978547;113.78822
2008;6;16;6;4.2211127;132.76245
2008;6;16;12;5.954088;131.62447
2008;6;16;18;5.403274;143.72635
2008;6;17;0;4.296516;160.03232
2008;6;17;6;3.0590172;192.39923
2008;6;17;12;3.1293416;166.10532
2008;6;17;18;2.9662392;183.38304
2008;6;18;0;4.3663206;149.5835
2008;6;18;6;7.126293;150.9293
2008;6;18;12;6.1296663;193.57782
2008;6;18;18;7.9799438;226.30762
2008;6;19;0;7.356887;268.41138
2008;6;19;6;4.333595;296.3371
2008;6;19;12;5.0360155;345.50375
2008;6;19;18;5.3904614;351.14276
2008;6;20;0;3.7797537;334.30927
2008;6;20;6;2.3433247;140.6012
2008;6;20;12;5.7619767;154.67929
2008;6;20;18;3.8829176;191.06088
2008;6;21;0;2.3759558;228.58629
2008;6;21;6;2.0227897;248.59639
2008;6;21;12;1.75936;132.89343
2008;6;21;18;1.5972487;2.0344238
2008;6;22;0;4.013664;72.242065
2008;6;22;6;6.7461605;103.38977
2008;6;22;12;6.816496;117.18771
2008;6;22;18;3.9321501;123.7574
2008;6;23;0;4.910505;115.50903
2008;6;23;6;6.383015;110.84006
2008;6;23;12;6.828752;113.8922
2008;6;23;18;5.747854;116.88077
2008;6;24;0;6.735997;112.59761
2008;6;24;6;7.967119;108.04306
2008;6;24;12;6.849132;115.33913
2008;6;24;18;6.346031;114.51982
2008;6;25;0;8.090119;114.91907
2008;6;25;6;9.005433;118.82965
2008;6;25;12;7.2261176;127.85957
2008;6;25;18;5.732429;128.76935
2008;6;26;0;6.5605807;113.84381
2008;6;26;6;7.979266;108.41565
2008;6;26;12;7.989635;108.107376
2008;6;26;18;7.101895;99.31685
2008;6;27;0;7.4623685;98.786606
2008;6;27;6;9.975798;102.20903
2008;6;27;12;10.398567;105.69162
2008;6;27;18;9.117614;109.1281
2008;6;28;0;8.799063;119.198
2008;6;28;6;8.250438;124.18733
2008;6;28;12;6.258578;135.9279
2008;6;28;18;4.722663;162.29904
2008;6;29;0;5.520671;152.81552
2008;6;29;6;6.257878;133.31769
2008;6;29;12;5.6153603;132.80241
2008;6;29;18;3.7470813;130.9369
2008;6;30;0;4.7849603;111.61928
2008;6;30;6;6.073148;112.24385
2008;6;30;12;5.666346;122.36798
2008;6;30;18;2.7842038;119.01065
2008;7;1;0;4.29796;104.82826
2008;7;1;6;3.9282577;112.18996
2008;7;1;12;3.2210913;134.72574
2008;7;1;18;2.9900744;134.66576
2008;7;2;0;4.6168294;108.13295
2008;7;2;6;7.507849;116.78151
2008;7;2;12;8.222604;119.3869
2008;7;2;18;6.5525455;127.33205
2008;7;3;0;6.630803;118.75218
2008;7;3;6;7.4852085;109.67674
2008;7;3;12;6.287663;121.89653
2008;7;3;18;8.925357;128.09978
2008;7;4;0;8.7538805;122.438416
2008;7;4;6;8.841443;133.75679
2008;7;4;12;8.973831;133.71597
2008;7;4;18;6.9224687;126.997604
2008;7;5;0;8.067895;123.37717
2008;7;5;6;8.537719;131.61316
2008;7;5;12;8.579706;130.81444
2008;7;5;18;6.5803943;144.64703
2008;7;6;0;6.7900596;149.2978
2008;7;6;6;7.8857427;138.31906
2008;7;6;12;7.8489685;142.57162
2008;7;6;18;4.705884;151.75131
2008;7;7;0;4.9293;129.93095
2008;7;7;6;5.6986356;127.5291
2008;7;7;12;6.9467463;124.06671
2008;7;7;18;5.655699;124.45203
2008;7;8;0;6.8691344;118.13472
2008;7;8;6;7.934235;140.47874
2008;7;8;12;7.856906;152.23969
2008;7;8;18;7.464868;153.58302
2008;7;9;0;8.588593;144.37827
2008;7;9;6;9.412827;138.40535
2008;7;9;12;10.1241865;143.99847
2008;7;9;18;8.064566;152.2167
2008;7;10;0;6.7998624;141.2401
2008;7;10;6;7.3155336;134.63606
2008;7;10;12;4.9564123;168.26828
2008;7;10;18;4.192434;254.62128
2008;7;11;0;3.0103445;250.63194
2008;7;11;6;2.5684378;228.95688
2008;7;11;12;4.378503;177.76547
2008;7;11;18;5.061481;136.41692
2008;7;12;0;7.797401;119.853714
2008;7;12;6;10.763232;132.17331
2008;7;12;12;10.849515;143.58133
2008;7;12;18;4.920167;194.45573
2008;7;13;0;2.5396452;298.42593
2008;7;13;6;2.1705704;292.55435
2008;7;13;12;2.8632843;335.74426
2008;7;13;18;3.3604863;328.5344
2008;7;14;0;3.737697;312.62506
2008;7;14;6;2.5556855;286.3189
2008;7;14;12;2.497574;276.54196
2008;7;14;18;3.048893;302.35837
2008;7;15;0;3.02153;345.78418
2008;7;15;6;2.1607122;27.305908
2008;7;15;12;1.8480043;94.24222
2008;7;15;18;2.3778875;87.92645
2008;7;16;0;3.4897168;130.54276
2008;7;16;6;5.6389112;130.09468
2008;7;16;12;6.7105117;127.1747
2008;7;16;18;5.3556514;124.95589
2008;7;17;0;6.4623666;124.073456
2008;7;17;6;7.409781;124.02841
2008;7;17;12;5.8087435;134.38254
2008;7;17;18;3.1186502;152.74835
2008;7;18;0;3.2290497;150.41913
2008;7;18;6;3.9116454;132.37482
2008;7;18;12;3.7959318;133.19348
2008;7;18;18;3.6716886;108.99687
2008;7;19;0;5.4656987;117.22894
2008;7;19;6;5.8160944;125.61189
2008;7;19;12;4.963816;133.87357
2008;7;19;18;4.102202;139.778
2008;7;20;0;5.4453454;132.38379
2008;7;20;6;6.1650686;124.620316
2008;7;20;12;5.2372637;132.66829
2008;7;20;18;3.5588298;167.16711
2008;7;21;0;3.8458657;172.46588
2008;7;21;6;4.6168017;192.9299
2008;7;21;12;8.095151;224.83092
2008;7;21;18;8.959366;270.2939
2008;7;22;0;6.920357;253.75407
2008;7;22;6;6.6664715;246.9954
2008;7;22;12;6.478356;309.81476
2008;7;22;18;8.555563;327.8316
2008;7;23;0;7.499325;327.24747
2008;7;23;6;4.77503;341.39075
2008;7;23;12;9.732108;66.90564
2008;7;23;18;4.8238893;98.960266
2008;7;24;0;6.795569;95.629166
2008;7;24;6;8.936071;117.854935
2008;7;24;12;7.6381197;133.3446
2008;7;24;18;8.020545;141.02014
2008;7;25;0;7.3257213;149.37848
2008;7;25;6;7.893781;149.58235
2008;7;25;12;7.4973345;158.39995
2008;7;25;18;4.964934;162.95023
2008;7;26;0;4.7975564;136.59634
2008;7;26;6;5.0926332;125.39113
2008;7;26;12;4.4744287;131.01047
2008;7;26;18;3.077793;123.2979
2008;7;27;0;6.882291;138.46884
2008;7;27;6;11.271749;148.02417
2008;7;27;12;10.347316;144.55682
2008;7;27;18;8.000267;150.1524
2008;7;28;0;7.2340746;137.512
2008;7;28;6;6.840613;117.41905
2008;7;28;12;6.067896;121.68382
2008;7;28;18;5.004682;129.80247
2008;7;29;0;7.6207623;131.56917
2008;7;29;6;9.813053;135.15076
2008;7;29;12;9.837726;149.65988
2008;7;29;18;8.477622;149.41772
2008;7;30;0;6.5507083;142.68887
2008;7;30;6;6.622613;133.27907
2008;7;30;12;4.097935;141.02502
2008;7;30;18;3.1488333;104.14865
2008;7;31;0;5.3553214;116.08128
2008;7;31;6;6.8390636;130.31168
2008;7;31;12;6.8141813;137.22777
2008;7;31;18;6.410528;145.56711
2009;5;1;0;7.358104;132.74344
2009;5;1;6;7.375505;134.79515
2009;5;1;12;5.624598;134.29921
2009;5;1;18;2.2811146;125.456085
2009;5;2;0;1.7506218;124.760376
2009;5;2;6;4.544288;126.42105
2009;5;2;12;7.097748;128.14935
2009;5;2;18;10.606534;142.31372
2009;5;3;0;12.538902;152.1828
2009;5;3;6;8.843685;166.45233
2009;5;3;12;6.7672634;145.66193
2009;5;3;18;3.763816;178.4891
2009;5;4;0;5.134539;270.808
2009;5;4;6;4.479439;235.70563
2009;5;4;12;4.226522;235.3449
2009;5;4;18;2.0739138;277.1155
2009;5;5;0;1.3536044;103.4725
2009;5;5;6;3.8868382;124.79973
2009;5;5;12;5.2269654;141.31985
2009;5;5;18;5.399751;146.9042
2009;5;6;0;5.271963;107.86711
2009;5;6;6;7.2157993;129.16298
2009;5;6;12;6.640075;128.92737
2009;5;6;18;4.019593;132.6133
2009;5;7;0;4.384144;122.78894
2009;5;7;6;3.5103989;138.54381
2009;5;7;12;2.8000755;117.30693
2009;5;7;18;0.90041685;195.98563
2009;5;8;0;5.12314;119.57329
2009;5;8;6;7.5048776;125.476425
2009;5;8;12;10.764983;135.37675
2009;5;8;18;15.766843;163.24585
2009;5;9;0;10.615092;186.50024
2009;5;9;6;8.2935915;195.91597
2009;5;9;12;8.626324;200.86255
2009;5;9;18;5.0165453;225.24837
2009;5;10;0;2.3818402;225.06812
2009;5;10;6;1.6026145;79.20209
2009;5;10;12;5.5695558;105.66202
2009;5;10;18;3.9070702;79.9151
2009;5;11;0;4.4392333;101.09073
2009;5;11;6;4.5169516;150.86488
2009;5;11;12;3.437591;133.50696
2009;5;11;18;1.2871156;83.45599
2009;5;12;0;5.127497;125.75694
2009;5;12;6;7.4291086;125.8685
2009;5;12;12;7.9400473;139.86856
2009;5;12;18;5.383438;134.60591
2009;5;13;0;4.1947455;127.71347
2009;5;13;6;3.9748125;106.012375
2009;5;13;12;7.960173;141.15564
2009;5;13;18;8.950842;148.49759
2009;5;14;0;12.086702;146.68513
2009;5;14;6;11.895694;126.93291
2009;5;14;12;12.591801;130.34476
2009;5;14;18;13.196434;140.81725
2009;5;15;0;10.089331;158.28836
2009;5;15;6;9.84362;148.45798
2009;5;15;12;10.83381;156.17384
2009;5;15;18;9.64297;169.98206
2009;5;16;0;8.655097;142.26123
2009;5;16;6;9.736655;127.19449
2009;5;16;12;9.567915;131.02818
2009;5;16;18;8.83188;135.31198
2009;5;17;0;10.131603;126.93033
2009;5;17;6;10.306764;137.49303
2009;5;17;12;10.264804;143.10304
2009;5;17;18;8.241765;151.16412
2009;5;18;0;6.875431;139.74954
2009;5;18;6;7.653167;135.38054
2009;5;18;12;7.6554594;137.29395
2009;5;18;18;10.735144;147.98624
2009;5;19;0;11.510812;151.32425
2009;5;19;6;11.64547;153.31116
2009;5;19;12;12.664579;156.14568
2009;5;19;18;9.7932625;165.89139
2009;5;20;0;4.487796;152.18451
2009;5;20;6;4.9204774;140.2805
2009;5;20;12;5.5392294;140.4694
2009;5;20;18;3.502616;135.88074
2009;5;21;0;6.267126;126.109665
2009;5;21;6;8.427113;135.87793
2009;5;21;12;9.744331;142.17001
2009;5;21;18;8.017328;149.12048
2009;5;22;0;7.858621;133.20474
2009;5;22;6;9.220594;122.97638
2009;5;22;12;10.092247;124.95058
2009;5;22;18;12.161593;131.6358
2009;5;23;0;11.119588;124.97185
2009;5;23;6;10.570446;112.11119
2009;5;23;12;10.1717825;115.39209
2009;5;23;18;8.446567;106.6801
2009;5;24;0;8.341537;99.88124
2009;5;24;6;9.516221;109.88806
2009;5;24;12;8.787877;112.53331
2009;5;24;18;4.4796233;102.5025
2009;5;25;0;5.5848303;95.52908
2009;5;25;6;5.17147;116.558136
2009;5;25;12;3.405849;116.011185
2009;5;25;18;4.9672327;108.61229
2009;5;26;0;7.4552813;110.64487
2009;5;26;6;7.3251843;122.78494
2009;5;26;12;5.514099;135.96884
2009;5;26;18;3.0880463;165.58963
2009;5;27;0;2.8416262;147.96555
2009;5;27;6;3.6333253;132.42795
2009;5;27;12;4.490762;122.78673
2009;5;27;18;6.275087;123.50404
2009;5;28;0;9.274864;133.45027
2009;5;28;6;9.266575;129.7674
2009;5;28;12;7.03758;133.45325
2009;5;28;18;3.8759668;149.74704
2009;5;29;0;3.3836925;176.96802
2009;5;29;6;1.5754582;217.20882
2009;5;29;12;0.58572674;148.28436
2009;5;29;18;0.1449144;221.19351
2009;5;30;0;4.1836977;109.759125
2009;5;30;6;7.210956;113.582016
2009;5;30;12;7.178943;116.842865
2009;5;30;18;6.06413;131.11972
2009;5;31;0;6.874559;138.89491
2009;5;31;6;6.6218405;151.08028
2009;5;31;12;5.386532;162.18066
2009;5;31;18;5.141663;169.31815
2009;6;1;0;6.6991944;157.72491
2009;6;1;6;7.0327644;158.9942
2009;6;1;12;7.063576;146.8283
2009;6;1;18;6.9212775;177.32631
2009;6;2;0;7.270572;157.91644
2009;6;2;6;6.7568064;183.51442
2009;6;2;12;7.922701;181.56458
2009;6;2;18;7.633444;172.41922
2009;6;3;0;4.33321;200.15796
2009;6;3;6;4.44608;148.29611
2009;6;3;12;6.045985;119.50189
2009;6;3;18;8.437124;119.642044
2009;6;4;0;8.317018;128.9466
2009;6;4;6;10.1492;143.4231
2009;6;4;12;10.669698;151.43616
2009;6;4;18;9.377365;172.28043
2009;6;5;0;7.9768634;176.40411
2009;6;5;6;7.8266654;174.85559
2009;6;5;12;9.154881;187.92184
2009;6;5;18;8.820104;187.03404
2009;6;6;0;7.7834816;169.42807
2009;6;6;6;8.314775;163.57355
2009;6;6;12;9.317482;173.48593
2009;6;6;18;7.4451056;184.19907
2009;6;7;0;7.3200088;161.93484
2009;6;7;6;7.9334884;161.9277
2009;6;7;12;7.0503726;185.39587
2009;6;7;18;4.301331;217.78044
2009;6;8;0;3.4968224;133.28632
2009;6;8;6;5.725305;148.38914
2009;6;8;12;6.153062;170.76398
2009;6;8;18;5.7939353;179.77559
2009;6;9;0;6.5740876;154.69902
2009;6;9;6;6.736042;163.42746
2009;6;9;12;4.9086986;211.66936
2009;6;9;18;5.784848;232.4468
2009;6;10;0;7.328376;203.90776
2009;6;10;6;4.6726213;177.9071
2009;6;10;12;6.651694;162.52321
2009;6;10;18;3.062961;186.66391
2009;6;11;0;2.1747448;135.1622
2009;6;11;6;4.061581;115.6409
2009;6;11;12;4.3386807;122.50296
2009;6;11;18;4.687931;120.40773
2009;6;12;0;6.1553416;130.99109
2009;6;12;6;6.1735883;136.52357
2009;6;12;12;4.3813295;147.4359
2009;6;12;18;2.1513772;188.37129
2009;6;13;0;3.112136;145.15877
2009;6;13;6;4.8118396;139.07756
2009;6;13;12;5.737935;131.81017
2009;6;13;18;3.4396665;137.23798
2009;6;14;0;5.7626357;139.68068
2009;6;14;6;8.1321945;142.50287
2009;6;14;12;8.977793;149.10663
2009;6;14;18;8.142738;171.30695
2009;6;15;0;7.8213944;152.84106
2009;6;15;6;8.732809;148.78934
2009;6;15;12;8.204281;145.95993
2009;6;15;18;6.7462554;144.6925
2009;6;16;0;7.0379305;130.3053
2009;6;16;6;7.61953;129.00241
2009;6;16;12;6.71316;134.44063
2009;6;16;18;5.3033047;128.53975
2009;6;17;0;5.8431544;127.96498
2009;6;17;6;6.371547;124.95651
2009;6;17;12;5.3154335;135.77693
2009;6;17;18;4.1355205;137.1262
2009;6;18;0;5.459845;137.36128
2009;6;18;6;6.707946;126.99089
2009;6;18;12;6.46188;123.45642
2009;6;18;18;6.9156685;134.3427
2009;6;19;0;8.434673;142.39781
2009;6;19;6;10.2801695;143.89293
2009;6;19;12;12.27419;152.88539
2009;6;19;18;11.431017;148.81384
2009;6;20;0;9.443399;135.65955
2009;6;20;6;7.1042314;120.940796
2009;6;20;12;5.7610598;138.17319
2009;6;20;18;2.084651;157.10526
2009;6;21;0;3.9680674;84.2807
2009;6;21;6;2.5167267;293.66177
2009;6;21;12;1.2195661;323.2887
2009;6;21;18;5.1378837;308.72296
2009;6;22;0;2.9446845;320.57907
2009;6;22;6;2.7953374;256.19525
2009;6;22;12;0.92256635;215.80594
2009;6;22;18;2.3406134;272.57285
2009;6;23;0;3.4236636;123.44031
2009;6;23;6;6.436439;128.65932
2009;6;23;12;7.2735686;137.79208
2009;6;23;18;6.2053747;137.66255
2009;6;24;0;7.475188;132.87895
2009;6;24;6;8.07493;136.54166
2009;6;24;12;7.974293;145.42828
2009;6;24;18;6.4308424;148.56213
2009;6;25;0;6.68477;146.2078
2009;6;25;6;7.2108603;139.07516
2009;6;25;12;8.325614;135.38002
2009;6;25;18;10.478454;152.43005
2009;6;26;0;12.113757;151.30206
2009;6;26;6;14.624742;152.58136
2009;6;26;12;13.239812;163.6905
2009;6;26;18;9.117914;194.03377
2009;6;27;0;7.667174;192.97906
2009;6;27;6;5.2333336;185.08603
2009;6;27;12;4.508043;219.36766
2009;6;27;18;3.662992;279.68793
2009;6;28;0;1.3008013;122.960526
2009;6;28;6;2.518224;156.47389
2009;6;28;12;5.8746862;148.04648
2009;6;28;18;5.9864497;141.78757
2009;6;29;0;6.279371;152.99931
2009;6;29;6;6.952816;142.01724
2009;6;29;12;7.669975;147.58102
2009;6;29;18;5.9092736;163.3937
2009;6;30;0;8.622596;174.49088
2009;6;30;6;7.9793286;186.00365
2009;6;30;12;7.9070983;184.92392
2009;6;30;18;7.1741095;194.49342
2009;7;1;0;4.8625617;248.60815
2009;7;1;6;3.1822152;215.62085
2009;7;1;12;3.571074;286.8114
2009;7;1;18;6.097399;305.7359
2009;7;2;0;3.9745538;321.0277
2009;7;2;6;2.0311577;299.84042
2009;7;2;12;5.129814;223.52167
2009;7;2;18;5.8582726;198.30705
2009;7;3;0;4.7407217;163.10886
2009;7;3;6;6.3988333;153.67996
2009;7;3;12;9.212068;158.91327
2009;7;3;18;7.458704;179.29504
2009;7;4;0;4.461818;158.02911
2009;7;4;6;4.5426774;168.11774
2009;7;4;12;4.947624;178.2198
2009;7;4;18;2.328614;203.37735
2009;7;5;0;4.4681406;108.48123
2009;7;5;6;4.5149198;123.45172
2009;7;5;12;4.1549706;157.12006
2009;7;5;18;1.2283392;188.63272
2009;7;6;0;4.8406672;125.06221
2009;7;6;6;8.032681;128.65686
2009;7;6;12;8.732122;147.46088
2009;7;6;18;6.134483;138.81645
2009;7;7;0;5.878969;127.11273
2009;7;7;6;6.9984403;131.15024
2009;7;7;12;7.896385;137.03621
2009;7;7;18;5.849479;158.60774
2009;7;8;0;8.410374;158.0231
2009;7;8;6;9.00506;151.93295
2009;7;8;12;8.998277;141.55652
2009;7;8;18;8.502324;145.63022
2009;7;9;0;8.13639;145.17883
2009;7;9;6;7.1229153;158.1518
2009;7;9;12;6.5719986;157.26315
2009;7;9;18;5.431893;159.22572
2009;7;10;0;7.3452086;164.4177
2009;7;10;6;5.6368217;168.29669
2009;7;10;12;4.9258723;178.06882
2009;7;10;18;4.6703873;166.99716
2009;7;11;0;5.762043;146.89801
2009;7;11;6;6.803906;141.87338
2009;7;11;12;7.6053596;161.25815
2009;7;11;18;6.002118;157.61153
2009;7;12;0;6.9833813;146.69821
2009;7;12;6;7.009372;148.96933
2009;7;12;12;6.6441402;155.84344
2009;7;12;18;4.4746017;171.37958
2009;7;13;0;5.2579875;139.82652
2009;7;13;6;5.5765486;130.29802
2009;7;13;12;5.940208;123.591125
2009;7;13;18;5.860017;138.91893
2009;7;14;0;5.104454;151.08536
2009;7;14;6;6.4266453;153.63254
2009;7;14;12;5.7024393;153.66174
2009;7;14;18;3.6017284;153.83397
2009;7;15;0;4.6387568;123.79443
2009;7;15;6;6.537431;116.127304
2009;7;15;12;7.65709;114.98302
2009;7;15;18;7.4467874;119.45145
2009;7;16;0;8.051466;118.36157
2009;7;16;6;8.516441;113.473694
2009;7;16;12;8.430289;123.35275
2009;7;16;18;6.8596997;134.99773
2009;7;17;0;6.7507763;137.07845
2009;7;17;6;7.260543;132.78758
2009;7;17;12;6.3000054;133.52942
2009;7;17;18;5.598932;126.2292
2009;7;18;0;5.7038565;126.71622
2009;7;18;6;6.791594;120.14227
2009;7;18;12;5.7819014;131.84334
2009;7;18;18;4.8589587;136.07434
2009;7;19;0;5.644372;126.311356
2009;7;19;6;6.6880345;121.04268
2009;7;19;12;6.710098;128.85254
2009;7;19;18;5.6966434;133.55775
2009;7;20;0;6.3589454;129.9043
2009;7;20;6;6.609435;128.71338
2009;7;20;12;6.1713386;133.18082
2009;7;20;18;4.4361525;125.138916
2009;7;21;0;4.756628;120.46132
2009;7;21;6;4.8604965;118.2646
2009;7;21;12;3.0765135;121.79651
2009;7;21;18;1.9508446;137.9447
2009;7;22;0;0.86920965;98.20438
2009;7;22;6;3.0864403;114.6794
2009;7;22;12;2.0425475;145.84648
2009;7;22;18;1.0736091;102.08031
2009;7;23;0;5.9744835;103.11975
2009;7;23;6;9.5543995;100.16342
2009;7;23;12;9.144522;104.06401
2009;7;23;18;6.9604654;104.60928
2009;7;24;0;7.3792405;111.07713
2009;7;24;6;7.613422;111.88057
2009;7;24;12;8.714988;113.72505
2009;7;24;18;7.956891;109.64197
2009;7;25;0;8.295872;109.85962
2009;7;25;6;7.261718;109.072495
2009;7;25;12;6.6612163;104.76338
2009;7;25;18;4.6701565;110.19095
2009;7;26;0;6.566017;111.2742
2009;7;26;6;7.2097354;116.50992
2009;7;26;12;6.294768;125.09996
2009;7;26;18;5.8108106;127.87627
2009;7;27;0;7.3662467;140.26094
2009;7;27;6;7.462759;144.69153
2009;7;27;12;7.222602;137.45177
2009;7;27;18;6.0564246;123.97928
2009;7;28;0;6.617704;102.99707
2009;7;28;6;7.133244;108.256714
2009;7;28;12;5.6536427;111.08292
2009;7;28;18;5.021063;110.23543
2009;7;29;0;5.27751;116.78447
2009;7;29;6;6.059783;116.24913
2009;7;29;12;4.840338;129.78407
2009;7;29;18;3.5662189;146.93323
2009;7;30;0;5.111833;135.60782
2009;7;30;6;5.677894;122.823166
2009;7;30;12;5.7668676;128.44211
2009;7;30;18;4.8136005;130.4671
2009;7;31;0;6.0511966;121.13652
2009;7;31;6;8.374888;126.29033
2009;7;31;12;8.749506;132.23694
2009;7;31;18;9.402088;133.47575
2010;5;1;0;6.1534815;151.96878
2010;5;1;6;6.608165;155.05739
2010;5;1;12;7.809169;170.74689
2010;5;1;18;8.087536;196.92659
2010;5;2;0;5.969349;196.5959
2010;5;2;6;6.340265;165.7608
2010;5;2;12;8.53887;192.0477
2010;5;2;18;8.353941;180.73161
2010;5;3;0;11.40754;158.92342
2010;5;3;6;6.6430306;191.82053
2010;5;3;12;9.871372;175.04703
2010;5;3;18;8.890581;170.96948
2010;5;4;0;10.119771;153.0545
2010;5;4;6;11.700387;154.52661
2010;5;4;12;12.405246;149.53293
2010;5;4;18;13.303843;168.90863
2010;5;5;0;9.950813;175.05643
2010;5;5;6;11.852323;176.26558
2010;5;5;12;5.4292593;211.08139
2010;5;5;18;4.1233206;216.77837
2010;5;6;0;3.026931;205.5987
2010;5;6;6;5.1027193;171.00407
2010;5;6;12;4.6798263;175.64021
2010;5;6;18;4.9085207;172.94519
2010;5;7;0;5.940306;134.02771
2010;5;7;6;7.6763654;140.18301
2010;5;7;12;8.175708;153.53725
2010;5;7;18;8.829878;180.64813
2010;5;8;0;6.9712334;172.20961
2010;5;8;6;6.614824;155.57434
2010;5;8;12;7.8564544;140.98457
2010;5;8;18;7.484966;157.0832
2010;5;9;0;7.305559;156.86684
2010;5;9;6;6.379426;148.08788
2010;5;9;12;7.347484;138.98544
2010;5;9;18;7.4549804;140.74503
2010;5;10;0;7.071861;144.45502
2010;5;10;6;7.7572627;129.82545
2010;5;10;12;9.059352;133.77927
2010;5;10;18;10.689225;152.85722
2010;5;11;0;12.907166;147.92487
2010;5;11;6;11.210354;193.42561
2010;5;11;12;10.6142645;201.06897
2010;5;11;18;8.885243;218.83908
2010;5;12;0;8.610747;234.28911
2010;5;12;6;7.066285;245.73328
2010;5;12;12;6.8611255;247.29549
2010;5;12;18;4.5822864;294.56192
2010;5;13;0;2.9299312;289.3227
2010;5;13;6;2.639757;276.995
2010;5;13;12;5.554973;321.44714
2010;5;13;18;5.182551;320.43182
2010;5;14;0;3.467038;323.51346
2010;5;14;6;1.3687894;78.29416
2010;5;14;12;1.8677214;90.27696
2010;5;14;18;3.721087;125.68889
2010;5;15;0;6.4333963;126.138504
2010;5;15;6;7.958188;126.44151
2010;5;15;12;8.308715;117.89987
2010;5;15;18;5.063982;138.38799
2010;5;16;0;3.6959372;84.99478
2010;5;16;6;5.495186;96.281006
2010;5;16;12;4.534525;109.56128
2010;5;16;18;4.5340843;111.2603
2010;5;17;0;5.8591576;116.76532
2010;5;17;6;6.110613;120.44202
2010;5;17;12;5.1554785;141.11824
2010;5;17;18;3.514585;149.8114
2010;5;18;0;3.269627;141.63126
2010;5;18;6;3.6321247;112.61618
2010;5;18;12;1.706701;141.5285
2010;5;18;18;1.4996324;225.54956
2010;5;19;0;3.7746534;151.50403
2010;5;19;6;5.3946333;141.4408
2010;5;19;12;6.2401586;140.97
2010;5;19;18;4.9912276;152.30247
2010;5;20;0;5.370164;148.54161
2010;5;20;6;5.6613545;154.5711
2010;5;20;12;7.515679;138.5769
2010;5;20;18;7.915526;142.46231
2010;5;21;0;9.544298;144.1649
2010;5;21;6;10.679398;146.81564
2010;5;21;12;9.294359;168.80838
2010;5;21;18;8.978126;168.01187
2010;5;22;0;9.878451;150.5528
2010;5;22;6;9.017468;143.5864
2010;5;22;12;10.187881;142.1661
2010;5;22;18;9.777433;138.68227
2010;5;23;0;8.881709;126.73805
2010;5;23;6;9.850828;122.045135
2010;5;23;12;10.0709505;119.68428
2010;5;23;18;9.485587;131.37144
2010;5;24;0;9.840766;122.805695
2010;5;24;6;9.641409;119.33118
2010;5;24;12;9.117011;124.322266
2010;5;24;18;6.5711884;125.8674
2010;5;25;0;7.2848153;119.296906
2010;5;25;6;7.175886;126.34772
2010;5;25;12;6.2033134;131.22147
2010;5;25;18;4.9950333;143.79547
2010;5;26;0;5.6792417;121.423096
2010;5;26;6;6.26241;120.48015
2010;5;26;12;6.2752647;115.55609
2010;5;26;18;5.9382606;132.73875
2010;5;27;0;6.1580276;140.30563
2010;5;27;6;6.3432407;145.91101
2010;5;27;12;4.915582;152.52658
2010;5;27;18;3.251064;158.01678
2010;5;28;0;4.5579834;125.98581
2010;5;28;6;5.130015;131.3668
2010;5;28;12;4.044944;130.68996
2010;5;28;18;3.2535832;165.34715
2010;5;29;0;3.9537213;148.36198
2010;5;29;6;3.7391443;167.32446
2010;5;29;12;2.7744803;162.81601
2010;5;29;18;2.6760972;131.09737
2010;5;30;0;6.1089225;110.957825
2010;5;30;6;8.174836;118.760345
2010;5;30;12;7.560765;131.04716
2010;5;30;18;7.0207067;150.16953
2010;5;31;0;6.7265067;151.15967
2010;5;31;6;6.833741;147.43002
2010;5;31;12;6.339686;146.42091
2010;5;31;18;5.0316005;143.6987
2010;6;1;0;6.1994977;132.9762
2010;6;1;6;7.7647066;124.526505
2010;6;1;12;7.216262;138.91646
2010;6;1;18;4.6187077;153.73392
2010;6;2;0;5.3430934;139.1569
2010;6;2;6;4.8351603;131.93265
2010;6;2;12;4.868584;130.36885
2010;6;2;18;4.8493724;120.61452
2010;6;3;0;7.3432255;128.35974
2010;6;3;6;7.569469;139.13553
2010;6;3;12;7.781956;145.85645
2010;6;3;18;6.9962025;152.08578
2010;6;4;0;7.897908;137.16698
2010;6;4;6;8.289981;123.976456
2010;6;4;12;9.125438;129.66228
2010;6;4;18;8.648661;142.26334
2010;6;5;0;10.288288;141.1553
2010;6;5;6;9.941836;129.11343
2010;6;5;12;7.919255;142.90193
2010;6;5;18;6.157971;152.99146
2010;6;6;0;6.1620536;135.09793
2010;6;6;6;6.396637;112.58194
2010;6;6;12;4.9135685;130.38246
2010;6;6;18;4.451778;132.24715
2010;6;7;0;7.867162;143.16814
2010;6;7;6;8.656241;143.71895
2010;6;7;12;7.7519145;147.11273
2010;6;7;18;5.199128;148.49112
2010;6;8;0;4.9151425;129.27554
2010;6;8;6;4.850238;118.15642
2010;6;8;12;4.492734;131.65999
2010;6;8;18;3.0839002;210.7266
2010;6;9;0;3.765357;182.17401
2010;6;9;6;5.2613745;176.01285
2010;6;9;12;5.323244;144.24377
2010;6;9;18;3.529837;171.75346
2010;6;10;0;4.1996856;172.73254
2010;6;10;6;4.6522236;182.27197
2010;6;10;12;7.4886923;208.30583
2010;6;10;18;6.1765537;185.73701
2010;6;11;0;9.437184;137.0911
2010;6;11;6;10.938125;144.89447
2010;6;11;12;11.57134;151.99905
2010;6;11;18;10.555541;154.44124
2010;6;12;0;9.03115;142.97095
2010;6;12;6;7.839239;130.02246
2010;6;12;12;7.0516405;133.83846
2010;6;12;18;5.6949997;164.56104
2010;6;13;0;6.0425572;134.66318
2010;6;13;6;6.4528437;136.0237
2010;6;13;12;9.252987;152.46194
2010;6;13;18;5.704683;155.09953
2010;6;14;0;6.694732;137.45215
2010;6;14;6;5.8190284;127.816376
2010;6;14;12;3.8748505;126.75096
2010;6;14;18;3.557238;353.0265
2010;6;15;0;2.626148;16.447754
2010;6;15;6;4.2567344;296.71063
2010;6;15;12;7.1986194;276.98483
2010;6;15;18;8.808429;265.00043
2010;6;16;0;6.1892743;263.90997
2010;6;16;6;4.8619814;255.53929
2010;6;16;12;4.075863;253.17453
2010;6;16;18;0.44750783;236.42374
2010;6;17;0;5.69171;108.74748
2010;6;17;6;9.724676;115.67996
2010;6;17;12;14.524753;149.54681
2010;6;17;18;17.688976;153.02084
2010;6;18;0;14.197063;155.88428
2010;6;18;6;10.880643;146.06627
2010;6;18;12;11.471338;155.58676
2010;6;18;18;14.692025;154.81174
2010;6;19;0;12.691788;154.51201
2010;6;19;6;6.3580213;147.08846
2010;6;19;12;5.3782587;222.96887
2010;6;19;18;7.234777;275.45267
2010;6;20;0;1.4375393;306.12115
2010;6;20;6;2.5250328;125.711655
2010;6;20;12;3.7314847;131.15378
2010;6;20;18;4.0116343;177.5089
2010;6;21;0;5.7279677;134.9395
2010;6;21;6;7.6898785;141.1284
2010;6;21;12;7.5752406;145.8366
2010;6;21;18;7.4285326;171.48924
2010;6;22;0;8.096643;156.47433
2010;6;22;6;7.5213785;143.89688
2010;6;22;12;7.542066;149.86978
2010;6;22;18;4.2373137;139.83875
2010;6;23;0;4.552794;129.8151
2010;6;23;6;5.321748;130.80438
2010;6;23;12;4.8725805;133.47398
2010;6;23;18;3.4265401;123.83861
2010;6;24;0;4.8371415;142.2767
2010;6;24;6;5.8972335;139.72844
2010;6;24;12;6.821749;154.02386
2010;6;24;18;5.6877384;175.36096
2010;6;25;0;5.4296155;151.8627
2010;6;25;6;6.8497148;144.94589
2010;6;25;12;6.6391397;153.90106
2010;6;25;18;5.569267;145.83089
2010;6;26;0;6.9572577;115.89851
2010;6;26;6;8.988617;112.32536
2010;6;26;12;9.358824;112.16568
2010;6;26;18;8.39967;124.21405
2010;6;27;0;9.75202;123.242294
2010;6;27;6;11.145288;145.22086
2010;6;27;12;11.551333;153.15097
2010;6;27;18;9.32727;161.05951
2010;6;28;0;9.104504;157.85226
2010;6;28;6;8.583358;163.0386
2010;6;28;12;7.158721;164.5202
2010;6;28;18;6.20018;170.51443
2010;6;29;0;4.789622;167.14288
2010;6;29;6;5.2557096;155.93973
2010;6;29;12;5.654769;177.8765
2010;6;29;18;5.806435;196.48245
2010;6;30;0;5.2151256;205.60461
2010;6;30;6;6.0322294;155.89688
2010;6;30;12;5.4967856;169.18289
2010;6;30;18;3.58391;189.25201
2010;7;1;0;3.6080294;150.70563
2010;7;1;6;7.147599;149.92451
2010;7;1;12;5.5867867;163.48895
2010;7;1;18;1.475012;183.65515
2010;7;2;0;2.0565472;131.59329
2010;7;2;6;5.14206;125.99576
2010;7;2;12;5.6040454;123.12761
2010;7;2;18;3.4150298;131.26958
2010;7;3;0;5.2199936;118.37871
2010;7;3;6;5.735107;126.12077
2010;7;3;12;5.001401;128.08664
2010;7;3;18;1.3623776;128.8877
2010;7;4;0;3.2905293;66.87152
2010;7;4;6;7.240536;124.73506
2010;7;4;12;5.6459703;142.71674
2010;7;4;18;3.9294565;123.78215
2010;7;5;0;4.632431;133.57938
2010;7;5;6;6.6341667;123.5406
2010;7;5;12;5.808476;124.30948
2010;7;5;18;4.326234;117.395966
2010;7;6;0;5.6434;114.46185
2010;7;6;6;6.7308645;117.088684
2010;7;6;12;5.9231186;126.61154
2010;7;6;18;2.9110506;137.45657
2010;7;7;0;1.1046537;141.72215
2010;7;7;6;0.64110327;162.57042
2010;7;7;12;4.486155;116.3555
2010;7;7;18;3.4193816;131.69226
2010;7;8;0;5.2054186;115.73537
2010;7;8;6;5.241484;134.67868
2010;7;8;12;5.0993586;134.48866
2010;7;8;18;4.864425;146.3386
2010;7;9;0;5.491347;131.73291
2010;7;9;6;5.716213;143.06718
2010;7;9;12;5.2830815;159.14226
2010;7;9;18;2.09743;156.3838
2010;7;10;0;2.2360263;104.56778
2010;7;10;6;3.7499948;135.51083
2010;7;10;12;4.640762;144.67917
2010;7;10;18;2.242618;179.33493
2010;7;11;0;1.4394221;141.30478
2010;7;11;6;3.520191;163.90329
2010;7;11;12;3.465694;147.76935
2010;7;11;18;2.003465;218.56071
2010;7;12;0;1.7999606;195.92871
2010;7;12;6;3.5887122;165.01666
2010;7;12;12;2.6549735;181.96231
2010;7;12;18;1.3019551;215.33987
2010;7;13;0;4.002565;138.95418
2010;7;13;6;5.9320855;128.9249
2010;7;13;12;7.1239405;135.77095
2010;7;13;18;7.0805864;140.34718
2010;7;14;0;6.9647346;159.84146
2010;7;14;6;7.3717017;156.56633
2010;7;14;12;6.813727;183.9194
2010;7;14;18;6.348352;168.26712
2010;7;15;0;3.4920592;186.16791
2010;7;15;6;4.218729;158.98897
2010;7;15;12;4.546246;152.18758
2010;7;15;18;3.2832694;175.78052
2010;7;16;0;4.191861;110.85187
2010;7;16;6;8.817075;145.67896
2010;7;16;12;8.8845415;155.70355
2010;7;16;18;8.639721;148.93445
2010;7;17;0;7.69565;151.45859
2010;7;17;6;6.777178;137.61165
2010;7;17;12;5.9571633;141.24658
2010;7;17;18;4.6492314;124.552185
2010;7;18;0;4.974203;127.28209
2010;7;18;6;4.344045;136.53998
2010;7;18;12;3.7217147;140.56718
2010;7;18;18;3.4040632;138.36009
2010;7;19;0;5.281794;126.029755
2010;7;19;6;6.0445957;131.26419
2010;7;19;12;5.306514;141.10475
2010;7;19;18;4.5848618;149.45093
2010;7;20;0;5.3535533;144.32573
2010;7;20;6;5.698556;142.78873
2010;7;20;12;6.0291543;133.49796
2010;7;20;18;5.938482;135.98271
2010;7;21;0;8.100297;151.27197
2010;7;21;6;6.898788;156.4326
2010;7;21;12;4.975917;155.86653
2010;7;21;18;3.9129078;154.81058
2010;7;22;0;5.253837;128.17393
2010;7;22;6;6.663682;119.91327
2010;7;22;12;6.311691;127.71387
2010;7;22;18;5.5179396;135.53134
2010;7;23;0;6.72246;153.33081
2010;7;23;6;5.9397235;152.55484
2010;7;23;12;5.092235;160.17853
2010;7;23;18;4.518842;148.9292
2010;7;24;0;4.9817863;146.58539
2010;7;24;6;6.049938;135.34288
2010;7;24;12;5.2823753;155.15591
2010;7;24;18;3.3443103;150.28384
2010;7;25;0;2.8436673;144.63452
2010;7;25;6;5.0762568;139.08234
2010;7;25;12;5.1243424;161.08224
2010;7;25;18;3.5204716;220.36757
2010;7;26;0;1.9725238;167.31688
2010;7;26;6;3.292354;168.84186
2010;7;26;12;5.345922;181.56885
2010;7;26;18;4.5621495;197.40065
2010;7;27;0;1.8350883;176.92783
2010;7;27;6;0.59982353;25.917328
2010;7;27;12;2.2212;178.78105
2010;7;27;18;3.4639933;186.11102
2010;7;28;0;5.964704;140.50389
2010;7;28;6;5.941174;164.36674
2010;7;28;12;7.6481023;161.02771
2010;7;28;18;10.476545;166.58167
2010;7;29;0;9.601853;162.6167
2010;7;29;6;7.218777;168.6784
2010;7;29;12;8.284311;154.05533
2010;7;29;18;6.4871736;151.80063
2010;7;30;0;7.75908;123.30385
2010;7;30;6;9.696291;136.21887
2010;7;30;12;12.13834;141.41101
2010;7;30;18;11.336642;151.14957
2010;7;31;0;9.631;150.01624
2010;7;31;6;8.096681;153.56923
2010;7;31;12;4.352076;191.36484
2010;7;31;18;3.3526862;221.5874
2011;5;1;0;8.027368;141.93958
2011;5;1;6;8.380116;136.08214
2011;5;1;12;8.987153;131.43549
2011;5;1;18;7.4059715;136.19939
2011;5;2;0;6.264682;142.61935
2011;5;2;6;5.275973;148.37866
2011;5;2;12;6.4559793;171.77197
2011;5;2;18;4.774181;143.86502
2011;5;3;0;8.16135;129.14182
2011;5;3;6;9.9382715;131.07597
2011;5;3;12;10.916528;139.9996
2011;5;3;18;9.996113;153.3164
2011;5;4;0;9.345313;146.47214
2011;5;4;6;10.412305;137.67749
2011;5;4;12;9.092732;154.91006
2011;5;4;18;7.1667447;170.97305
2011;5;5;0;5.6202836;147.61578
2011;5;5;6;4.500882;161.19977
2011;5;5;12;5.506683;143.1182
2011;5;5;18;5.5140214;143.66815
2011;5;6;0;7.0837016;149.91121
2011;5;6;6;6.554018;152.6543
2011;5;6;12;5.577575;201.12251
2011;5;6;18;4.542099;218.34683
2011;5;7;0;5.671997;147.98581
2011;5;7;6;6.462059;153.60638
2011;5;7;12;7.3653593;144.78947
2011;5;7;18;7.9552417;152.40494
2011;5;8;0;7.8890724;153.08046
2011;5;8;6;7.9632688;147.92154
2011;5;8;12;7.871745;147.12186
2011;5;8;18;6.9881816;163.00465
2011;5;9;0;6.1660647;147.21753
2011;5;9;6;6.654409;131.60776
2011;5;9;12;5.743905;135.9049
2011;5;9;18;4.5380683;136.20546
2011;5;10;0;5.3958178;119.05298
2011;5;10;6;6.7811227;114.74596
2011;5;10;12;6.04759;127.90895
2011;5;10;18;5.510711;141.93813
2011;5;11;0;6.2808065;152.79053
2011;5;11;6;5.159242;159.87872
2011;5;11;12;4.6262403;156.6763
2011;5;11;18;0.14194041;248.61795
2011;5;12;0;3.4160922;81.142456
2011;5;12;6;3.6863358;102.96452
2011;5;12;12;2.5806725;96.55504
2011;5;12;18;2.3387272;78.093414
2011;5;13;0;5.655066;123.176025
2011;5;13;6;8.477485;138.46133
2011;5;13;12;8.863342;135.75574
2011;5;13;18;7.379449;132.30864
2011;5;14;0;8.0978565;127.12013
2011;5;14;6;8.555352;115.86485
2011;5;14;12;6.1972647;108.27243
2011;5;14;18;4.3236833;77.83624
2011;5;15;0;5.035652;92.31055
2011;5;15;6;6.90109;105.37636
2011;5;15;12;6.0499845;126.64247
2011;5;15;18;5.344514;133.26147
2011;5;16;0;4.832945;116.90901
2011;5;16;6;5.072342;139.74326
2011;5;16;12;7.256215;126.66516
2011;5;16;18;9.215023;134.92606
2011;5;17;0;10.12528;139.72289
2011;5;17;6;9.472151;140.42328
2011;5;17;12;7.9456983;141.55779
2011;5;17;18;4.7599974;137.95497
2011;5;18;0;4.789914;107.85655
2011;5;18;6;5.959791;105.04407
2011;5;18;12;6.3235493;127.15451
2011;5;18;18;3.4780169;131.7466
2011;5;19;0;4.4863815;110.009
2011;5;19;6;5.32736;100.92461
2011;5;19;12;5.0146613;109.06537
2011;5;19;18;4.6417727;120.389404
2011;5;20;0;5.1452713;113.0269
2011;5;20;6;5.369047;121.59117
2011;5;20;12;5.070139;103.73685
2011;5;20;18;6.281618;105.51973
2011;5;21;0;6.4802823;100.29001
2011;5;21;6;7.5135875;109.58055
2011;5;21;12;6.4584928;117.50485
2011;5;21;18;5.2585335;127.36653
2011;5;22;0;6.5874186;119.97691
2011;5;22;6;8.311333;127.15184
2011;5;22;12;7.111435;141.32263
2011;5;22;18;5.442419;167.25653
2011;5;23;0;4.989241;168.92859
2011;5;23;6;5.1742854;151.39226
2011;5;23;12;5.2983575;144.4415
2011;5;23;18;4.579239;144.44257
2011;5;24;0;5.8502903;117.65314
2011;5;24;6;5.8319364;118.56268
2011;5;24;12;4.352334;118.944885
2011;5;24;18;3.6049082;145.71411
2011;5;25;0;6.231715;127.265594
2011;5;25;6;8.74962;129.74808
2011;5;25;12;10.771105;147.29382
2011;5;25;18;13.964121;151.83374
2011;5;26;0;14.036632;158.95389
2011;5;26;6;13.870909;155.28238
2011;5;26;12;14.097658;166.18066
2011;5;26;18;10.139146;180.56958
2011;5;27;0;4.2218075;184.59396
2011;5;27;6;2.3190317;174.0337
2011;5;27;12;2.9000678;198.02512
2011;5;27;18;2.930815;260.75293
2011;5;28;0;1.8222762;93.63971
2011;5;28;6;3.8270981;116.99101
2011;5;28;12;2.157017;140.21153
2011;5;28;18;1.9063864;286.126
2011;5;29;0;0.9806117;53.861908
2011;5;29;6;3.1612074;149.4475
2011;5;29;12;5.16577;138.48697
2011;5;29;18;2.62272;203.00272
2011;5;30;0;4.3173695;117.28328
2011;5;30;6;4.601092;136.0181
2011;5;30;12;4.903381;142.65253
2011;5;30;18;2.883472;148.94107
2011;5;31;0;4.3900375;143.06094
2011;5;31;6;5.551077;136.19714
2011;5;31;12;4.8005767;146.96146
2011;5;31;18;2.5885983;167.94662
2011;6;1;0;4.177329;126.177826
2011;6;1;6;4.705109;130.8835
2011;6;1;12;4.3534293;145.24045
2011;6;1;18;3.3666341;168.04161
2011;6;2;0;5.551094;141.90521
2011;6;2;6;6.327352;137.51189
2011;6;2;12;5.7135744;143.45178
2011;6;2;18;3.7299654;186.27802
2011;6;3;0;4.089173;188.82724
2011;6;3;6;4.2361407;164.49297
2011;6;3;12;6.603646;155.4844
2011;6;3;18;7.1530805;189.53955
2011;6;4;0;8.744364;210.5329
2011;6;4;6;9.226864;213.91962
2011;6;4;12;12.874367;228.49713
2011;6;4;18;8.536883;261.51678
2011;6;5;0;2.6139655;307.3873
2011;6;5;6;2.921606;143.04933
2011;6;5;12;6.1592197;137.2982
2011;6;5;18;5.0740886;140.74916
2011;6;6;0;7.526701;128.99675
2011;6;6;6;8.151934;130.45326
2011;6;6;12;5.7915983;137.5072
2011;6;6;18;3.1769962;157.5196
2011;6;7;0;3.0048304;143.09842
2011;6;7;6;3.7685533;125.748856
2011;6;7;12;3.8916154;144.08493
2011;6;7;18;2.621443;165.13544
2011;6;8;0;4.218748;127.80411
2011;6;8;6;5.304912;127.61502
2011;6;8;12;5.190522;143.71413
2011;6;8;18;5.048559;134.48978
2011;6;9;0;7.874846;129.76842
2011;6;9;6;8.536181;134.30003
2011;6;9;12;8.162885;135.64417
2011;6;9;18;7.74857;132.80095
2011;6;10;0;8.637193;118.78288
2011;6;10;6;10.072808;114.84755
2011;6;10;12;9.779399;115.96445
2011;6;10;18;10.80563;117.711914
2011;6;11;0;11.5356455;124.520905
2011;6;11;6;11.914026;136.74442
2011;6;11;12;9.404896;139.39244
2011;6;11;18;5.805763;144.36649
2011;6;12;0;5.7649684;124.82257
2011;6;12;6;6.605274;116.23836
2011;6;12;12;6.925175;124.5336
2011;6;12;18;5.376604;131.50218
2011;6;13;0;6.6723146;123.1093
2011;6;13;6;6.830203;117.62593
2011;6;13;12;7.1185927;129.50592
2011;6;13;18;5.5231414;124.13544
2011;6;14;0;6.2251434;130.9423
2011;6;14;6;6.4784074;111.89224
2011;6;14;12;6.761778;110.28558
2011;6;14;18;5.091338;113.64072
2011;6;15;0;7.1936045;112.29938
2011;6;15;6;8.037396;116.65886
2011;6;15;12;6.3897815;118.980545
2011;6;15;18;4.067461;118.35538
2011;6;16;0;4.5045233;118.88307
2011;6;16;6;3.9271977;132.91104
2011;6;16;12;2.782327;148.92947
2011;6;16;18;1.9791793;241.70786
2011;6;17;0;0.20611158;104.527435
2011;6;17;6;3.3929124;150.75583
2011;6;17;12;3.3797204;148.45529
2011;6;17;18;2.4604397;147.29977
2011;6;18;0;4.6949534;125.36194
2011;6;18;6;6.133706;138.64651
2011;6;18;12;6.5905604;155.50993
2011;6;18;18;4.449212;151.48364
2011;6;19;0;4.7522964;124.48546
2011;6;19;6;5.839038;124.77554
2011;6;19;12;5.054128;124.81587
2011;6;19;18;4.7383966;130.55592
2011;6;20;0;5.337319;131.64409
2011;6;20;6;6.6654677;127.28003
2011;6;20;12;5.069231;138.31967
2011;6;20;18;4.0292907;155.81174
2011;6;21;0;4.753145;144.19229
2011;6;21;6;5.062464;137.2369
2011;6;21;12;4.6441565;137.82607
2011;6;21;18;4.2487016;136.86359
2011;6;22;0;5.768534;122.948715
2011;6;22;6;6.7104135;122.99303
2011;6;22;12;6.1603136;122.201645
2011;6;22;18;5.927429;125.01639
2011;6;23;0;6.371451;118.6974
2011;6;23;6;7.068205;123.992355
2011;6;23;12;5.6628966;127.92906
2011;6;23;18;4.3594975;131.95885
2011;6;24;0;5.531863;129.18597
2011;6;24;6;6.4446425;125.34616
2011;6;24;12;5.777314;131.46016
2011;6;24;18;5.578972;129.94566
2011;6;25;0;6.7667084;130.87589
2011;6;25;6;7.806381;136.89832
2011;6;25;12;7.214021;143.69861
2011;6;25;18;5.673089;140.11531
2011;6;26;0;7.1895394;128.27661
2011;6;26;6;7.848185;131.2189
2011;6;26;12;7.604521;136.31284
2011;6;26;18;6.3934464;134.32788
2011;6;27;0;7.3425717;123.994995
2011;6;27;6;8.542567;128.45256
2011;6;27;12;8.12524;127.17206
2011;6;27;18;6.8613324;113.007706
2011;6;28;0;8.145241;114.369385
2011;6;28;6;8.869239;118.50104
2011;6;28;12;7.598289;125.7379
2011;6;28;18;5.7394824;129.93892
2011;6;29;0;6.6014514;125.75285
2011;6;29;6;8.040295;129.4435
2011;6;29;12;7.7030993;143.63843
2011;6;29;18;6.224112;149.54736
2011;6;30;0;6.578012;135.1383
2011;6;30;6;6.8572145;135.39865
2011;6;30;12;6.009012;134.99283
2011;6;30;18;4.5732665;131.636
2011;7;1;0;5.939482;114.263275
2011;7;1;6;7.417648;114.32767
2011;7;1;12;6.6876326;124.00217
2011;7;1;18;5.5116177;137.83081
2011;7;2;0;5.818962;128.08041
2011;7;2;6;7.5109406;123.26317
2011;7;2;12;7.514585;122.024155
2011;7;2;18;5.4560328;131.4704
2011;7;3;0;6.1853127;115.05092
2011;7;3;6;8.131767;120.33351
2011;7;3;12;7.661157;129.91629
2011;7;3;18;6.192576;136.71515
2011;7;4;0;6.891012;134.04521
2011;7;4;6;8.395947;140.28517
2011;7;4;12;8.831816;147.46872
2011;7;4;18;7.693653;149.93307
2011;7;5;0;7.3926134;153.53493
2011;7;5;6;7.582755;147.46921
2011;7;5;12;6.404432;143.09659
2011;7;5;18;6.695784;137.9649
2011;7;6;0;7.612288;133.96892
2011;7;6;6;8.943408;139.21501
2011;7;6;12;6.370148;175.91368
2011;7;6;18;6.5196977;177.974
2011;7;7;0;5.452208;167.80139
2011;7;7;6;8.009445;138.65733
2011;7;7;12;7.7459;138.47803
2011;7;7;18;7.1955075;123.35904
2011;7;8;0;6.485651;138.85487
2011;7;8;6;5.7611732;134.73439
2011;7;8;12;5.704724;147.75443
2011;7;8;18;4.7681503;168.5726
2011;7;9;0;5.1319594;157.23184
2011;7;9;6;5.2345443;156.74887
2011;7;9;12;5.583437;145.73425
2011;7;9;18;6.297363;137.08624
2011;7;10;0;7.369667;142.4631
2011;7;10;6;7.6350937;139.0373
2011;7;10;12;7.759281;154.98083
2011;7;10;18;5.675237;178.26013
2011;7;11;0;4.427208;149.31775
2011;7;11;6;7.3086247;136.27228
2011;7;11;12;8.858009;144.98674
2011;7;11;18;8.595284;153.17636
2011;7;12;0;8.505693;140.83331
2011;7;12;6;9.528037;133.57108
2011;7;12;12;10.264731;145.49734
2011;7;12;18;8.433583;145.63643
2011;7;13;0;7.323968;140.83131
2011;7;13;6;6.886536;135.6495
2011;7;13;12;4.938055;137.45143
2011;7;13;18;3.5290506;135.76778
2011;7;14;0;4.266312;127.19525
2011;7;14;6;4.7212734;136.52026
2011;7;14;12;4.779834;143.797
2011;7;14;18;3.8934503;141.31631
2011;7;15;0;5.0866785;137.43973
2011;7;15;6;5.1375175;141.25381
2011;7;15;12;5.263229;159.95677
2011;7;15;18;4.004183;163.43259
2011;7;16;0;4.268575;144.70682
2011;7;16;6;4.9439754;147.6351
2011;7;16;12;6.9518294;150.32419
2011;7;16;18;4.644172;188.03647
2011;7;17;0;6.103954;248.37274
2011;7;17;6;3.8809087;291.96255
2011;7;17;12;2.0604124;331.91248
2011;7;17;18;4.1719704;123.68153
2011;7;18;0;7.5210094;147.0304
2011;7;18;6;7.0877366;151.93443
2011;7;18;12;5.466175;196.42267
2011;7;18;18;4.1333055;172.10979
2011;7;19;0;4.4096427;151.94699
2011;7;19;6;6.3269978;141.11452
2011;7;19;12;8.037785;144.43347
2011;7;19;18;9.159377;140.49931
2011;7;20;0;11.341759;145.1044
2011;7;20;6;9.78308;162.39432
2011;7;20;12;5.2207355;178.09456
2011;7;20;18;2.2538147;223.1951
2011;7;21;0;2.4451315;48.76941
2011;7;21;6;6.2989826;106.56555
2011;7;21;12;9.395378;140.35835
2011;7;21;18;10.514319;154.77315
2011;7;22;0;10.180554;149.93307
2011;7;22;6;9.802322;144.13805
2011;7;22;12;11.012391;143.914
2011;7;22;18;9.77661;149.41327
2011;7;23;0;9.575016;126.77551
2011;7;23;6;11.963877;122.62468
2011;7;23;12;11.648214;127.43349
2011;7;23;18;13.275739;111.99425
2011;7;24;0;13.278725;117.337814
2011;7;24;6;9.764141;115.87924
2011;7;24;12;9.521748;115.87935
2011;7;24;18;11.449686;129.58952
2011;7;25;0;10.770713;124.99478
2011;7;25;6;11.3249;136.2432
2011;7;25;12;13.1762905;149.89783
2011;7;25;18;11.176635;156.45972
2011;7;26;0;7.7636595;137.5411
2011;7;26;6;7.08553;126.45599
2011;7;26;12;6.395068;135.90237
2011;7;26;18;4.8512397;133.13573
2011;7;27;0;3.8696787;108.861145
2011;7;27;6;3.032566;135.70749
2011;7;27;12;2.575311;222.79898
2011;7;27;18;4.030433;219.42168
2011;7;28;0;2.741618;147.39418
2011;7;28;6;2.7481422;185.45468
2011;7;28;12;4.6306868;230.17198
2011;7;28;18;5.472734;254.96825
2011;7;29;0;2.5836167;255.73022
2011;7;29;6;4.0050864;152.17004
2011;7;29;12;5.819551;148.77588
2011;7;29;18;5.58127;173.17545
2011;7;30;0;5.1363034;159.99924
2011;7;30;6;6.6661515;139.74591
2011;7;30;12;6.119189;136.68527
2011;7;30;18;6.0614376;136.06757
2011;7;31;0;7.2965302;122.77513
2011;7;31;6;8.018271;113.493195
2011;7;31;12;8.3312435;124.61742
2011;7;31;18;8.658519;124.40613
2012;5;1;0;7.8561373;242.36009
2012;5;1;6;5.825433;225.55751
2012;5;1;12;5.139423;144.97108
2012;5;1;18;7.7851963;132.86185
2012;5;2;0;7.0929627;135.32242
2012;5;2;6;6.1225376;146.08728
2012;5;2;12;4.9324164;170.35999
2012;5;2;18;4.720076;166.88074
2012;5;3;0;6.9828925;128.48372
2012;5;3;6;8.668232;128.88977
2012;5;3;12;7.235699;145.7968
2012;5;3;18;5.2024817;175.29758
2012;5;4;0;4.8732085;159.30635
2012;5;4;6;5.5400634;139.2906
2012;5;4;12;6.4114304;139.1795
2012;5;4;18;6.124769;142.64838
2012;5;5;0;7.735954;141.48076
2012;5;5;6;6.142125;173.31598
2012;5;5;12;5.5221725;177.40091
2012;5;5;18;4.1409116;220.50006
2012;5;6;0;3.195125;195.72366
2012;5;6;6;4.3477163;208.74133
2012;5;6;12;3.9075177;222.17987
2012;5;6;18;4.616004;258.4471
2012;5;7;0;2.2065043;259.8374
2012;5;7;6;3.062603;179.37842
2012;5;7;12;3.918442;219.68987
2012;5;7;18;4.6798153;287.8731
2012;5;8;0;1.5451646;356.8158
2012;5;8;6;4.093703;125.0518
2012;5;8;12;5.328128;144.824
2012;5;8;18;4.7845774;149.20578
2012;5;9;0;5.196618;140.8684
2012;5;9;6;5.1032534;139.16971
2012;5;9;12;3.5661283;158.9355
2012;5;9;18;2.5888124;152.80232
2012;5;10;0;6.732453;122.71179
2012;5;10;6;7.6133137;138.14035
2012;5;10;12;5.93386;170.09221
2012;5;10;18;5.441223;204.3876
2012;5;11;0;2.7684522;177.04977
2012;5;11;6;3.6022925;107.296616
2012;5;11;12;5.9968143;77.9151
2012;5;11;18;0.97371954;74.17703
2012;5;12;0;2.895221;261.95166
2012;5;12;6;5.755812;310.22473
2012;5;12;12;6.4643173;323.86163
2012;5;12;18;9.252565;325.4521
2012;5;13;0;7.54612;320.21924
2012;5;13;6;3.5088794;342.43283
2012;5;13;12;0.77314615;57.71924
2012;5;13;18;1.219184;109.65312
2012;5;14;0;5.2402205;117.38396
2012;5;14;6;8.268655;115.816956
2012;5;14;12;9.288231;118.96791
2012;5;14;18;10.179596;126.22345
2012;5;15;0;12.5217905;135.89758
2012;5;15;6;11.317154;153.2048
2012;5;15;12;6.7780123;175.95651
2012;5;15;18;3.1958082;199.00073
2012;5;16;0;4.4499264;163.8812
2012;5;16;6;5.7464323;147.1349
2012;5;16;12;6.9570746;161.64746
2012;5;16;18;6.49197;218.86507
2012;5;17;0;4.5237327;185.07538
2012;5;17;6;5.870349;154.9353
2012;5;17;12;9.7297125;137.98114
2012;5;17;18;10.955656;143.19925
2012;5;18;0;7.1273265;157.50818
2012;5;18;6;4.4195013;175.49223
2012;5;18;12;7.8101573;167.03622
2012;5;18;18;6.213276;161.9561
2012;5;19;0;8.047464;150.15771
2012;5;19;6;8.520578;148.68082
2012;5;19;12;7.6363215;168.99927
2012;5;19;18;4.926208;212.34155
2012;5;20;0;5.051544;186.3512
2012;5;20;6;7.7967405;173.76123
2012;5;20;12;6.99512;169.71841
2012;5;20;18;6.455165;190.87704
2012;5;21;0;5.0975103;175.5531
2012;5;21;6;6.740049;159.12189
2012;5;21;12;6.4781356;164.93678
2012;5;21;18;7.487299;192.41138
2012;5;22;0;2.8527813;228.71739
2012;5;22;6;4.6211348;154.7042
2012;5;22;12;8.025622;175.61852
2012;5;22;18;5.486189;180.52542
2012;5;23;0;6.819457;140.67442
2012;5;23;6;10.128841;134.30733
2012;5;23;12;12.883829;157.79684
2012;5;23;18;8.819149;186.10294
2012;5;24;0;7.7767143;158.12033
2012;5;24;6;6.099615;143.09827
2012;5;24;12;5.192742;163.99677
2012;5;24;18;4.482826;271.96597
2012;5;25;0;2.120276;341.3638
2012;5;25;6;2.7879577;303.6492
2012;5;25;12;5.138431;304.15643
2012;5;25;18;4.3461432;282.20154
2012;5;26;0;3.7402499;120.4594
2012;5;26;6;6.3473606;129.09462
2012;5;26;12;5.5342946;143.77972
2012;5;26;18;4.5827775;139.0843
2012;5;27;0;9.156486;126.65143
2012;5;27;6;11.283748;161.96088
2012;5;27;12;9.646227;188.84439
2012;5;27;18;11.129681;167.77303
2012;5;28;0;7.989416;170.47452
2012;5;28;6;6.7008657;157.2944
2012;5;28;12;8.496078;135.39009
2012;5;28;18;7.267273;138.5577
2012;5;29;0;8.224249;131.72754
2012;5;29;6;7.994741;133.81665
2012;5;29;12;8.083764;134.8777
2012;5;29;18;6.059887;141.29301
2012;5;30;0;7.099941;124.1447
2012;5;30;6;8.033172;124.50571
2012;5;30;12;7.407686;126.571686
2012;5;30;18;6.825994;121.525635
2012;5;31;0;8.466747;129.12248
2012;5;31;6;8.448752;146.68973
2012;5;31;12;7.1213293;146.08585
2012;5;31;18;7.268136;132.36621
2012;6;1;0;7.2249928;116.95459
2012;6;1;6;8.775142;114.03682
2012;6;1;12;8.6898155;121.80966
2012;6;1;18;7.652693;137.73813
2012;6;2;0;7.569071;131.3281
2012;6;2;6;7.3106637;132.12582
2012;6;2;12;7.209382;134.73904
2012;6;2;18;5.5488234;137.1147
2012;6;3;0;5.8064384;125.69913
2012;6;3;6;6.461373;125.17894
2012;6;3;12;5.2166104;131.17032
2012;6;3;18;4.357754;134.24591
2012;6;4;0;4.936316;120.610825
2012;6;4;6;5.4446473;118.56389
2012;6;4;12;4.310788;132.05035
2012;6;4;18;3.3647408;136.62923
2012;6;5;0;4.5700307;113.14531
2012;6;5;6;5.654217;110.47456
2012;6;5;12;5.265385;124.58278
2012;6;5;18;3.3134563;151.89896
2012;6;6;0;3.2529542;146.66327
2012;6;6;6;1.6506866;177.30214
2012;6;6;12;2.1027312;167.64731
2012;6;6;18;2.245591;255.10109
2012;6;7;0;2.795845;105.78558
2012;6;7;6;4.004005;108.06543
2012;6;7;12;5.743582;126.7274
2012;6;7;18;6.7014627;152.94943
2012;6;8;0;9.87878;154.14244
2012;6;8;6;10.703023;147.5635
2012;6;8;12;8.923103;134.86777
2012;6;8;18;7.376106;147.06372
2012;6;9;0;6.052532;131.23499
2012;6;9;6;5.8979964;120.26756
2012;6;9;12;4.7593865;132.17256
2012;6;9;18;3.1220906;137.30553
2012;6;10;0;5.6583247;124.01819
2012;6;10;6;6.636215;138.35332
2012;6;10;12;6.326715;153.92377
2012;6;10;18;5.1508946;162.47186
2012;6;11;0;5.8216434;145.0597
2012;6;11;6;6.410848;136.05316
2012;6;11;12;5.5640206;137.66025
2012;6;11;18;3.6470191;118.9604
2012;6;12;0;5.986059;109.14401
2012;6;12;6;7.0048237;118.86691
2012;6;12;12;6.1924243;136.53712
2012;6;12;18;5.0489154;146.54968
2012;6;13;0;6.0949416;138.47044
2012;6;13;6;6.057678;145.29921
2012;6;13;12;4.8906894;150.10843
2012;6;13;18;5.03559;144.45029
2012;6;14;0;6.0623527;132.77725
2012;6;14;6;7.7675157;124.875626
2012;6;14;12;7.926919;140.2222
2012;6;14;18;7.427646;145.0433
2012;6;15;0;5.9643316;158.54536
2012;6;15;6;5.9208307;146.78787
2012;6;15;12;4.5476923;184.21272
2012;6;15;18;3.199034;161.63437
2012;6;16;0;2.5108461;141.71709
2012;6;16;6;4.283778;110.003586
2012;6;16;12;4.8064694;137.06476
2012;6;16;18;2.8598952;146.8352
2012;6;17;0;4.437134;118.08748
2012;6;17;6;4.9933453;125.20114
2012;6;17;12;4.903855;112.13492
2012;6;17;18;4.883848;119.879166
2012;6;18;0;6.4817753;122.50888
2012;6;18;6;5.7607827;137.30956
2012;6;18;12;4.502477;143.9872
2012;6;18;18;2.8445542;149.05618
2012;6;19;0;3.599201;120.16409
2012;6;19;6;6.030499;119.65564
2012;6;19;12;6.779714;119.98813
2012;6;19;18;6.1477613;126.61435
2012;6;20;0;7.3625755;124.0555
2012;6;20;6;7.429346;133.75175
2012;6;20;12;6.484267;136.4492
2012;6;20;18;5.4368052;150.70444
2012;6;21;0;5.9142175;145.77814
2012;6;21;6;5.1504364;153.08572
2012;6;21;12;4.2229595;177.70715
2012;6;21;18;4.938575;192.51918
2012;6;22;0;4.0472383;185.85767
2012;6;22;6;3.8260705;187.53821
2012;6;22;12;3.0853984;170.58496
2012;6;22;18;1.2371851;322.7469
2012;6;23;0;2.5840645;332.44504
2012;6;23;6;1.60332;144.87848
2012;6;23;12;2.3272688;164.7894
2012;6;23;18;1.567153;173.91422
2012;6;24;0;4.9889297;120.34502
2012;6;24;6;7.136405;122.85886
2012;6;24;12;6.879502;127.845795
2012;6;24;18;5.9223847;141.46492
2012;6;25;0;6.0460563;140.84308
2012;6;25;6;5.2201815;141.62979
2012;6;25;12;2.1715798;147.54173
2012;6;25;18;1.748956;137.3915
2012;6;26;0;4.4483933;104.31024
2012;6;26;6;6.717511;104.18115
2012;6;26;12;7.150297;110.235855
2012;6;26;18;6.537557;112.12775
2012;6;27;0;7.2891917;121.21091
2012;6;27;6;6.8191414;134.79112
2012;6;27;12;4.3958683;162.29245
2012;6;27;18;2.3252587;202.92879
2012;6;28;0;3.9260983;136.42044
2012;6;28;6;3.843656;126.34425
2012;6;28;12;4.867801;123.3448
2012;6;28;18;3.7999086;127.6956
2012;6;29;0;4.972969;115.70308
2012;6;29;6;5.4802685;132.649
2012;6;29;12;6.349501;129.2219
2012;6;29;18;5.5260305;139.72783
2012;6;30;0;6.1216846;131.09001
2012;6;30;6;6.9708524;138.50847
2012;6;30;12;7.2553697;145.90814
2012;6;30;18;3.9770646;170.56448
2012;7;1;0;2.621895;187.99532
2012;7;1;6;3.543907;147.694
2012;7;1;12;4.025674;170.44412
2012;7;1;18;4.9198017;240.32837
2012;7;2;0;2.4586334;282.13736
2012;7;2;6;2.4451966;220.34929
2012;7;2;12;5.3326397;227.73186
2012;7;2;18;5.166488;243.08003
2012;7;3;0;2.3773715;242.75043
2012;7;3;6;2.2213204;252.6431
2012;7;3;12;2.1766903;234.40945
2012;7;3;18;2.9132497;244.84009
2012;7;4;0;2.4210603;187.12775
2012;7;4;6;3.8682575;144.28183
2012;7;4;12;5.9686966;143.33783
2012;7;4;18;5.5557017;150.61572
2012;7;5;0;6.3323073;144.3118
2012;7;5;6;6.447111;156.32013
2012;7;5;12;5.5352464;173.85323
2012;7;5;18;5.7581096;194.78278
2012;7;6;0;7.274085;147.07623
2012;7;6;6;9.407425;171.65146
2012;7;6;12;9.357804;204.13672
2012;7;6;18;6.234028;195.26103
2012;7;7;0;4.7036824;210.68375
2012;7;7;6;2.8674638;228.73523
2012;7;7;12;2.2493908;209.53397
2012;7;7;18;2.6927752;264.86267
2012;7;8;0;2.525159;119.997116
2012;7;8;6;4.5173683;124.61719
2012;7;8;12;8.006516;131.90695
2012;7;8;18;8.008215;145.026
2012;7;9;0;7.137065;155.30702
2012;7;9;6;7.4438157;142.70535
2012;7;9;12;6.2776957;194.60725
2012;7;9;18;5.075894;175.85641
2012;7;10;0;7.3369527;147.8215
2012;7;10;6;8.48795;134.035
2012;7;10;12;10.699068;143.1452
2012;7;10;18;10.188416;152.65332
2012;7;11;0;8.303985;148.10394
2012;7;11;6;8.828902;138.43086
2012;7;11;12;7.4262195;130.51184
2012;7;11;18;6.063055;106.36545
2012;7;12;0;6.286853;99.35399
2012;7;12;6;7.508221;119.943054
2012;7;12;12;6.4343724;126.1568
2012;7;12;18;4.0308795;131.48715
2012;7;13;0;5.2597985;120.8719
2012;7;13;6;7.255319;135.6433
2012;7;13;12;6.8074765;140.2656
2012;7;13;18;5.6175222;141.2103
2012;7;14;0;5.2178836;124.84207
2012;7;14;6;6.1980515;121.11722
2012;7;14;12;4.9341054;130.44177
2012;7;14;18;4.14832;135.08086
2012;7;15;0;5.5447426;133.42348
2012;7;15;6;6.458786;132.25403
2012;7;15;12;5.974317;143.56548
2012;7;15;18;5.305493;148.69803
2012;7;16;0;5.6940227;149.47424
2012;7;16;6;5.7481475;148.87338
2012;7;16;12;4.404586;157.57611
2012;7;16;18;3.4754293;164.33322
2012;7;17;0;4.623477;139.9014
2012;7;17;6;5.0636806;126.91391
2012;7;17;12;4.7846947;137.79335
2012;7;17;18;3.9801884;142.1767
2012;7;18;0;4.606068;133.239
2012;7;18;6;4.891815;134.34892
2012;7;18;12;4.147284;156.65689
2012;7;18;18;3.0129783;192.15417
2012;7;19;0;1.580271;155.09204
2012;7;19;6;3.859712;140.57053
2012;7;19;12;4.07952;115.17757
2012;7;19;18;3.2312942;151.1419
2012;7;20;0;4.4915276;119.71614
2012;7;20;6;6.244645;122.88394
2012;7;20;12;6.408449;128.26901
2012;7;20;18;6.054728;156.31213
2012;7;21;0;8.076161;143.24393
2012;7;21;6;9.510992;150.67516
2012;7;21;12;10.307255;153.67465
2012;7;21;18;7.2503166;157.43716
2012;7;22;0;6.8717403;154.86917
2012;7;22;6;6.676446;142.9401
2012;7;22;12;4.993774;140.44089
2012;7;22;18;1.4644034;136.67972
2012;7;23;0;2.7932281;73.131195
2012;7;23;6;3.4366615;95.512695
2012;7;23;12;2.303861;77.56561
2012;7;23;18;2.8021505;48.080658
2012;7;24;0;5.5043993;72.06732
2012;7;24;6;6.9267745;97.81267
2012;7;24;12;7.05982;106.24657
2012;7;24;18;5.462912;117.928375
2012;7;25;0;5.6843815;129.1245
2012;7;25;6;5.8481507;134.27638
2012;7;25;12;4.4438143;154.24364
2012;7;25;18;3.8433034;157.86581
2012;7;26;0;5.6816435;140.6944
2012;7;26;6;7.595166;120.063675
2012;7;26;12;9.153436;127.44577
2012;7;26;18;9.394007;136.67596
2012;7;27;0;9.601531;134.63098
2012;7;27;6;12.771811;136.45793
2012;7;27;12;13.291986;153.78036
2012;7;27;18;14.653208;151.99646
2012;7;28;0;15.383474;162.70996
2012;7;28;6;12.408829;172.72626
2012;7;28;12;8.926515;165.68745
2012;7;28;18;6.654182;154.4128
2012;7;29;0;6.01683;156.22263
2012;7;29;6;7.2631316;164.10411
2012;7;29;12;7.997987;164.97658
2012;7;29;18;4.5349298;165.66473
2012;7;30;0;4.0167246;112.96304
2012;7;30;6;6.0946555;164.53107
2012;7;30;12;6.787602;166.45364
2012;7;30;18;6.9236317;152.7207
2012;7;31;0;6.708167;153.02847
2012;7;31;6;7.2081246;145.75842
2012;7;31;12;6.970767;162.16968
2012;7;31;18;3.873779;150.6789
2013;5;1;0;4.09339;120.17218
2013;5;1;6;7.689445;117.29079
2013;5;1;12;7.528992;150.69278
2013;5;1;18;8.439474;207.04881
2013;5;2;0;7.9367414;217.44589
2013;5;2;6;8.7605095;198.57309
2013;5;2;12;13.667428;194.35019
2013;5;2;18;13.088413;220.81476
2013;5;3;0;9.804388;235.44641
2013;5;3;6;5.942895;257.40784
2013;5;3;12;6.9351306;286.04236
2013;5;3;18;7.958045;298.42377
2013;5;4;0;9.651267;314.68155
2013;5;4;6;8.884945;314.582
2013;5;4;12;8.151648;317.33313
2013;5;4;18;7.1730704;324.63464
2013;5;5;0;3.0722249;323.6642
2013;5;5;6;3.4743683;158.13632
2013;5;5;12;6.3867497;150.88446
2013;5;5;18;6.182129;162.58789
2013;5;6;0;8.733205;160.19373
2013;5;6;6;8.321934;155.20157
2013;5;6;12;9.043175;170.19725
2013;5;6;18;9.931225;173.58505
2013;5;7;0;9.862331;167.10532
2013;5;7;6;12.219279;170.44028
2013;5;7;12;12.870457;180.25626
2013;5;7;18;11.837098;173.4932
2013;5;8;0;10.634541;162.91995
2013;5;8;6;12.390033;165.7476
2013;5;8;12;11.264435;162.33324
2013;5;8;18;12.761103;181.7735
2013;5;9;0;13.678569;171.0018
2013;5;9;6;13.204313;165.7997
2013;5;9;12;13.331117;151.3005
2013;5;9;18;12.604551;156.05078
2013;5;10;0;10.599213;153.89786
2013;5;10;6;7.7056675;170.9478
2013;5;10;12;8.590862;174.94754
2013;5;10;18;5.6465845;247.01057
2013;5;11;0;1.255833;301.59558
2013;5;11;6;5.167843;290.0445
2013;5;11;12;6.9283423;312.06238
2013;5;11;18;10.066271;315.0763
2013;5;12;0;8.970634;324.99945
2013;5;12;6;6.2318463;323.08435
2013;5;12;12;6.7019215;331.08154
2013;5;12;18;6.9031353;320.45145
2013;5;13;0;3.2946808;326.33344
2013;5;13;6;0.85942346;303.1742
2013;5;13;12;5.0544443;144.76813
2013;5;13;18;7.47609;161.17017
2013;5;14;0;9.608339;155.74115
2013;5;14;6;10.210191;157.5058
2013;5;14;12;15.911086;162.24515
2013;5;14;18;13.983806;179.8617
2013;5;15;0;7.0885262;206.68172
2013;5;15;6;5.6750565;186.18765
2013;5;15;12;4.4548697;253.38202
2013;5;15;18;4.935852;241.957
2013;5;16;0;3.0864048;185.85413
2013;5;16;6;7.4059253;158.09595
2013;5;16;12;11.736167;153.57932
2013;5;16;18;12.812503;174.25595
2013;5;17;0;6.4703045;189.7789
2013;5;17;6;15.876029;169.60086
2013;5;17;12;17.538626;167.6004
2013;5;17;18;3.3950112;217.03583
2013;5;18;0;6.657198;323.6007
2013;5;18;6;6.0103793;337.71085
2013;5;18;12;4.949177;358.11313
2013;5;18;18;7.664466;335.11105
2013;5;19;0;4.5263786;352.61142
2013;5;19;6;4.8622246;121.98039
2013;5;19;12;4.0920496;87.71155
2013;5;19;18;2.885593;38.143036
2013;5;20;0;2.933037;357.38678
2013;5;20;6;2.211904;293.64676
2013;5;20;12;3.6535318;230.04994
2013;5;20;18;3.6496673;260.4416
2013;5;21;0;3.208752;188.94958
2013;5;21;6;4.8725233;150.59122
2013;5;21;12;5.1649027;150.98322
2013;5;21;18;5.329589;160.02374
2013;5;22;0;6.016327;153.61978
2013;5;22;6;6.8938775;159.33221
2013;5;22;12;6.3384523;149.93744
2013;5;22;18;7.4060116;159.70338
2013;5;23;0;10.227037;156.26369
2013;5;23;6;9.382079;157.47685
2013;5;23;12;8.290862;175.23456
2013;5;23;18;4.462082;225.49591
2013;5;24;0;1.3851599;226.27704
2013;5;24;6;2.765556;163.45706
2013;5;24;12;4.735296;183.00418
2013;5;24;18;1.8991858;187.51245
2013;5;25;0;3.7966506;125.61206
2013;5;25;6;4.745763;114.925674
2013;5;25;12;4.4834175;125.64888
2013;5;25;18;4.135267;128.39133
2013;5;26;0;4.709931;141.50232
2013;5;26;6;4.7698035;146.83151
2013;5;26;12;3.5450025;222.17358
2013;5;26;18;4.1530323;279.90866
2013;5;27;0;1.7518091;337.81805
2013;5;27;6;2.3179662;158.66837
2013;5;27;12;3.9372222;129.3368
2013;5;27;18;3.9139628;119.60722
2013;5;28;0;7.83765;128.71771
2013;5;28;6;11.272926;145.72165
2013;5;28;12;12.537233;149.75085
2013;5;28;18;9.707131;157.3955
2013;5;29;0;9.495777;144.29648
2013;5;29;6;8.293629;137.21545
2013;5;29;12;6.67904;133.2511
2013;5;29;18;5.2256455;137.97795
2013;5;30;0;5.703465;129.6667
2013;5;30;6;6.155393;122.84364
2013;5;30;12;5.6706142;128.23203
2013;5;30;18;4.0730386;126.903595
2013;5;31;0;5.6838174;114.87903
2013;5;31;6;6.3811603;117.6124
2013;5;31;12;5.829952;137.6408
2013;5;31;18;4.834928;146.49338
2013;6;1;0;6.435907;136.92967
2013;6;1;6;6.982751;129.37056
2013;6;1;12;7.0323706;134.5519
2013;6;1;18;5.840699;153.38885
2013;6;2;0;6.866923;140.28397
2013;6;2;6;8.36471;136.39806
2013;6;2;12;9.33269;136.58667
2013;6;2;18;7.617255;166.28247
2013;6;3;0;6.0797906;153.53214
2013;6;3;6;9.044106;150.33615
2013;6;3;12;8.631201;145.58722
2013;6;3;18;6.7324123;156.2804
2013;6;4;0;6.80387;165.62799
2013;6;4;6;6.627906;153.81541
2013;6;4;12;6.2170835;161.40851
2013;6;4;18;3.577058;181.5713
2013;6;5;0;6.8962965;146.4631
2013;6;5;6;10.002587;153.83502
2013;6;5;12;10.585196;158.45073
2013;6;5;18;8.641076;172.83287
2013;6;6;0;8.089758;145.44376
2013;6;6;6;9.411959;142.6987
2013;6;6;12;9.508884;143.96967
2013;6;6;18;7.899409;139.9546
2013;6;7;0;8.166341;136.91951
2013;6;7;6;7.462345;129.50862
2013;6;7;12;6.6653886;137.5307
2013;6;7;18;6.1515393;128.13023
2013;6;8;0;6.980165;116.65024
2013;6;8;6;6.560419;122.787
2013;6;8;12;5.6957564;126.103775
2013;6;8;18;2.2738688;102.54846
2013;6;9;0;6.520768;95.1633
2013;6;9;6;8.037713;103.03731
2013;6;9;12;8.683365;108.61264
2013;6;9;18;7.0329375;116.515076
2013;6;10;0;7.3732862;114.69054
2013;6;10;6;7.194984;115.173065
2013;6;10;12;6.93507;116.34688
2013;6;10;18;7.239588;114.96559
2013;6;11;0;8.262418;114.64574
2013;6;11;6;8.967937;120.99396
2013;6;11;12;7.783023;136.87498
2013;6;11;18;6.4283147;127.61908
2013;6;12;0;7.2594004;114.495056
2013;6;12;6;8.234624;118.81836
2013;6;12;12;8.057839;126.469086
2013;6;12;18;7.208362;132.38641
2013;6;13;0;7.552803;130.45656
2013;6;13;6;8.17786;138.45317
2013;6;13;12;6.5976095;149.1182
2013;6;13;18;3.6203864;140.24222
2013;6;14;0;2.3525255;116.60333
2013;6;14;6;3.4669654;98.4772
2013;6;14;12;2.3125832;77.62262
2013;6;14;18;0.9376521;315.91498
2013;6;15;0;1.4760251;265.24338
2013;6;15;6;2.981467;160.85846
2013;6;15;12;4.39091;168.67293
2013;6;15;18;4.0894337;196.08075
2013;6;16;0;3.2355323;145.76743
2013;6;16;6;4.9468155;138.69525
2013;6;16;12;5.673785;136.63078
2013;6;16;18;5.651364;149.81525
2013;6;17;0;7.9590354;143.64424
2013;6;17;6;8.371355;156.72632
2013;6;17;12;6.849847;151.87125
2013;6;17;18;4.998787;169.0326
2013;6;18;0;4.7812552;143.74896
2013;6;18;6;5.6787357;119.86824
2013;6;18;12;3.2937317;129.13101
2013;6;18;18;1.241958;186.76512
2013;6;19;0;1.8455508;95.67273
2013;6;19;6;3.5907652;117.21236
2013;6;19;12;2.8742177;130.82208
2013;6;19;18;2.7711108;144.27289
2013;6;20;0;3.7513425;164.46735
2013;6;20;6;4.585647;130.31807
2013;6;20;12;3.9566631;137.72508
2013;6;20;18;3.0981905;174.85284
2013;6;21;0;3.6723402;141.361
2013;6;21;6;4.6527176;141.84499
2013;6;21;12;5.6430755;139.74864
2013;6;21;18;5.874603;141.36348
2013;6;22;0;6.012947;135.4391
2013;6;22;6;7.863011;135.06691
2013;6;22;12;7.448698;143.29655
2013;6;22;18;8.391611;142.66559
2013;6;23;0;5.7377057;179.21648
2013;6;23;6;5.6236596;132.50421
2013;6;23;12;7.4219403;136.7344
2013;6;23;18;8.3209095;134.15262
2013;6;24;0;9.107693;148.47815
2013;6;24;6;8.700086;134.69435
2013;6;24;12;8.368068;132.52957
2013;6;24;18;6.258792;127.07248
2013;6;25;0;6.7011023;131.8159
2013;6;25;6;7.2419863;123.3819
2013;6;25;12;7.1080937;118.16539
2013;6;25;18;6.1593637;103.01866
2013;6;26;0;8.249079;84.50458
2013;6;26;6;10.23371;90.84758
2013;6;26;12;10.740941;108.31967
2013;6;26;18;6.0297666;116.42052
2013;6;27;0;4.510842;103.81912
2013;6;27;6;2.9161298;172.73196
2013;6;27;12;2.1010969;228.23483
2013;6;27;18;5.499182;288.1731
2013;6;28;0;2.793751;289.16614
2013;6;28;6;4.462278;240.35013
2013;6;28;12;5.497248;233.1095
2013;6;28;18;3.6264532;226.0122
2013;6;29;0;1.1876891;60.03076
2013;6;29;6;3.5896883;79.391846
2013;6;29;12;2.1290476;147.37244
2013;6;29;18;4.0384912;301.40576
2013;6;30;0;3.9954655;310.13458
2013;6;30;6;5.84678;302.98392
2013;6;30;12;6.970297;321.03122
2013;6;30;18;7.0441203;332.84125
2013;7;1;0;4.3702497;333.75153
2013;7;1;6;0.4840432;138.92773
2013;7;1;12;2.8722472;148.60583
2013;7;1;18;2.4228854;162.9397
2013;7;2;0;4.2135525;144.93884
2013;7;2;6;5.852726;126.56358
2013;7;2;12;6.1047873;132.66829
2013;7;2;18;5.4395823;138.44275
2013;7;3;0;7.2543263;124.852615
2013;7;3;6;8.076029;125.951355
2013;7;3;12;7.9622006;129.82425
2013;7;3;18;7.3735943;146.44995
2013;7;4;0;7.864349;141.2167
2013;7;4;6;8.003451;129.35281
2013;7;4;12;6.9395437;133.59685
2013;7;4;18;3.4905577;122.97591
2013;7;5;0;4.2299523;120.753296
2013;7;5;6;4.892537;111.916
2013;7;5;12;4.5913415;123.76628
2013;7;5;18;2.5610313;130.31686
2013;7;6;0;2.9451232;144.82918
2013;7;6;6;3.3376484;142.15103
2013;7;6;12;2.3794262;145.25912
2013;7;6;18;1.9902456;209.19707
2013;7;7;0;4.5412893;129.95876
2013;7;7;6;6.4317203;122.986694
2013;7;7;12;6.886882;126.89911
2013;7;7;18;7.794989;137.31578
2013;7;8;0;8.331948;149.72641
2013;7;8;6;7.637146;140.81557
2013;7;8;12;7.8162174;142.94202
2013;7;8;18;8.630464;170.02246
2013;7;9;0;9.608302;158.98784
2013;7;9;6;10.521233;154.38762
2013;7;9;12;10.497084;157.66376
2013;7;9;18;8.658649;151.72882
2013;7;10;0;6.4106746;156.86389
2013;7;10;6;7.0538297;134.84505
2013;7;10;12;4.444736;133.83112
2013;7;10;18;2.073746;309.22778
2013;7;11;0;6.361424;281.646
2013;7;11;6;5.9898233;270.90762
2013;7;11;12;6.9689426;277.90497
2013;7;11;18;5.751468;293.50842
2013;7;12;0;2.259899;246.00282
2013;7;12;6;5.35684;136.99693
2013;7;12;12;8.88549;131.70229
2013;7;12;18;9.191327;128.31006
2013;7;13;0;6.2913895;153.37653
2013;7;13;6;3.4316328;127.65915
2013;7;13;12;3.0373292;119.80965
2013;7;13;18;0.8574598;21.009369
2013;7;14;0;3.7473636;99.00096
2013;7;14;6;6.845061;106.43962
2013;7;14;12;6.740365;111.55505
2013;7;14;18;5.5217304;122.658356
2013;7;15;0;7.101534;121.42668
2013;7;15;6;7.6531687;128.44398
2013;7;15;12;6.246715;137.84601
2013;7;15;18;3.5885527;142.89798
2013;7;16;0;3.5530972;125.21483
2013;7;16;6;3.782718;114.44563
2013;7;16;12;2.2707715;146.8829
2013;7;16;18;2.0781467;255.54854
2013;7;17;0;2.2908957;284.6257
2013;7;17;6;3.2978442;166.79863
2013;7;17;12;6.02628;145.77962
2013;7;17;18;3.692668;120.583496
2013;7;18;0;3.7069845;162.23807
2013;7;18;6;7.076945;155.04416
2013;7;18;12;6.5870748;175.57709
2013;7;18;18;7.413588;160.28656
2013;7;19;0;7.3300877;148.03076
2013;7;19;6;7.3872323;145.76549
2013;7;19;12;6.2177696;154.12552
2013;7;19;18;4.4817305;156.89084
2013;7;20;0;5.7421474;128.6138
2013;7;20;6;8.641372;143.32544
2013;7;20;12;9.099073;157.53677
2013;7;20;18;7.9815903;163.11414
2013;7;21;0;6.950858;150.40018
2013;7;21;6;6.474408;155.80833
2013;7;21;12;4.843258;155.38351
2013;7;21;18;3.7387986;146.45148
2013;7;22;0;6.3246474;131.22108
2013;7;22;6;8.075696;128.54265
2013;7;22;12;7.8142753;143.29639
2013;7;22;18;7.229266;153.64104
2013;7;23;0;7.436442;148.56992
2013;7;23;6;7.833224;143.9227
2013;7;23;12;7.85912;144.05646
2013;7;23;18;7.2801943;138.7579
2013;7;24;0;8.112206;136.79242
2013;7;24;6;8.231724;136.80676
2013;7;24;12;7.901503;139.68631
2013;7;24;18;7.550868;154.13245
2013;7;25;0;5.8111715;151.3569
2013;7;25;6;7.074161;145.23608
2013;7;25;12;8.944434;168.53122
2013;7;25;18;5.691114;171.4338
2013;7;26;0;10.990694;153.0677
2013;7;26;6;9.726111;167.27403
2013;7;26;12;7.565214;164.35313
2013;7;26;18;5.3357124;173.22595
2013;7;27;0;2.0292702;300.8339
2013;7;27;6;3.5474246;297.6163
2013;7;27;12;5.0918956;338.2331
2013;7;27;18;5.609628;328.76205
2013;7;28;0;2.6765995;311.71722
2013;7;28;6;1.1926764;118.6888
2013;7;28;12;4.256633;141.65488
2013;7;28;18;2.8410506;216.75241
2013;7;29;0;1.5064715;193.8819
2013;7;29;6;2.4371665;174.34113
2013;7;29;12;3.8780532;201.31293
2013;7;29;18;4.7500806;249.7019
2013;7;30;0;3.3981888;247.41272
2013;7;30;6;2.390743;251.5506
2013;7;30;12;5.0275636;273.57935
2013;7;30;18;2.4620826;227.97269
2013;7;31;0;4.5381618;124.364685
2013;7;31;6;9.661955;139.39954
2013;7;31;12;8.031008;167.0427
2013;7;31;18;7.087572;184.91614
2014;5;1;0;9.713623;163.21196
2014;5;1;6;8.554779;157.3358
2014;5;1;12;8.217291;159.80597
2014;5;1;18;7.2586265;160.67801
2014;5;2;0;7.8095293;155.652
2014;5;2;6;8.650083;155.73193
2014;5;2;12;8.076686;164.18124
2014;5;2;18;9.001228;159.86142
2014;5;3;0;9.56648;155.34448
2014;5;3;6;9.028023;147.00595
2014;5;3;12;8.280665;159.35907
2014;5;3;18;6.7181726;170.99582
2014;5;4;0;5.716291;160.1731
2014;5;4;6;5.4009066;148.87405
2014;5;4;12;4.4134426;165.85333
2014;5;4;18;2.43873;265.63132
2014;5;5;0;2.38111;202.332
2014;5;5;6;4.413807;212.99109
2014;5;5;12;4.100626;243.93222
2014;5;5;18;2.9322653;89.80902
2014;5;6;0;6.837813;112.34616
2014;5;6;6;7.606913;114.375244
2014;5;6;12;6.520938;154.5304
2014;5;6;18;6.169144;165.23874
2014;5;7;0;6.641304;159.1305
2014;5;7;6;6.778587;148.80098
2014;5;7;12;7.8765974;161.65802
2014;5;7;18;5.6740937;132.85304
2014;5;8;0;8.450132;144.19473
2014;5;8;6;9.174639;131.47232
2014;5;8;12;8.847387;131.37187
2014;5;8;18;6.6452966;134.90126
2014;5;9;0;5.912423;123.2495
2014;5;9;6;6.739934;98.82594
2014;5;9;12;6.575067;100.46759
2014;5;9;18;6.435091;104.14142
2014;5;10;0;7.3358445;102.74309
2014;5;10;6;7.5816875;109.18974
2014;5;10;12;6.5126505;114.24893
2014;5;10;18;5.5742254;124.92111
2014;5;11;0;6.4362483;131.53381
2014;5;11;6;5.710079;134.80878
2014;5;11;12;3.630624;153.07074
2014;5;11;18;2.4831395;189.72668
2014;5;12;0;3.159796;146.74211
2014;5;12;6;4.104054;128.24152
2014;5;12;12;3.8576124;124.22041
2014;5;12;18;3.4399796;137.23468
2014;5;13;0;5.067661;133.24207
2014;5;13;6;6.818591;153.1301
2014;5;13;12;7.8642564;163.8243
2014;5;13;18;7.4427543;151.34811
2014;5;14;0;8.120287;140.65977
2014;5;14;6;8.500191;138.7112
2014;5;14;12;8.055306;148.59427
2014;5;14;18;5.6269364;188.51111
2014;5;15;0;5.892284;192.36838
2014;5;15;6;6.680914;203.99771
2014;5;15;12;7.4494624;195.96298
2014;5;15;18;6.7449775;188.27869
2014;5;16;0;6.3015585;158.94855
2014;5;16;6;4.9335566;161.58923
2014;5;16;12;4.7886224;232.23766
2014;5;16;18;6.1259437;316.9365
2014;5;17;0;3.4873354;318.27502
2014;5;17;6;2.317454;189.83421
2014;5;17;12;5.5491805;228.68398
2014;5;17;18;6.377757;238.83968
2014;5;18;0;3.5106947;235.44258
2014;5;18;6;4.752785;181.83893
2014;5;18;12;6.0998006;182.34727
2014;5;18;18;5.2130704;181.66167
2014;5;19;0;7.794484;206.21008
2014;5;19;6;9.537472;239.83975
2014;5;19;12;10.266301;232.78586
2014;5;19;18;6.368838;251.22867
2014;5;20;0;3.6585197;246.83096
2014;5;20;6;3.7392485;199.99469
2014;5;20;12;6.340126;160.76868
2014;5;20;18;5.534292;164.91182
2014;5;21;0;5.1429644;176.69907
2014;5;21;6;5.474459;190.8229
2014;5;21;12;6.136017;231.41144
2014;5;21;18;7.2305613;213.0369
2014;5;22;0;7.2632284;259.4862
2014;5;22;6;3.0708926;175.34854
2014;5;22;12;7.0001;136.88335
2014;5;22;18;7.4370427;126.47621
2014;5;23;0;9.291678;127.50366
2014;5;23;6;7.471928;128.51382
2014;5;23;12;4.2171564;144.62769
2014;5;23;18;6.6267076;311.979
2014;5;24;0;6.059567;315.3534
2014;5;24;6;5.5628433;326.23453
2014;5;24;12;5.423186;353.6078
2014;5;24;18;4.3493476;325.77356
2014;5;25;0;4.1532855;336.5122
2014;5;25;6;0.452165;23.580872
2014;5;25;12;3.0357652;170.48102
2014;5;25;18;1.5803231;117.58276
2014;5;26;0;5.472801;129.24794
2014;5;26;6;6.962817;140.37373
2014;5;26;12;6.7846785;146.99338
2014;5;26;18;3.4193175;172.0904
2014;5;27;0;2.7010207;138.83434
2014;5;27;6;1.4958644;113.14534
2014;5;27;12;1.1824437;235.66562
2014;5;27;18;3.3874674;266.1237
2014;5;28;0;3.7431655;156.5803
2014;5;28;6;5.8757257;145.26657
2014;5;28;12;6.3697853;157.88745
2014;5;28;18;5.624478;151.05173
2014;5;29;0;6.398288;141.10797
2014;5;29;6;6.6226215;131.85754
2014;5;29;12;7.2823386;127.434555
2014;5;29;18;6.52141;131.41544
2014;5;30;0;7.738011;131.9017
2014;5;30;6;8.504344;132.52061
2014;5;30;12;9.038986;146.1482
2014;5;30;18;7.8024592;155.16104
2014;5;31;0;7.6586614;150.9413
2014;5;31;6;6.7876596;142.00737
2014;5;31;12;5.1425924;142.44324
2014;5;31;18;3.6535869;132.97388
2014;6;1;0;5.153174;108.31404
2014;6;1;6;6.822977;107.170975
2014;6;1;12;7.458947;106.824326
2014;6;1;18;8.019442;110.87233
2014;6;2;0;9.501562;116.45714
2014;6;2;6;10.504682;135.72157
2014;6;2;12;10.141096;150.81433
2014;6;2;18;9.156294;148.8722
2014;6;3;0;9.469782;140.50633
2014;6;3;6;10.462459;137.35803
2014;6;3;12;9.155269;145.68858
2014;6;3;18;6.0850544;157.44339
2014;6;4;0;5.925701;162.3371
2014;6;4;6;5.998791;151.4735
2014;6;4;12;5.148663;159.07898
2014;6;4;18;3.721187;158.6243
2014;6;5;0;5.4297194;122.80429
2014;6;5;6;9.276221;134.43639
2014;6;5;12;11.236516;145.76428
2014;6;5;18;10.966174;164.97632
2014;6;6;0;10.1121435;174.3583
2014;6;6;6;10.235457;160.17772
2014;6;6;12;8.868813;198.76709
2014;6;6;18;8.834738;201.51956
2014;6;7;0;6.735366;190.22603
2014;6;7;6;5.006318;185.06633
2014;6;7;12;4.7188725;207.18149
2014;6;7;18;4.1172566;245.70811
2014;6;8;0;3.9812188;247.14868
2014;6;8;6;3.4430745;239.23372
2014;6;8;12;1.7856741;244.96445
2014;6;8;18;3.9240534;97.78909
2014;6;9;0;5.458985;134.65059
2014;6;9;6;7.317376;130.63194
2014;6;9;12;6.5316443;140.59172
2014;6;9;18;5.3148913;133.976
2014;6;10;0;7.941481;129.60226
2014;6;10;6;9.1338625;125.85185
2014;6;10;12;8.887567;133.92155
2014;6;10;18;7.5820932;138.4147
2014;6;11;0;8.255655;131.92241
2014;6;11;6;7.148851;127.6949
2014;6;11;12;6.4630165;124.864944
2014;6;11;18;6.213776;139.47034
2014;6;12;0;7.165265;146.13083
2014;6;12;6;7.841505;154.512
2014;6;12;12;6.6689205;152.73825
2014;6;12;18;4.388243;153.66208
2014;6;13;0;4.808603;128.79834
2014;6;13;6;5.8684654;122.55406
2014;6;13;12;5.106342;130.67828
2014;6;13;18;4.774687;132.85248
2014;6;14;0;5.678037;129.64322
2014;6;14;6;5.955224;126.29646
2014;6;14;12;5.508843;134.3583
2014;6;14;18;5.0500855;133.62427
2014;6;15;0;6.7052517;122.28169
2014;6;15;6;8.246848;121.52736
2014;6;15;12;7.976664;124.92619
2014;6;15;18;7.3930774;126.505905
2014;6;16;0;8.022267;127.10863
2014;6;16;6;8.609583;126.15636
2014;6;16;12;7.7180405;130.74438
2014;6;16;18;6.1684446;131.98451
2014;6;17;0;5.2010126;138.59488
2014;6;17;6;4.546677;188.02686
2014;6;17;12;3.730204;185.31235
2014;6;17;18;2.1001873;281.818
2014;6;18;0;2.2798452;168.91739
2014;6;18;6;3.9095478;122.91414
2014;6;18;12;6.705927;116.08281
2014;6;18;18;6.669793;116.882706
2014;6;19;0;7.255724;160.5187
2014;6;19;6;4.5396967;176.14299
2014;6;19;12;2.4073873;252.24725
2014;6;19;18;3.1644576;335.5232
2014;6;20;0;2.5507526;51.738586
2014;6;20;6;4.8336205;105.51257
2014;6;20;12;6.40061;115.88315
2014;6;20;18;5.8110414;133.9905
2014;6;21;0;7.30977;140.95142
2014;6;21;6;8.812941;138.76576
2014;6;21;12;8.256028;153.06064
2014;6;21;18;5.0678797;182.07999
2014;6;22;0;5.181756;162.8974
2014;6;22;6;6.135223;155.17563
2014;6;22;12;7.396536;139.97818
2014;6;22;18;7.3775163;146.18323
2014;6;23;0;9.986907;148.04547
2014;6;23;6;12.208226;150.67157
2014;6;23;12;11.57708;157.5332
2014;6;23;18;9.4582205;154.6299
2014;6;24;0;9.200068;138.85315
2014;6;24;6;8.770805;130.96823
2014;6;24;12;11.121807;149.06058
2014;6;24;18;10.289257;146.81186
2014;6;25;0;12.1420355;142.60114
2014;6;25;6;14.175414;142.0528
2014;6;25;12;16.322617;157.0032
2014;6;25;18;12.345405;161.88269
2014;6;26;0;11.563371;153.10751
2014;6;26;6;10.212;148.16808
2014;6;26;12;9.157216;130.6521
2014;6;26;18;9.095526;148.24019
2014;6;27;0;6.843763;135.28307
2014;6;27;6;7.979471;141.33975
2014;6;27;12;11.815921;153.5252
2014;6;27;18;8.065531;176.42911
2014;6;28;0;7.968987;147.29773
2014;6;28;6;10.42893;152.14984
2014;6;28;12;11.780778;152.03964
2014;6;28;18;13.174146;162.22296
2014;6;29;0;8.535647;179.5109
2014;6;29;6;4.5425897;156.93196
2014;6;29;12;5.998407;154.10884
2014;6;29;18;2.6926837;279.61136
2014;6;30;0;3.7438066;101.76492
2014;6;30;6;6.2985234;120.70116
2014;6;30;12;5.377308;123.86583
2014;6;30;18;3.8125873;105.99376
2014;7;1;0;4.8138123;106.94144
2014;7;1;6;5.1462555;102.41051
2014;7;1;12;4.5925813;92.73201
2014;7;1;18;3.2342181;15.705048
2014;7;2;0;5.086542;65.668274
2014;7;2;6;4.4358773;107.12625
2014;7;2;12;3.187761;113.036896
2014;7;2;18;0.8123443;103.66887
2014;7;3;0;3.182954;89.562744
2014;7;3;6;6.5424027;107.16025
2014;7;3;12;6.252226;117.12146
2014;7;3;18;6.1048303;123.686005
2014;7;4;0;7.6083713;132.62573
2014;7;4;6;9.072852;133.99237
2014;7;4;12;7.7405562;147.85608
2014;7;4;18;5.676214;148.79147
2014;7;5;0;7.3605576;134.01234
2014;7;5;6;9.08332;134.12706
2014;7;5;12;8.633983;146.73761
2014;7;5;18;6.266759;154.42944
2014;7;6;0;5.9818892;149.27731
2014;7;6;6;4.8395376;146.7005
2014;7;6;12;4.0570936;167.85963
2014;7;6;18;2.0733645;198.97783
2014;7;7;0;0.29211563;60.888184
2014;7;7;6;4.41878;123.52449
2014;7;7;12;8.189782;127.788345
2014;7;7;18;9.52071;142.16684
2014;7;8;0;13.255854;143.70564
2014;7;8;6;11.344432;141.60123
2014;7;8;12;9.694169;127.09598
2014;7;8;18;7.517628;121.44
2014;7;9;0;7.4269457;130.57219
2014;7;9;6;7.0984254;147.7583
2014;7;9;12;6.5189114;164.54836
2014;7;9;18;3.9940722;184.5435
2014;7;10;0;3.706192;127.173615
2014;7;10;6;2.3207245;124.84126
2014;7;10;12;2.2215893;52.035828
2014;7;10;18;2.5423687;28.080902
2014;7;11;0;5.0895367;109.625534
2014;7;11;6;7.4959555;121.69028
2014;7;11;12;8.3939;128.98586
2014;7;11;18;6.613199;140.39766
2014;7;12;0;6.517216;144.52036
2014;7;12;6;6.444401;133.34193
2014;7;12;12;5.7930307;137.1504
2014;7;12;18;5.9306703;134.6566
2014;7;13;0;6.6893525;134.26724
2014;7;13;6;5.9931602;137.65881
2014;7;13;12;4.239108;161.06335
2014;7;13;18;1.6383138;180.37892
2014;7;14;0;1.0712713;130.66396
2014;7;14;6;3.71532;118.992905
2014;7;14;12;2.0511642;134.40953
2014;7;14;18;1.4179885;254.3958
2014;7;15;0;0.65068114;359.41028
2014;7;15;6;3.3252203;149.69391
2014;7;15;12;3.785668;132.95593
2014;7;15;18;4.1708937;142.41684
2014;7;16;0;5.665137;135.4721
2014;7;16;6;5.394888;135.62091
2014;7;16;12;3.6464899;155.14145
2014;7;16;18;3.233873;262.8141
2014;7;17;0;2.8736274;277.86478
2014;7;17;6;3.0725882;252.01997
2014;7;17;12;1.0201811;117.989136
2014;7;17;18;1.5935107;244.78833
2014;7;18;0;3.2564943;118.73926
2014;7;18;6;5.3885856;109.66524
2014;7;18;12;5.8470755;122.09839
2014;7;18;18;4.4314175;114.36986
2014;7;19;0;4.956936;111.96207
2014;7;19;6;7.0835094;122.30768
2014;7;19;12;8.40376;134.21783
2014;7;19;18;7.3106227;140.51474
2014;7;20;0;8.090558;137.59415
2014;7;20;6;8.275298;133.9655
2014;7;20;12;8.160385;128.44832
2014;7;20;18;6.7849956;138.86215
2014;7;21;0;7.883823;133.47156
2014;7;21;6;8.15258;136.05472
2014;7;21;12;7.33037;137.03708
2014;7;21;18;6.1753874;131.37988
2014;7;22;0;6.873353;125.56235
2014;7;22;6;7.757897;119.90057
2014;7;22;12;8.273125;126.536194
2014;7;22;18;7.9713297;146.23282
2014;7;23;0;9.260258;141.06061
2014;7;23;6;8.040583;143.70197
2014;7;23;12;7.1126623;142.79376
2014;7;23;18;4.936829;150.40366
2014;7;24;0;5.4522276;128.45212
2014;7;24;6;4.8111215;113.13539
2014;7;24;12;4.03446;112.99638
2014;7;24;18;4.7799606;124.99271
2014;7;25;0;6.06897;125.77525
2014;7;25;6;6.4154415;138.38374
2014;7;25;12;6.010965;149.09741
2014;7;25;18;4.1674547;174.40283
2014;7;26;0;4.4144216;147.65909
2014;7;26;6;4.975387;121.7825
2014;7;26;12;6.195104;128.7028
2014;7;26;18;5.887836;124.45125
2014;7;27;0;8.091899;120.668304
2014;7;27;6;8.866465;126.64026
2014;7;27;12;8.543862;129.93741
2014;7;27;18;6.8232822;141.42757
2014;7;28;0;6.049408;150.79791
2014;7;28;6;4.8329687;161.11568
2014;7;28;12;2.4052324;221.91885
2014;7;28;18;2.1922858;274.7325
2014;7;29;0;2.292172;74.30322
2014;7;29;6;2.6767097;138.92303
2014;7;29;12;3.5276158;157.90637
2014;7;29;18;2.7490096;204.5752
2014;7;30;0;3.5375454;210.0173
2014;7;30;6;3.4515119;249.69518
2014;7;30;12;0.7840681;77.61987
2014;7;30;18;1.9550413;169.14183
2014;7;31;0;4.7437367;135.03517
2014;7;31;6;6.560153;134.28293
2014;7;31;12;5.586858;165.43698
2014;7;31;18;4.1239753;243.62338
2015;5;1;0;2.3116848;225.11797
2015;5;1;6;1.8684425;235.37637
2015;5;1;12;2.531513;170.42068
2015;5;1;18;4.2775583;172.88773
2015;5;2;0;4.391052;126.42891
2015;5;2;6;7.2084756;120.8091
2015;5;2;12;7.73357;129.44057
2015;5;2;18;4.5066137;125.232285
2015;5;3;0;7.4810414;130.16348
2015;5;3;6;9.673286;140.16919
2015;5;3;12;11.843343;169.08241
2015;5;3;18;8.93958;192.95352
2015;5;4;0;5.7404904;190.97699
2015;5;4;6;6.111095;184.64867
2015;5;4;12;7.3575044;196.6807
2015;5;4;18;6.306952;201.10643
2015;5;5;0;6.095178;150.83524
2015;5;5;6;8.330177;142.02225
2015;5;5;12;8.044745;151.40108
2015;5;5;18;7.1272054;163.69724
2015;5;6;0;6.681893;156.7021
2015;5;6;6;6.8899956;142.22008
2015;5;6;12;6.1985354;146.16837
2015;5;6;18;5.5027204;163.61267
2015;5;7;0;5.3730874;161.10834
2015;5;7;6;4.6836133;168.05244
2015;5;7;12;2.8790545;172.31053
2015;5;7;18;2.2436414;194.15018
2015;5;8;0;3.2401824;116.33292
2015;5;8;6;6.1062407;125.229675
2015;5;8;12;7.959902;118.08232
2015;5;8;18;6.598562;131.72722
2015;5;9;0;8.243585;132.09769
2015;5;9;6;7.273962;174.41833
2015;5;9;12;7.4617047;203.56616
2015;5;9;18;5.491788;224.09198
2015;5;10;0;3.558873;188.82846
2015;5;10;6;6.582321;138.7796
2015;5;10;12;8.799864;146.71797
2015;5;10;18;5.6426954;172.72136
2015;5;11;0;5.4674478;151.1798
2015;5;11;6;6.9512825;144.68219
2015;5;11;12;8.343005;153.55634
2015;5;11;18;7.079201;174.77771
2015;5;12;0;6.1619396;149.01566
2015;5;12;6;6.789041;141.90132
2015;5;12;12;6.516189;144.30939
2015;5;12;18;3.9665332;153.01443
2015;5;13;0;4.685669;144.02505
2015;5;13;6;7.6407566;142.5365
2015;5;13;12;9.184339;142.08865
2015;5;13;18;8.000066;128.82437
2015;5;14;0;9.41151;119.731766
2015;5;14;6;11.097507;110.512985
2015;5;14;12;12.148786;115.14639
2015;5;14;18;8.475033;144.4266
2015;5;15;0;7.233177;138.46902
2015;5;15;6;7.3290243;136.03311
2015;5;15;12;6.1119328;130.88869
2015;5;15;18;0.7462405;237.5321
2015;5;16;0;2.485219;35.49182
2015;5;16;6;1.6482166;345.7188
2015;5;16;12;1.7659279;264.18256
2015;5;16;18;2.866046;258.34595
2015;5;17;0;6.1606627;158.79047
2015;5;17;6;8.915885;175.94362
2015;5;17;12;9.733817;225.23453
2015;5;17;18;8.452717;227.60199
2015;5;18;0;9.655366;216.15672
2015;5;18;6;8.843852;164.8872
2015;5;18;12;11.06709;176.8333
2015;5;18;18;13.0866375;155.5812
2015;5;19;0;6.2724557;235.65292
2015;5;19;6;3.014015;279.3748
2015;5;19;12;5.947085;327.88174
2015;5;19;18;8.397507;337.01724
2015;5;20;0;5.909128;105.88226
2015;5;20;6;7.33604;76.335815
2015;5;20;12;5.857979;69.551636
2015;5;20;18;3.5471969;69.51349
2015;5;21;0;4.0430365;86.213135
2015;5;21;6;2.1788702;26.69574
2015;5;21;12;2.8857334;117.72513
2015;5;21;18;2.075978;132.13919
2015;5;22;0;9.410072;136.42763
2015;5;22;6;15.410007;152.426
2015;5;22;12;16.68077;159.03015
2015;5;22;18;14.154905;168.57538
2015;5;23;0;9.420252;165.0719
2015;5;23;6;4.0266824;183.99649
2015;5;23;12;4.10879;269.81973
2015;5;23;18;3.8876464;283.35272
2015;5;24;0;0.15259086;172.1417
2015;5;24;6;5.274936;111.99982
2015;5;24;12;6.5002413;114.996216
2015;5;24;18;8.242926;134.09479
2015;5;25;0;13.75754;151.98593
2015;5;25;6;12.161366;157.48422
2015;5;25;12;9.532222;155.85774
2015;5;25;18;6.0578656;172.07288
2015;5;26;0;3.980374;147.32817
2015;5;26;6;4.340926;135.1261
2015;5;26;12;3.4327369;122.983185
2015;5;26;18;2.4091809;125.718185
2015;5;27;0;4.2283063;130.37727
2015;5;27;6;6.718792;134.85568
2015;5;27;12;8.341936;141.73595
2015;5;27;18;7.9592295;160.6857
2015;5;28;0;5.9311395;136.02231
2015;5;28;6;6.376996;123.0726
2015;5;28;12;7.146177;108.83984
2015;5;28;18;6.159583;122.42929
2015;5;29;0;12.84364;129.90874
2015;5;29;6;18.178204;144.65295
2015;5;29;12;17.341383;143.66524
2015;5;29;18;13.0201235;132.38512
2015;5;30;0;9.219967;112.370575
2015;5;30;6;8.451315;104.414734
2015;5;30;12;8.957843;118.7912
2015;5;30;18;9.842841;124.656784
2015;5;31;0;9.004548;125.02759
2015;5;31;6;9.220235;119.07774
2015;5;31;12;8.14666;118.339615
2015;5;31;18;4.816768;122.45636
2015;6;1;0;5.645467;117.80037
2015;6;1;6;5.58859;115.607254
2015;6;1;12;4.756563;117.79971
2015;6;1;18;4.5995297;126.00346
2015;6;2;0;5.48643;118.95978
2015;6;2;6;7.138041;123.342865
2015;6;2;12;5.612759;138.11118
2015;6;2;18;4.0407143;141.8127
2015;6;3;0;4.9327846;132.52615
2015;6;3;6;5.893186;130.05049
2015;6;3;12;4.4420533;138.28905
2015;6;3;18;2.6794665;146.82385
2015;6;4;0;4.3011827;135.1943
2015;6;4;6;5.546058;123.12218
2015;6;4;12;5.624147;135.59642
2015;6;4;18;5.584583;139.37418
2015;6;5;0;8.339099;129.56984
2015;6;5;6;10.651361;134.58577
2015;6;5;12;11.954332;142.49686
2015;6;5;18;9.521343;151.89108
2015;6;6;0;8.457845;142.97952
2015;6;6;6;7.271576;142.07646
2015;6;6;12;5.486881;151.38129
2015;6;6;18;4.473823;162.12476
2015;6;7;0;5.6384106;150.92828
2015;6;7;6;7.5932784;129.05995
2015;6;7;12;9.709258;152.62888
2015;6;7;18;9.14351;148.19989
2015;6;8;0;7.5493484;170.38794
2015;6;8;6;8.422902;204.3075
2015;6;8;12;5.325475;241.52068
2015;6;8;18;6.5838137;282.39706
2015;6;9;0;5.36479;293.55243
2015;6;9;6;4.757296;303.74533
2015;6;9;12;6.50114;312.50223
2015;6;9;18;5.8744593;328.56256
2015;6;10;0;4.149452;314.4278
2015;6;10;6;1.0443894;85.85339
2015;6;10;12;2.7773273;138.44128
2015;6;10;18;4.042721;169.38562
2015;6;11;0;4.3686547;134.59102
2015;6;11;6;5.458536;134.7755
2015;6;11;12;5.1014566;133.13783
2015;6;11;18;5.751981;127.586945
2015;6;12;0;7.999549;118.0278
2015;6;12;6;9.190129;119.51532
2015;6;12;12;8.130138;128.96127
2015;6;12;18;6.082457;138.74007
2015;6;13;0;5.8770275;137.85829
2015;6;13;6;7.2629094;142.42816
2015;6;13;12;6.3520327;153.97003
2015;6;13;18;4.281415;166.76878
2015;6;14;0;5.396867;151.6659
2015;6;14;6;5.8789444;151.05487
2015;6;14;12;4.83913;169.81462
2015;6;14;18;3.400228;180.90173
2015;6;15;0;4.1778545;151.36221
2015;6;15;6;5.9605246;128.91982
2015;6;15;12;6.653399;136.49744
2015;6;15;18;8.521983;148.53488
2015;6;16;0;9.759849;149.67844
2015;6;16;6;8.382033;137.62076
2015;6;16;12;8.178885;144.92506
2015;6;16;18;3.9998035;154.20154
2015;6;17;0;3.9631617;152.97166
2015;6;17;6;5.2510886;149.17493
2015;6;17;12;6.0928364;173.27838
2015;6;17;18;4.9551125;177.15894
2015;6;18;0;6.418885;142.0375
2015;6;18;6;7.746283;141.0356
2015;6;18;12;8.91017;159.54742
2015;6;18;18;7.742434;160.62729
2015;6;19;0;6.7194943;171.4286
2015;6;19;6;4.996264;158.5836
2015;6;19;12;6.888333;142.86966
2015;6;19;18;5.8771873;145.04945
2015;6;20;0;7.039322;151.35127
2015;6;20;6;7.878263;146.70757
2015;6;20;12;8.671924;153.46564
2015;6;20;18;7.989173;161.31178
2015;6;21;0;5.351384;148.23488
2015;6;21;6;4.2584906;160.59535
2015;6;21;12;4.7786384;173.65366
2015;6;21;18;4.7473383;177.69717
2015;6;22;0;6.5268993;145.91583
2015;6;22;6;7.2403426;138.13455
2015;6;22;12;7.3508396;146.51128
2015;6;22;18;6.918109;151.37187
2015;6;23;0;6.3313594;141.35634
2015;6;23;6;7.305682;136.53049
2015;6;23;12;6.74546;147.56168
2015;6;23;18;6.522656;164.03793
2015;6;24;0;6.8147483;151.34343
2015;6;24;6;8.321352;144.73682
2015;6;24;12;6.984015;143.01204
2015;6;24;18;5.7321444;136.21161
2015;6;25;0;6.229025;118.93324
2015;6;25;6;7.83092;116.194885
2015;6;25;12;6.686334;128.38141
2015;6;25;18;5.5557666;121.56886
2015;6;26;0;7.097175;111.101
2015;6;26;6;8.602914;112.39235
2015;6;26;12;8.663565;123.74925
2015;6;26;18;7.8181067;136.81941
2015;6;27;0;7.931208;126.61557
2015;6;27;6;8.731012;128.89146
2015;6;27;12;8.202248;130.75064
2015;6;27;18;6.646444;130.31226
2015;6;28;0;6.8652167;117.45938
2015;6;28;6;7.9325123;125.51529
2015;6;28;12;7.273495;127.614685
2015;6;28;18;5.7347746;144.50943
2015;6;29;0;5.6588697;128.74408
2015;6;29;6;6.064205;123.05153
2015;6;29;12;4.8341417;111.6082
2015;6;29;18;3.690331;119.005066
2015;6;30;0;3.839802;144.2728
2015;6;30;6;4.4384766;133.02013
2015;6;30;12;4.2004404;118.33995
2015;6;30;18;3.2717812;139.3918
2015;7;1;0;4.498849;108.903
2015;7;1;6;5.2265463;102.51892
2015;7;1;12;8.026929;103.38341
2015;7;1;18;8.2249975;109.214264
2015;7;2;0;9.365878;116.93294
2015;7;2;6;9.350786;122.08838
2015;7;2;12;8.323284;123.13313
2015;7;2;18;6.3712726;123.021225
2015;7;3;0;7.775292;118.67343
2015;7;3;6;7.9959645;122.47005
2015;7;3;12;8.110792;123.61998
2015;7;3;18;6.730051;130.4676
2015;7;4;0;7.134189;124.261536
2015;7;4;6;7.4013124;118.505325
2015;7;4;12;6.8625393;121.34651
2015;7;4;18;5.7611685;125.8757
2015;7;5;0;6.6492667;133.79654
2015;7;5;6;7.3858147;140.59149
2015;7;5;12;5.9813;134.17087
2015;7;5;18;3.8526585;105.65173
2015;7;6;0;5.5410113;130.89914
2015;7;6;6;7.4890265;133.95087
2015;7;6;12;6.4464545;130.45958
2015;7;6;18;5.657214;118.378204
2015;7;7;0;6.444555;113.98311
2015;7;7;6;7.8490295;112.35625
2015;7;7;12;7.100096;127.43494
2015;7;7;18;5.4140806;148.93411
2015;7;8;0;5.4628816;127.886505
2015;7;8;6;6.2892447;114.24753
2015;7;8;12;6.3718557;113.393845
2015;7;8;18;5.9582543;123.668594
2015;7;9;0;7.353979;122.87001
2015;7;9;6;7.1440167;120.89693
2015;7;9;12;6.0607033;121.98653
2015;7;9;18;5.240826;111.00923
2015;7;10;0;8.318407;102.85864
2015;7;10;6;11.114667;111.38083
2015;7;10;12;10.51453;125.095245
2015;7;10;18;8.493654;132.3975
2015;7;11;0;8.064056;120.787186
2015;7;11;6;7.521831;111.16258
2015;7;11;12;5.688954;111.45157
2015;7;11;18;4.088308;94.984726
2015;7;12;0;4.973665;109.03819
2015;7;12;6;5.1684713;119.555435
2015;7;12;12;4.2446685;139.62085
2015;7;12;18;2.387624;111.85208
2015;7;13;0;3.9818745;136.65764
2015;7;13;6;5.4986305;132.60225
2015;7;13;12;5.564661;133.51836
2015;7;13;18;3.647567;148.32425
2015;7;14;0;4.764491;140.30237
2015;7;14;6;6.3416653;137.77922
2015;7;14;12;6.947398;135.06767
2015;7;14;18;3.1687396;153.71518
2015;7;15;0;4.5359025;114.48958
2015;7;15;6;5.47543;126.031006
2015;7;15;12;7.040338;133.1833
2015;7;15;18;6.2880754;140.12389
2015;7;16;0;6.2201786;136.08218
2015;7;16;6;6.5186176;120.06789
2015;7;16;12;6.0368943;112.76492
2015;7;16;18;5.3884435;105.22984
2015;7;17;0;8.960757;118.10852
2015;7;17;6;9.516325;128.07198
2015;7;17;12;7.4241753;130.37837
2015;7;17;18;4.936587;126.50108
2015;7;18;0;3.1938238;112.31915
2015;7;18;6;8.135249;107.98447
2015;7;18;12;8.250858;129.0002
2015;7;18;18;6.1948376;140.0725
2015;7;19;0;5.2571654;128.28566
2015;7;19;6;5.91272;112.234146
2015;7;19;12;7.6882586;109.71333
2015;7;19;18;7.8506155;100.08333
2015;7;20;0;8.138233;106.80681
2015;7;20;6;9.223755;108.542786
2015;7;20;12;8.375302;105.42819
2015;7;20;18;6.160406;115.661575
2015;7;21;0;5.503596;120.17375
2015;7;21;6;8.477695;112.43013
2015;7;21;12;9.263072;121.801926
2015;7;21;18;7.242943;138.4879
2015;7;22;0;6.266918;146.1482
2015;7;22;6;5.775562;154.5246
2015;7;22;12;3.629156;157.71268
2015;7;22;18;1.868858;251.65222
2015;7;23;0;2.1893864;306.12003
2015;7;23;6;0.98581976;294.82855
2015;7;23;12;1.3962979;291.32413
2015;7;23;18;2.0744345;323.61877
2015;7;24;0;2.326977;321.53934
2015;7;24;6;1.257868;158.3885
2015;7;24;12;3.0846007;196.74475
2015;7;24;18;3.0766416;205.55896
2015;7;25;0;3.7706194;131.53175
2015;7;25;6;4.8189626;142.34872
2015;7;25;12;3.648341;177.94861
2015;7;25;18;3.7509377;245.57545
2015;7;26;0;3.0977223;257.01105
2015;7;26;6;3.2263577;223.15245
2015;7;26;12;3.2990549;164.23775
2015;7;26;18;5.114429;133.29825
2015;7;27;0;7.114315;120.11748
2015;7;27;6;6.6394963;119.57515
2015;7;27;12;4.381705;157.6645
2015;7;27;18;2.0462966;202.86884
2015;7;28;0;1.5910062;63.286316
2015;7;28;6;4.1327305;126.95778
2015;7;28;12;4.147331;133.79486
2015;7;28;18;2.2787938;116.686966
2015;7;29;0;3.37601;117.5997
2015;7;29;6;4.471374;117.980835
2015;7;29;12;3.7987695;130.98741
2015;7;29;18;2.6429942;151.10947
2015;7;30;0;4.235003;130.31567
2015;7;30;6;5.302356;123.15857
2015;7;30;12;4.878338;127.67485
2015;7;30;18;4.3668213;134.97827
2015;7;31;0;5.639259;124.38649
2015;7;31;6;8.202795;118.76614
2015;7;31;12;7.955905;125.39151
2015;7;31;18;6.951236;124.72255
2016;5;1;0;4.9852753;111.04271
2016;5;1;6;5.3818107;112.12242
2016;5;1;12;6.104702;119.77028
2016;5;1;18;4.695152;133.6662
2016;5;2;0;6.4526763;118.819824
2016;5;2;6;8.76296;119.89369
2016;5;2;12;7.043853;123.93332
2016;5;2;18;4.2346044;139.77919
2016;5;3;0;5.143411;122.21947
2016;5;3;6;7.0923004;121.96236
2016;5;3;12;8.016913;119.863464
2016;5;3;18;6.3661957;118.89154
2016;5;4;0;6.2968755;126.02104
2016;5;4;6;7.7435274;128.86015
2016;5;4;12;7.4420958;130.73738
2016;5;4;18;6.2901382;131.79466
2016;5;5;0;6.89672;118.377014
2016;5;5;6;7.278624;110.5771
2016;5;5;12;7.2178726;116.173904
2016;5;5;18;6.004492;119.54518
2016;5;6;0;6.7719774;123.63216
2016;5;6;6;7.876584;123.78996
2016;5;6;12;7.008673;137.21829
2016;5;6;18;5.538504;149.51657
2016;5;7;0;6.1455765;152.84941
2016;5;7;6;6.7593894;143.25504
2016;5;7;12;5.983293;150.13782
2016;5;7;18;5.6078906;153.94144
2016;5;8;0;4.9846454;160.6857
2016;5;8;6;5.004384;159.12979
2016;5;8;12;10.655047;134.72478
2016;5;8;18;11.2649;169.6001
2016;5;9;0;12.511684;201.37291
2016;5;9;6;12.009888;196.29236
2016;5;9;12;9.960354;171.82855
2016;5;9;18;10.904869;163.79478
2016;5;10;0;15.411038;165.90616
2016;5;10;6;14.555386;174.32666
2016;5;10;12;9.703687;234.6948
2016;5;10;18;5.7057204;231.89362
2016;5;11;0;2.130498;155.60391
2016;5;11;6;3.5523055;141.53542
2016;5;11;12;5.443019;167.14105
2016;5;11;18;5.335115;181.39618
2016;5;12;0;7.646403;197.12259
2016;5;12;6;7.307516;206.85533
2016;5;12;12;5.5593157;201.24957
2016;5;12;18;4.2741013;164.50156
2016;5;13;0;5.6785655;131.31294
2016;5;13;6;6.123639;153.8747
2016;5;13;12;5.614112;177.48439
2016;5;13;18;5.365767;187.60327
2016;5;14;0;5.997733;170.39816
2016;5;14;6;6.814215;168.0617
2016;5;14;12;6.341774;193.8918
2016;5;14;18;6.4657683;203.91986
2016;5;15;0;5.3331413;205.184
2016;5;15;6;5.3581524;202.36447
2016;5;15;12;4.27878;217.26393
2016;5;15;18;2.9778168;221.91159
2016;5;16;0;4.962213;118.81688
2016;5;16;6;6.965253;132.21393
2016;5;16;12;6.816578;146.83276
2016;5;16;18;6.169821;174.20941
2016;5;17;0;5.345621;177.99574
2016;5;17;6;3.6213293;200.20767
2016;5;17;12;2.6739562;214.80032
2016;5;17;18;1.0963644;213.90256
2016;5;18;0;4.258058;125.72664
2016;5;18;6;6.607941;120.17569
2016;5;18;12;7.4008565;145.3425
2016;5;18;18;6.57213;174.62657
2016;5;19;0;5.522709;170.4583
2016;5;19;6;4.992173;169.129
2016;5;19;12;5.5496984;193.74063
2016;5;19;18;5.1427565;208.98799
2016;5;20;0;5.843591;136.38297
2016;5;20;6;8.018076;120.90523
2016;5;20;12;8.359462;157.9526
2016;5;20;18;6.258867;158.47906
2016;5;21;0;5.9086194;145.34941
2016;5;21;6;8.980176;145.66101
2016;5;21;12;11.416165;163.52274
2016;5;21;18;5.186662;175.01688
2016;5;22;0;7.8640156;136.57597
2016;5;22;6;8.833029;144.8075
2016;5;22;12;9.071011;156.1419
2016;5;22;18;8.046267;149.7248
2016;5;23;0;7.582293;147.82512
2016;5;23;6;8.090952;140.05188
2016;5;23;12;7.9068217;139.15245
2016;5;23;18;7.340297;130.82047
2016;5;24;0;8.5190935;128.90555
2016;5;24;6;8.703168;137.07906
2016;5;24;12;10.732961;145.62244
2016;5;24;18;9.99338;158.38733
2016;5;25;0;6.6577644;167.38336
2016;5;25;6;7.3298073;163.39178
2016;5;25;12;9.373192;142.70245
2016;5;25;18;7.7743044;235.31956
2016;5;26;0;11.278846;232.97643
2016;5;26;6;6.709319;244.07095
2016;5;26;12;4.3073773;250.91924
2016;5;26;18;5.145826;291.44986
2016;5;27;0;4.5025682;323.26276
2016;5;27;6;7.183059;309.598
2016;5;27;12;9.433139;312.00232
2016;5;27;18;10.818781;315.3776
2016;5;28;0;6.02644;293.53864
2016;5;28;6;1.3484683;98.97516
2016;5;28;12;2.6473782;122.55902
2016;5;28;18;1.6614026;118.3483
2016;5;29;0;4.823728;117.606155
2016;5;29;6;7.1844897;122.003586
2016;5;29;12;4.890218;117.66791
2016;5;29;18;1.1762741;189.78462
2016;5;30;0;2.8511684;135.29073
2016;5;30;6;6.73562;164.50952
2016;5;30;12;11.715231;156.64899
2016;5;30;18;9.805072;171.3064
2016;5;31;0;8.229098;159.13821
2016;5;31;6;9.3590975;139.15463
2016;5;31;12;7.8845806;128.94148
2016;5;31;18;3.216628;131.24626
2016;6;1;0;2.3431861;198.0102
2016;6;1;6;7.30753;205.07687
2016;6;1;12;8.072062;179.50435
2016;6;1;18;10.133813;129.68825
2016;6;2;0;10.37531;154.44354
2016;6;2;6;9.554619;146.86446
2016;6;2;12;10.986732;162.242
2016;6;2;18;10.34356;168.57848
2016;6;3;0;10.514417;160.8657
2016;6;3;6;10.644863;160.86423
2016;6;3;12;12.44462;171.17865
2016;6;3;18;13.0402155;177.50146
2016;6;4;0;4.857197;225.82446
2016;6;4;6;1.0113282;172.7731
2016;6;4;12;3.6686146;226.12604
2016;6;4;18;2.379301;219.72012
2016;6;5;0;1.9961079;185.22911
2016;6;5;6;3.8957715;170.61293
2016;6;5;12;4.873943;186.89229
2016;6;5;18;3.9166594;199.4444
2016;6;6;0;4.617227;176.07089
2016;6;6;6;5.2281923;193.4409
2016;6;6;12;5.7501636;191.32974
2016;6;6;18;2.559035;215.57513
2016;6;7;0;4.592427;136.51608
2016;6;7;6;7.4541597;143.21391
2016;6;7;12;8.029228;137.7419
2016;6;7;18;6.588875;171.31476
2016;6;8;0;5.100311;151.38599
2016;6;8;6;5.4681215;157.5265
2016;6;8;12;5.2273;150.70511
2016;6;8;18;5.150087;144.90639
2016;6;9;0;7.1782503;139.5221
2016;6;9;6;8.921918;140.17224
2016;6;9;12;9.011672;145.06369
2016;6;9;18;9.328636;145.06729
2016;6;10;0;9.260554;156.65924
2016;6;10;6;9.193499;159.56316
2016;6;10;12;8.1261635;159.85345
2016;6;10;18;6.2669983;153.32266
2016;6;11;0;6.746225;133.1507
2016;6;11;6;7.673964;141.28065
2016;6;11;12;7.1269903;144.75682
2016;6;11;18;5.1758637;153.5221
2016;6;12;0;6.301495;158.1747
2016;6;12;6;6.9392023;174.31615
2016;6;12;12;6.1669765;157.57239
2016;6;12;18;5.232222;147.17908
2016;6;13;0;5.389738;126.71478
2016;6;13;6;6.052146;115.91081
2016;6;13;12;3.875265;112.87793
2016;6;13;18;1.7834153;145.94733
2016;6;14;0;2.388641;164.52495
2016;6;14;6;4.083306;161.65744
2016;6;14;12;4.721704;161.14539
2016;6;14;18;5.231868;205.29956
2016;6;15;0;4.3787622;300.13553
2016;6;15;6;2.919262;263.5616
2016;6;15;12;2.6927435;234.37614
2016;6;15;18;3.7453086;226.45352
2016;6;16;0;2.715367;306.89508
2016;6;16;6;2.6067264;163.61444
2016;6;16;12;7.2178655;144.19676
2016;6;16;18;7.5505266;132.60147
2016;6;17;0;10.713499;136.58105
2016;6;17;6;11.53064;137.81383
2016;6;17;12;14.380096;148.41263
2016;6;17;18;11.678929;163.90617
2016;6;18;0;11.987006;154.2864
2016;6;18;6;10.709713;145.53455
2016;6;18;12;9.628134;149.4591
2016;6;18;18;9.279842;150.33154
2016;6;19;0;7.9039235;146.86636
2016;6;19;6;7.247999;129.09091
2016;6;19;12;7.4627357;137.98666
2016;6;19;18;5.966635;145.48006
2016;6;20;0;5.5982323;142.22769
2016;6;20;6;5.504583;143.4487
2016;6;20;12;4.6741776;139.52238
2016;6;20;18;1.807257;115.21295
2016;6;21;0;3.616066;127.65956
2016;6;21;6;4.014265;151.81705
2016;6;21;12;5.340707;167.48737
2016;6;21;18;4.668722;190.98439
2016;6;22;0;4.8811684;144.65247
2016;6;22;6;7.1775417;139.74043
2016;6;22;12;7.8873243;144.80594
2016;6;22;18;6.2359166;189.6467
2016;6;23;0;4.599206;182.18489
2016;6;23;6;6.031301;125.18602
2016;6;23;12;9.197936;147.17729
2016;6;23;18;6.942644;236.07089
2016;6;24;0;4.3486176;173.40723
2016;6;24;6;6.442973;153.83379
2016;6;24;12;8.251728;170.38394
2016;6;24;18;6.6968303;188.90027
2016;6;25;0;5.0019236;175.94315
2016;6;25;6;5.2328463;158.24182
2016;6;25;12;6.7827907;143.41528
2016;6;25;18;5.0630803;136.5693
2016;6;26;0;5.7837667;146.13754
2016;6;26;6;4.3618617;143.02216
2016;6;26;12;1.6043361;158.96176
2016;6;26;18;1.414092;4.1307373
2016;6;27;0;1.5217853;69.894714
2016;6;27;6;4.1143484;117.28793
2016;6;27;12;2.947397;135.83109
2016;6;27;18;1.104197;63.0195
2016;6;28;0;4.8717566;122.417435
2016;6;28;6;7.6712394;139.49283
2016;6;28;12;9.040278;146.38617
2016;6;28;18;6.5311637;121.20862
2016;6;29;0;7.0999246;113.133514
2016;6;29;6;7.9602613;126.37509
2016;6;29;12;8.629602;135.56738
2016;6;29;18;4.303724;123.60144
2016;6;30;0;2.688009;92.467255
2016;6;30;6;3.0412393;328.2155
2016;6;30;12;3.964126;342.42657
2016;6;30;18;5.5832677;324.27414
2016;7;1;0;5.256653;319.82266
2016;7;1;6;3.7557354;309.4218
2016;7;1;12;2.6380086;321.6744
2016;7;1;18;0.6077155;120.419586
2016;7;2;0;3.1876142;117.05452
2016;7;2;6;4.587872;130.81532
2016;7;2;12;4.477724;161.07312
2016;7;2;18;1.6868945;189.3729
2016;7;3;0;2.0646741;106.310425
2016;7;3;6;2.9638882;102.24544
2016;7;3;12;2.4591196;110.378494
2016;7;3;18;1.4897019;157.8541
2016;7;4;0;3.9646354;134.63701
2016;7;4;6;5.1874685;132.85889
2016;7;4;12;5.7844043;142.7818
2016;7;4;18;4.415941;159.73439
2016;7;5;0;4.484518;143.63979
2016;7;5;6;7.084177;125.76495
2016;7;5;12;7.9988723;132.97449
2016;7;5;18;9.379643;131.65517
2016;7;6;0;10.115992;132.11215
2016;7;6;6;9.994564;138.12538
2016;7;6;12;8.923825;132.6987
2016;7;6;18;7.2285867;137.92609
2016;7;7;0;6.799027;129.96075
2016;7;7;6;6.6249094;126.82761
2016;7;7;12;5.28767;126.24089
2016;7;7;18;4.1968994;121.015686
2016;7;8;0;5.596398;123.00197
2016;7;8;6;6.019379;132.21165
2016;7;8;12;5.4736567;129.0225
2016;7;8;18;4.296082;133.6237
2016;7;9;0;5.425532;138.12088
2016;7;9;6;6.6369314;153.18253
2016;7;9;12;7.3958607;159.94916
2016;7;9;18;6.5524983;154.82935
2016;7;10;0;5.39279;146.29517
2016;7;10;6;5.6315823;121.18355
2016;7;10;12;5.675102;118.458984
2016;7;10;18;5.315347;134.81287
2016;7;11;0;7.4763455;143.25392
2016;7;11;6;9.454899;128.29463
2016;7;11;12;7.8542805;131.00566
2016;7;11;18;4.8615484;134.32425
2016;7;12;0;5.025332;116.87511
2016;7;12;6;6.6535625;115.15323
2016;7;12;12;7.051293;124.40303
2016;7;12;18;5.985784;140.38985
2016;7;13;0;5.5113072;136.04178
2016;7;13;6;6.654543;130.68399
2016;7;13;12;5.5258064;144.62949
2016;7;13;18;4.5810246;125.26103
2016;7;14;0;5.2424297;125.91737
2016;7;14;6;7.494271;141.59502
2016;7;14;12;6.891318;122.701385
2016;7;14;18;5.1168375;126.73633
2016;7;15;0;5.4261675;115.7379
2016;7;15;6;6.652026;128.40948
2016;7;15;12;5.8065176;137.94017
2016;7;15;18;5.2326784;142.43127
2016;7;16;0;7.073888;140.89769
2016;7;16;6;8.228395;136.26277
2016;7;16;12;9.855344;136.42368
2016;7;16;18;9.816912;151.65836
2016;7;17;0;7.379682;152.10776
2016;7;17;6;6.6922936;137.29417
2016;7;17;12;6.6916456;136.85632
2016;7;17;18;4.7842836;163.87012
2016;7;18;0;5.1088367;149.43802
2016;7;18;6;4.6831512;160.94925
2016;7;18;12;5.2848787;151.77586
2016;7;18;18;4.9327016;164.8793
2016;7;19;0;5.255732;144.31091
2016;7;19;6;6.3954525;135.35837
2016;7;19;12;5.1184826;141.51657
2016;7;19;18;3.4128027;166.94736
2016;7;20;0;3.851352;172.57396
2016;7;20;6;4.5520377;161.77502
2016;7;20;12;4.9117823;132.40143
2016;7;20;18;4.4276214;108.39967
2016;7;21;0;6.859644;88.813934
2016;7;21;6;10.115774;100.99396
2016;7;21;12;10.268971;124.82834
2016;7;21;18;8.515129;145.2485
2016;7;22;0;8.338413;136.40547
2016;7;22;6;8.415177;137.4811
2016;7;22;12;7.446448;141.38867
2016;7;22;18;5.297395;140.80328
2016;7;23;0;5.3557158;105.94594
2016;7;23;6;6.7565274;104.93103
2016;7;23;12;6.3939543;114.47821
2016;7;23;18;5.285985;131.49213
2016;7;24;0;6.305636;125.9691
2016;7;24;6;7.168418;125.8468
2016;7;24;12;7.366196;129.51505
2016;7;24;18;7.2385244;133.09283
2016;7;25;0;8.223801;136.17609
2016;7;25;6;8.105811;137.95029
2016;7;25;12;6.854646;137.54257
2016;7;25;18;4.3330426;141.975
2016;7;26;0;5.3110523;124.44037
2016;7;26;6;5.933079;121.27927
2016;7;26;12;5.833832;120.3537
2016;7;26;18;5.5970707;123.77461
2016;7;27;0;6.6747975;119.45343
2016;7;27;6;7.2780657;120.458664
2016;7;27;12;6.323449;124.3282
2016;7;27;18;4.919983;132.04207
2016;7;28;0;5.674106;118.37573
2016;7;28;6;5.968987;119.08081
2016;7;28;12;4.946676;118.63614
2016;7;28;18;3.2940497;128.09819
2016;7;29;0;4.4545074;130.69624
2016;7;29;6;5.6789703;129.3521
2016;7;29;12;5.145559;139.7782
2016;7;29;18;3.8716984;157.48459
2016;7;30;0;4.961889;140.89275
2016;7;30;6;5.248726;131.77689
2016;7;30;12;4.827966;139.52977
2016;7;30;18;4.110119;139.32649
2016;7;31;0;5.41733;129.22142
2016;7;31;6;5.7780137;125.2392
2016;7;31;12;5.631293;130.25418
2016;7;31;18;4.3296885;139.77562
2017;5;1;0;13.890505;127.53926
2017;5;1;6;12.559776;132.24133
2017;5;1;12;8.448338;120.84013
2017;5;1;18;9.409887;128.62405
2017;5;2;0;10.49915;113.127075
2017;5;2;6;12.907508;120.31824
2017;5;2;12;11.511441;139.26186
2017;5;2;18;8.053351;138.71536
2017;5;3;0;7.7023807;135.66714
2017;5;3;6;7.716086;147.04677
2017;5;3;12;7.2183385;161.7171
2017;5;3;18;7.103779;171.5434
2017;5;4;0;17.15893;155.88736
2017;5;4;6;14.238444;156.17017
2017;5;4;12;12.4158535;158.88463
2017;5;4;18;12.496082;161.53491
2017;5;5;0;12.367231;155.9779
2017;5;5;6;12.249965;160.64493
2017;5;5;12;10.510025;161.47943
2017;5;5;18;10.563652;159.98697
2017;5;6;0;8.144689;136.6559
2017;5;6;6;10.118478;144.45824
2017;5;6;12;9.280454;145.0776
2017;5;6;18;5.961734;162.97339
2017;5;7;0;6.5941963;146.00209
2017;5;7;6;6.958363;143.25336
2017;5;7;12;6.035487;163.34421
2017;5;7;18;5.583364;166.48074
2017;5;8;0;6.469681;180.63838
2017;5;8;6;6.955447;166.07796
2017;5;8;12;7.172327;185.61603
2017;5;8;18;8.629297;206.37708
2017;5;9;0;10.821787;217.31877
2017;5;9;6;9.137908;233.84537
2017;5;9;12;7.2321754;290.33347
2017;5;9;18;5.317089;323.5858
2017;5;10;0;4.7304306;45.65387
2017;5;10;6;8.268037;97.09418
2017;5;10;12;6.6720586;120.557785
2017;5;10;18;6.534998;105.203156
2017;5;11;0;7.1557655;119.18547
2017;5;11;6;6.130612;129.03899
2017;5;11;12;2.7388713;176.59811
2017;5;11;18;3.2181976;298.52686
2017;5;12;0;2.3337817;307.38623
2017;5;12;6;1.9876915;164.2339
2017;5;12;12;4.103011;139.40245
2017;5;12;18;2.2933967;202.12991
2017;5;13;0;2.1408012;109.879456
2017;5;13;6;5.7478595;130.53705
2017;5;13;12;7.980484;135.8915
2017;5;13;18;5.438714;111.78801
2017;5;14;0;6.320572;114.63568
2017;5;14;6;8.192801;115.478745
2017;5;14;12;5.994625;141.80684
2017;5;14;18;5.7717824;132.95514
2017;5;15;0;7.3491874;115.862686
2017;5;15;6;7.1862364;117.63417
2017;5;15;12;6.2871175;135.46515
2017;5;15;18;5.293922;143.57967
2017;5;16;0;6.0796185;147.4024
2017;5;16;6;6.052642;141.19125
2017;5;16;12;5.3195066;134.42766
2017;5;16;18;4.700385;127.37869
2017;5;17;0;5.960907;122.37796
2017;5;17;6;6.79262;130.3247
2017;5;17;12;7.177168;133.88426
2017;5;17;18;6.9055743;153.79863
2017;5;18;0;7.9280767;146.363
2017;5;18;6;10.208312;140.83238
2017;5;18;12;10.2291565;165.65172
2017;5;18;18;11.508648;163.7234
2017;5;19;0;14.048543;171.79163
2017;5;19;6;10.375732;162.00983
2017;5;19;12;11.123122;158.1326
2017;5;19;18;12.202275;180.51068
2017;5;20;0;10.062803;164.55452
2017;5;20;6;10.663102;169.8486
2017;5;20;12;9.783353;186.33734
2017;5;20;18;7.9887223;188.89877
2017;5;21;0;7.471304;201.89915
2017;5;21;6;4.09234;209.0729
2017;5;21;12;5.381978;205.08926
2017;5;21;18;3.819872;219.1312
2017;5;22;0;4.4580536;154.86987
2017;5;22;6;6.4892907;127.16678
2017;5;22;12;7.7933884;163.40315
2017;5;22;18;5.088349;195.79207
2017;5;23;0;5.9242697;170.50345
2017;5;23;6;6.0095706;164.24507
2017;5;23;12;6.9322543;156.21555
2017;5;23;18;4.458136;143.58768
2017;5;24;0;5.8568025;117.68489
2017;5;24;6;6.2638845;134.11836
2017;5;24;12;6.2091513;139.32314
2017;5;24;18;4.276402;166.64238
2017;5;25;0;5.122346;131.25555
2017;5;25;6;5.4089785;134.11975
2017;5;25;12;4.374349;131.4718
2017;5;25;18;3.0420778;104.908844
2017;5;26;0;5.086701;112.942566
2017;5;26;6;7.5358577;116.426636
2017;5;26;12;8.261603;130.31516
2017;5;26;18;6.312927;133.00797
2017;5;27;0;7.396106;125.81712
2017;5;27;6;7.509625;127.74687
2017;5;27;12;6.117161;138.26349
2017;5;27;18;4.9167743;140.896
2017;5;28;0;5.90487;141.5599
2017;5;28;6;7.305569;152.13997
2017;5;28;12;7.8262663;160.90747
2017;5;28;18;6.9719257;179.86021
2017;5;29;0;5.70171;169.03021
2017;5;29;6;7.3311644;167.54292
2017;5;29;12;7.9974537;167.23154
2017;5;29;18;6.8561897;167.49109
2017;5;30;0;5.3132253;152.31396
2017;5;30;6;4.7858515;139.10457
2017;5;30;12;3.8988435;129.33163
2017;5;30;18;2.8752658;136.36821
2017;5;31;0;6.051447;128.19818
2017;5;31;6;6.517386;135.52202
2017;5;31;12;5.4178;120.83331
2017;5;31;18;3.9744337;128.78082
2017;6;1;0;6.0348525;131.36392
2017;6;1;6;5.551751;130.84679
2017;6;1;12;4.695392;127.10852
2017;6;1;18;3.4269776;120.84038
2017;6;2;0;5.7087016;100.826584
2017;6;2;6;8.464902;108.34709
2017;6;2;12;8.077129;113.3857
2017;6;2;18;6.180702;132.55832
2017;6;3;0;6.600753;141.74443
2017;6;3;6;6.468807;130.52853
2017;6;3;12;4.9176655;131.81493
2017;6;3;18;3.2389574;147.5814
2017;6;4;0;3.8665328;145.58716
2017;6;4;6;4.3254356;125.3076
2017;6;4;12;3.865315;126.58049
2017;6;4;18;4.0755057;124.087814
2017;6;5;0;6.5479436;126.95647
2017;6;5;6;8.583244;138.56621
2017;6;5;12;7.7996483;150.18716
2017;6;5;18;5.6386223;145.52113
2017;6;6;0;6.641514;131.46161
2017;6;6;6;7.383054;131.45976
2017;6;6;12;5.536673;127.655426
2017;6;6;18;4.58031;126.53427
2017;6;7;0;5.3365192;123.65579
2017;6;7;6;6.551625;123.82756
2017;6;7;12;5.8574123;141.51451
2017;6;7;18;3.7322795;136.6281
2017;6;8;0;4.662093;122.92464
2017;6;8;6;4.8246007;132.05225
2017;6;8;12;4.1629133;144.99168
2017;6;8;18;2.405648;176.39706
2017;6;9;0;3.7381406;147.79512
2017;6;9;6;3.4962626;178.20297
2017;6;9;12;4.914099;194.89777
2017;6;9;18;4.3404813;227.48375
2017;6;10;0;5.1659803;130.31012
2017;6;10;6;7.465799;140.21748
2017;6;10;12;8.160503;146.7618
2017;6;10;18;8.737216;142.21313
2017;6;11;0;10.5472;145.50137
2017;6;11;6;9.549651;150.0358
2017;6;11;12;8.332492;151.07977
2017;6;11;18;7.203742;155.35626
2017;6;12;0;6.9218984;143.43811
2017;6;12;6;7.3642583;132.8392
2017;6;12;12;7.403513;124.29852
2017;6;12;18;6.323746;127.54553
2017;6;13;0;6.9029446;117.51019
2017;6;13;6;8.511661;114.108185
2017;6;13;12;7.6715393;124.328064
2017;6;13;18;6.5639553;133.93282
2017;6;14;0;5.815971;130.96892
2017;6;14;6;6.7923846;116.74672
2017;6;14;12;7.654869;117.69458
2017;6;14;18;7.1833954;121.93939
2017;6;15;0;8.207367;128.10072
2017;6;15;6;7.8391614;136.14494
2017;6;15;12;6.2237196;126.04115
2017;6;15;18;4.7128377;132.91226
2017;6;16;0;6.014874;126.2982
2017;6;16;6;6.9774027;129.14891
2017;6;16;12;6.771934;137.31676
2017;6;16;18;5.8264728;143.77478
2017;6;17;0;5.4892755;142.04167
2017;6;17;6;5.631214;141.99495
2017;6;17;12;4.6371922;162.19672
2017;6;17;18;3.7388804;203.27513
2017;6;18;0;3.7010944;241.81654
2017;6;18;6;4.1830797;209.47247
2017;6;18;12;4.1268654;184.2496
2017;6;18;18;4.5356326;181.40152
2017;6;19;0;4.6088276;135.3566
2017;6;19;6;7.291775;117.116196
2017;6;19;12;9.716165;144.6369
2017;6;19;18;9.52948;158.5191
2017;6;20;0;6.1356263;151.45981
2017;6;20;6;5.7609286;130.66985
2017;6;20;12;3.5972283;119.27759
2017;6;20;18;2.2672818;17.427551
2017;6;21;0;3.604266;28.849854
2017;6;21;6;4.242809;103.91887
2017;6;21;12;6.858799;125.463715
2017;6;21;18;5.3658657;134.41483
2017;6;22;0;4.8268776;118.17061
2017;6;22;6;5.499588;117.01967
2017;6;22;12;4.540086;137.34233
2017;6;22;18;1.8671464;165.76074
2017;6;23;0;0.6340482;224.93039
2017;6;23;6;2.3585243;202.30627
2017;6;23;12;2.2978082;156.89084
2017;6;23;18;1.2788893;229.68205
2017;6;24;0;2.637933;178.10023
2017;6;24;6;4.577237;144.96686
2017;6;24;12;6.7567983;138.40796
2017;6;24;18;5.6803975;148.78262
2017;6;25;0;5.767118;141.19495
2017;6;25;6;7.317394;132.75443
2017;6;25;12;7.0339227;133.64172
2017;6;25;18;6.905523;133.00252
2017;6;26;0;8.388326;138.203
2017;6;26;6;8.676712;134.35965
2017;6;26;12;7.247409;149.48758
2017;6;26;18;4.820683;154.92357
2017;6;27;0;5.5207195;122.746155
2017;6;27;6;5.868699;124.91905
2017;6;27;12;5.5349503;115.10335
2017;6;27;18;4.9121947;117.20892
2017;6;28;0;5.8715925;117.853836
2017;6;28;6;6.5700703;127.71994
2017;6;28;12;5.4432774;125.20883
2017;6;28;18;2.750396;127.26904
2017;6;29;0;2.2879252;96.178604
2017;6;29;6;3.6405525;130.34964
2017;6;29;12;1.7812184;114.83391
2017;6;29;18;2.5343008;335.1063
2017;6;30;0;1.9179654;19.495209
2017;6;30;6;1.8907417;166.59512
2017;6;30;12;2.2616515;185.4523
2017;6;30;18;5.4545126;222.48158
2017;7;1;0;3.9233267;237.72821
2017;7;1;6;5.884493;186.49182
2017;7;1;12;12.8341255;188.98126
2017;7;1;18;5.074406;251.14499
2017;7;2;0;3.1056538;276.90164
2017;7;2;6;4.777166;207.92288
2017;7;2;12;5.367621;231.84227
2017;7;2;18;5.176437;250.0454
2017;7;3;0;3.6687002;189.0004
2017;7;3;6;3.1174824;203.47478
2017;7;3;12;5.9452376;197.83786
2017;7;3;18;6.5403447;186.957
2017;7;4;0;8.619847;144.10175
2017;7;4;6;4.8391237;166.15372
2017;7;4;12;10.062406;166.8588
2017;7;4;18;14.274962;149.74664
2017;7;5;0;15.044619;154.79877
2017;7;5;6;12.829084;159.15558
2017;7;5;12;7.7726483;175.95291
2017;7;5;18;5.42752;159.37332
2017;7;6;0;3.400917;109.19978
2017;7;6;6;5.8868403;129.02095
2017;7;6;12;7.1143484;137.88649
2017;7;6;18;4.518852;128.76738
2017;7;7;0;7.0073466;125.107834
2017;7;7;6;8.667105;129.59027
2017;7;7;12;8.009171;138.1564
2017;7;7;18;7.122041;141.6968
2017;7;8;0;8.309861;139.4876
2017;7;8;6;9.744601;140.08879
2017;7;8;12;7.198787;164.1727
2017;7;8;18;3.5756123;181.45642
2017;7;9;0;2.9065092;199.92673
2017;7;9;6;4.5971823;128.60233
2017;7;9;12;4.261632;127.95227
2017;7;9;18;1.0226865;30.354767
2017;7;10;0;1.8685355;358.86642
2017;7;10;6;2.2176354;167.06221
2017;7;10;12;4.7917566;147.08899
2017;7;10;18;4.6926823;139.9344
2017;7;11;0;5.7019186;131.60648
2017;7;11;6;6.586679;128.26463
2017;7;11;12;6.6930428;129.2777
2017;7;11;18;5.9729614;136.02277
2017;7;12;0;6.997836;130.80795
2017;7;12;6;6.540968;139.43681
2017;7;12;12;5.312244;145.6907
2017;7;12;18;3.6203063;152.67906
2017;7;13;0;6.092836;116.0529
2017;7;13;6;9.0733385;120.46562
2017;7;13;12;10.677246;131.33844
2017;7;13;18;10.138414;140.81113
2017;7;14;0;10.563975;134.2905
2017;7;14;6;10.288827;125.78645
2017;7;14;12;9.447097;130.14856
2017;7;14;18;8.079595;136.07655
2017;7;15;0;8.589892;123.8419
2017;7;15;6;8.157573;125.78467
2017;7;15;12;5.4668365;130.67026
2017;7;15;18;4.2208033;146.98848
2017;7;16;0;7.7274604;140.46254
2017;7;16;6;10.809985;137.01428
2017;7;16;12;13.328703;147.30026
2017;7;16;18;4.9278474;202.69821
2017;7;17;0;2.7925844;257.6034
2017;7;17;6;4.408655;337.24768
2017;7;17;12;3.989396;356.99707
2017;7;17;18;6.5476584;326.68942
2017;7;18;0;5.348988;323.77905
2017;7;18;6;2.9934525;278.25504
2017;7;18;12;6.425099;142.24606
2017;7;18;18;8.629942;144.36234
2017;7;19;0;12.179573;141.50507
2017;7;19;6;14.063397;156.61577
2017;7;19;12;9.854781;162.39697
2017;7;19;18;9.259851;194.15256
2017;7;20;0;6.5757685;193.40936
2017;7;20;6;4.8175197;237.88023
2017;7;20;12;5.7382116;285.81998
2017;7;20;18;4.8475046;282.07178
2017;7;21;0;1.6085117;253.49078
2017;7;21;6;5.0966597;115.19484
2017;7;21;12;8.951448;116.71756
2017;7;21;18;8.111891;119.77263
2017;7;22;0;8.839672;121.96915
2017;7;22;6;7.79336;125.52548
2017;7;22;12;7.553403;122.08284
2017;7;22;18;4.182424;128.11278
2017;7;23;0;5.0837874;161.70863
2017;7;23;6;7.0655823;139.37068
2017;7;23;12;9.517038;134.48892
2017;7;23;18;9.908156;141.42216
2017;7;24;0;10.354204;143.2706
2017;7;24;6;9.207834;131.81706
2017;7;24;12;9.576144;119.26965
2017;7;24;18;13.1113;136.4462
2017;7;25;0;12.99853;138.8397
2017;7;25;6;10.735068;122.33452
2017;7;25;12;9.910666;130.3032
2017;7;25;18;6.761737;130.87756
2017;7;26;0;5.308779;144.64107
2017;7;26;6;5.933976;131.4235
2017;7;26;12;7.7203054;145.93912
2017;7;26;18;6.348746;120.53757
2017;7;27;0;7.24361;142.73306
2017;7;27;6;6.6279325;136.22392
2017;7;27;12;6.42932;126.9899
2017;7;27;18;5.398577;124.33034
2017;7;28;0;6.236274;115.173065
2017;7;28;6;6.562895;114.46591
2017;7;28;12;6.558184;120.70044
2017;7;28;18;5.8064036;125.8409
2017;7;29;0;7.3357925;123.19209
2017;7;29;6;7.2523904;128.95137
2017;7;29;12;5.843595;139.70282
2017;7;29;18;2.68426;148.04501
2017;7;30;0;2.598841;113.813934
2017;7;30;6;4.4702754;101.9736
2017;7;30;12;5.535087;118.52487
2017;7;30;18;6.0000873;127.18404
2017;7;31;0;7.975416;129.84322
2017;7;31;6;7.99604;135.19783
2017;7;31;12;6.4019003;144.92949
2017;7;31;18;4.6225834;149.46234
2018;5;1;0;8.413234;127.78429
2018;5;1;6;7.5140224;136.71336
2018;5;1;12;6.109954;159.30304
2018;5;1;18;7.6630516;259.00378
2018;5;2;0;4.5008426;262.59106
2018;5;2;6;5.067551;262.50052
2018;5;2;12;5.5647693;291.75073
2018;5;2;18;4.689911;321.38327
2018;5;3;0;4.9856997;335.9325
2018;5;3;6;3.6341605;358.41263
2018;5;3;12;6.3416905;348.7732
2018;5;3;18;9.727774;327.0306
2018;5;4;0;8.332789;315.66318
2018;5;4;6;5.8802757;299.17505
2018;5;4;12;4.0901756;285.02298
2018;5;4;18;3.878796;257.99994
2018;5;5;0;3.1531148;182.60379
2018;5;5;6;4.396627;167.73769
2018;5;5;12;7.029842;162.3688
2018;5;5;18;4.50892;258.94666
2018;5;6;0;3.3172352;234.94077
2018;5;6;6;2.904996;222.79126
2018;5;6;12;1.8064728;264.85934
2018;5;6;18;2.7589524;295.301
2018;5;7;0;3.778961;121.689316
2018;5;7;6;5.6842313;128.20306
2018;5;7;12;5.528774;134.5583
2018;5;7;18;4.8951073;137.05348
2018;5;8;0;5.85678;132.28706
2018;5;8;6;6.7336783;134.92618
2018;5;8;12;6.1366568;135.72574
2018;5;8;18;4.744176;139.19496
2018;5;9;0;5.2840366;123.16585
2018;5;9;6;5.9956384;110.537964
2018;5;9;12;5.8411975;123.78195
2018;5;9;18;4.5392227;128.55878
2018;5;10;0;6.5791736;137.55377
2018;5;10;6;7.4127855;116.50546
2018;5;10;12;6.045254;127.41507
2018;5;10;18;4.7883534;113.487854
2018;5;11;0;7.217129;114.09061
2018;5;11;6;7.4561677;132.15848
2018;5;11;12;9.317398;149.17805
2018;5;11;18;10.665971;173.45514
2018;5;12;0;16.19117;159.95789
2018;5;12;6;16.636106;163.93073
2018;5;12;12;18.023304;148.04034
2018;5;12;18;17.00562;152.18533
2018;5;13;0;15.465036;145.13438
2018;5;13;6;11.627768;136.69742
2018;5;13;12;13.864218;122.13017
2018;5;13;18;10.761871;131.80832
2018;5;14;0;10.669262;118.216354
2018;5;14;6;12.172418;115.81375
2018;5;14;12;12.06641;111.15697
2018;5;14;18;9.560798;115.69432
2018;5;15;0;4.828029;127.02928
2018;5;15;6;4.86076;143.2208
2018;5;15;12;4.6514645;143.68492
2018;5;15;18;4.3928733;157.36658
2018;5;16;0;7.222847;136.21213
2018;5;16;6;9.161894;141.82544
2018;5;16;12;9.129793;147.37459
2018;5;16;18;12.780739;137.97308
2018;5;17;0;14.624628;137.85579
2018;5;17;6;17.619282;142.90399
2018;5;17;12;17.254324;122.291016
2018;5;17;18;14.486317;116.019455
2018;5;18;0;7.1006923;87.19159
2018;5;18;6;11.522035;94.04823
2018;5;18;12;8.307864;95.50868
2018;5;18;18;4.270781;147.59796
2018;5;19;0;6.318587;109.426895
2018;5;19;6;6.0150294;134.48619
2018;5;19;12;3.9664028;126.20328
2018;5;19;18;2.2950568;96.04228
2018;5;20;0;3.2345545;94.81575
2018;5;20;6;4.169552;99.08302
2018;5;20;12;4.2476254;108.24872
2018;5;20;18;1.3674495;95.482254
2018;5;21;0;3.3573623;126.45613
2018;5;21;6;7.2721405;130.93628
2018;5;21;12;9.198697;145.19255
2018;5;21;18;7.936174;148.33707
2018;5;22;0;8.714909;118.66394
2018;5;22;6;10.1855755;114.47313
2018;5;22;12;11.371246;112.816986
2018;5;22;18;9.421588;107.46567
2018;5;23;0;9.583498;114.63255
2018;5;23;6;9.7172785;113.80786
2018;5;23;12;8.90491;128.37175
2018;5;23;18;5.9596615;134.41667
2018;5;24;0;5.141408;124.707794
2018;5;24;6;6.247582;144.2588
2018;5;24;12;7.656569;171.51317
2018;5;24;18;5.187612;173.59317
2018;5;25;0;5.7271557;153.09253
2018;5;25;6;6.2853317;140.94572
2018;5;25;12;7.5971932;119.897446
2018;5;25;18;9.224758;121.40213
2018;5;26;0;13.027868;137.31625
2018;5;26;6;11.74775;124.9073
2018;5;26;12;7.620231;150.43
2018;5;26;18;3.4062955;192.51443
2018;5;27;0;4.2904663;190.97742
2018;5;27;6;4.5325007;224.2256
2018;5;27;12;2.8501747;198.71124
2018;5;27;18;2.510354;132.16785
2018;5;28;0;4.619286;112.63298
2018;5;28;6;4.1360593;154.86325
2018;5;28;12;4.972723;136.90111
2018;5;28;18;6.3949842;143.23764
2018;5;29;0;10.156676;131.29285
2018;5;29;6;12.515469;138.9295
2018;5;29;12;12.147637;149.77567
2018;5;29;18;9.533954;145.02917
2018;5;30;0;10.210914;137.93066
2018;5;30;6;11.013303;136.1657
2018;5;30;12;10.6985855;154.31546
2018;5;30;18;10.29395;156.6987
2018;5;31;0;11.873532;157.48477
2018;5;31;6;9.690928;186.15724
2018;5;31;12;11.367119;183.54968
2018;5;31;18;10.637359;188.28516
2018;6;1;0;10.342113;174.80194
2018;6;1;6;11.507363;185.93105
2018;6;1;12;11.448518;183.36209
2018;6;1;18;8.762475;198.81815
2018;6;2;0;8.119448;184.79538
2018;6;2;6;7.990935;194.80838
2018;6;2;12;9.131488;231.06067
2018;6;2;18;6.199872;204.56622
2018;6;3;0;4.8452554;170.24417
2018;6;3;6;4.1072364;181.55228
2018;6;3;12;6.3727345;206.66653
2018;6;3;18;5.7717314;214.4188
2018;6;4;0;3.8973389;161.35287
2018;6;4;6;10.607409;189.17859
2018;6;4;12;7.5796986;182.60371
2018;6;4;18;9.88029;183.06293
2018;6;5;0;11.037441;162.23518
2018;6;5;6;11.99241;153.91661
2018;6;5;12;11.80504;164.74973
2018;6;5;18;10.226601;159.08478
2018;6;6;0;11.437535;144.86041
2018;6;6;6;11.827039;139.70035
2018;6;6;12;12.149678;143.80414
2018;6;6;18;12.314077;132.87126
2018;6;7;0;12.586592;142.69702
2018;6;7;6;11.841061;149.80527
2018;6;7;12;8.7698965;166.59967
2018;6;7;18;5.875498;205.76645
2018;6;8;0;2.851303;185.80043
2018;6;8;6;3.762204;234.3049
2018;6;8;12;3.155613;210.30579
2018;6;8;18;1.380439;217.27225
2018;6;9;0;3.1751275;101.82872
2018;6;9;6;4.85436;105.572525
2018;6;9;12;4.848691;113.03929
2018;6;9;18;2.5242188;147.79929
2018;6;10;0;4.1345425;148.50652
2018;6;10;6;4.2033486;151.479
2018;6;10;12;3.2947056;156.02177
2018;6;10;18;0.49233425;124.9476
2018;6;11;0;3.5940547;114.98163
2018;6;11;6;4.8724995;127.37862
2018;6;11;12;7.0924106;142.7312
2018;6;11;18;5.54862;155.98965
2018;6;12;0;6.088925;159.1695
2018;6;12;6;5.4986396;144.73387
2018;6;12;12;5.3399086;137.19989
2018;6;12;18;2.806413;162.87633
2018;6;13;0;3.755142;102.004
2018;6;13;6;3.599936;141.23163
2018;6;13;12;2.9840167;134.06975
2018;6;13;18;2.0339527;229.79169
2018;6;14;0;2.9594977;173.0097
2018;6;14;6;5.548175;143.43245
2018;6;14;12;8.648718;146.61035
2018;6;14;18;10.292939;152.93452
2018;6;15;0;9.678433;146.48557
2018;6;15;6;7.257783;147.19772
2018;6;15;12;5.625029;148.70834
2018;6;15;18;1.9577922;159.00838
2018;6;16;0;3.0098033;120.307556
2018;6;16;6;3.6993253;139.25648
2018;6;16;12;3.3935037;127.833786
2018;6;16;18;2.1346295;190.11523
2018;6;17;0;3.5756881;120.47899
2018;6;17;6;3.3817153;116.80376
2018;6;17;12;3.8111172;119.176285
2018;6;17;18;0.9584293;242.65837
2018;6;18;0;0.7709075;77.61511
2018;6;18;6;3.5283926;123.93735
2018;6;18;12;4.2454453;128.80972
2018;6;18;18;3.75783;134.25879
2018;6;19;0;5.389717;117.74695
2018;6;19;6;7.307663;120.95329
2018;6;19;12;7.368892;132.13852
2018;6;19;18;7.9150434;136.99529
2018;6;20;0;8.675379;134.0852
2018;6;20;6;10.256082;133.28215
2018;6;20;12;11.184635;133.88452
2018;6;20;18;13.548006;140.41602
2018;6;21;0;15.236614;147.52927
2018;6;21;6;12.485284;150.53305
2018;6;21;12;9.580487;151.49973
2018;6;21;18;7.8577595;169.04506
2018;6;22;0;5.7482758;163.5985
2018;6;22;6;4.7923384;179.63724
2018;6;22;12;5.604502;202.80423
2018;6;22;18;5.19798;150.46196
2018;6;23;0;7.967073;123.090805
2018;6;23;6;8.616867;141.26906
2018;6;23;12;6.6163883;145.4512
2018;6;23;18;2.932395;177.07169
2018;6;24;0;1.2159045;304.03796
2018;6;24;6;2.0997334;84.135254
2018;6;24;12;1.2578292;47.825623
2018;6;24;18;0.86884826;356.78857
2018;6;25;0;3.2741141;46.357544
2018;6;25;6;1.7053915;137.45538
2018;6;25;12;1.3814337;225.469
2018;6;25;18;4.4671693;289.55466
2018;6;26;0;0.5958004;195.51317
2018;6;26;6;3.919228;155.48
2018;6;26;12;4.8150043;143.67206
2018;6;26;18;4.1324353;118.3461
2018;6;27;0;5.167349;131.29224
2018;6;27;6;6.467571;139.65154
2018;6;27;12;7.728128;137.3022
2018;6;27;18;6.779149;136.99892
2018;6;28;0;9.265959;121.77629
2018;6;28;6;12.279321;122.160446
2018;6;28;12;13.9978285;124.284134
2018;6;28;18;10.420494;139.89578
2018;6;29;0;10.265185;150.2395
2018;6;29;6;8.397278;147.24852
2018;6;29;12;7.071856;160.36377
2018;6;29;18;3.8549569;187.67728
2018;6;30;0;2.1460352;190.65369
2018;6;30;6;2.9330285;142.73666
2018;6;30;12;7.534495;135.6331
2018;6;30;18;11.820885;144.77682
2018;7;1;0;15.888624;159.73512
2018;7;1;6;7.5708427;205.76834
2018;7;1;12;5.6943626;176.56781
2018;7;1;18;1.735821;192.91425
2018;7;2;0;2.6533868;83.074036
2018;7;2;6;3.835255;120.908585
2018;7;2;12;1.2640089;115.23706
2018;7;2;18;2.444788;260.9711
2018;7;3;0;1.8426434;234.99524
2018;7;3;6;1.7642848;187.89062
2018;7;3;12;6.1272244;176.29344
2018;7;3;18;5.1145253;186.4094
2018;7;4;0;6.347606;150.27905
2018;7;4;6;7.3105683;136.64394
2018;7;4;12;9.382485;147.49649
2018;7;4;18;9.737331;152.1755
2018;7;5;0;10.902998;158.39255
2018;7;5;6;9.403167;161.97112
2018;7;5;12;8.264463;167.1431
2018;7;5;18;6.132289;178.11761
2018;7;6;0;3.875804;160.90143
2018;7;6;6;4.235311;149.3551
2018;7;6;12;3.935038;170.51816
2018;7;6;18;3.848621;245.14084
2018;7;7;0;0.5106007;140.16284
2018;7;7;6;3.2439082;128.55737
2018;7;7;12;6.739828;144.81358
2018;7;7;18;5.7811017;145.16682
2018;7;8;0;8.595957;152.9432
2018;7;8;6;8.926208;158.89723
2018;7;8;12;8.590359;159.26831
2018;7;8;18;7.3742433;165.7663
2018;7;9;0;4.9392633;160.5069
2018;7;9;6;3.5465817;259.9557
2018;7;9;12;6.35072;256.92752
2018;7;9;18;4.210676;266.19745
2018;7;10;0;1.6989393;127.6629
2018;7;10;6;2.5570407;146.12646
2018;7;10;12;5.093964;118.99475
2018;7;10;18;4.506355;139.60294
2018;7;11;0;6.561419;149.42677
2018;7;11;6;5.2732263;177.79837
2018;7;11;12;5.1549916;180.40549
2018;7;11;18;4.2095766;192.73056
2018;7;12;0;5.8830733;139.50635
2018;7;12;6;6.3136315;158.1239
2018;7;12;12;5.5214405;183.09521
2018;7;12;18;4.4504676;315.80106
2018;7;13;0;3.5370066;354.10706
2018;7;13;6;2.736227;17.230835
2018;7;13;12;0.99314076;72.403625
2018;7;13;18;1.7941521;252.07611
2018;7;14;0;4.0171156;169.72134
2018;7;14;6;4.455499;186.45724
2018;7;14;12;6.817158;201.80045
2018;7;14;18;5.8470354;226.04556
2018;7;15;0;3.494622;228.20374
2018;7;15;6;2.8390183;204.46
2018;7;15;12;3.793264;192.41414
2018;7;15;18;4.5504103;187.59123
2018;7;16;0;6.863886;177.04565
2018;7;16;6;7.10304;176.92294
2018;7;16;12;7.354509;183.75197
2018;7;16;18;6.042476;190.0083
2018;7;17;0;6.2906756;147.41153
2018;7;17;6;5.915444;191.98541
2018;7;17;12;5.249023;199.80827
2018;7;17;18;4.411594;220.3125
2018;7;18;0;4.596959;199.96236
2018;7;18;6;5.4472017;246.04791
2018;7;18;12;3.7744038;256.3139
2018;7;18;18;4.1250863;251.4725
2018;7;19;0;2.4353304;174.58005
2018;7;19;6;6.198855;146.87744
2018;7;19;12;10.63128;145.40326
2018;7;19;18;8.631007;149.75235
2018;7;20;0;3.5896738;169.7649
2018;7;20;6;5.2782745;286.3554
2018;7;20;12;3.301278;326.75476
2018;7;20;18;3.0495842;339.0595
2018;7;21;0;2.7740438;43.559265
2018;7;21;6;2.0297546;96.58707
2018;7;21;12;3.2973847;127.449844
2018;7;21;18;3.1116524;296.65195
2018;7;22;0;3.4311829;347.65402
2018;7;22;6;3.4036367;332.9425
2018;7;22;12;3.942817;334.9794
2018;7;22;18;5.847729;322.40118
2018;7;23;0;5.223455;319.91095
2018;7;23;6;4.4230905;337.08264
2018;7;23;12;0.95143044;102.9803
2018;7;23;18;1.9382813;178.15007
2018;7;24;0;4.9557676;143.13602
2018;7;24;6;7.8653545;131.70311
2018;7;24;12;8.571489;133.83966
2018;7;24;18;7.3390226;138.27867
2018;7;25;0;5.9823294;133.12509
2018;7;25;6;5.26169;128.91818
2018;7;25;12;4.9449844;133.39496
2018;7;25;18;4.4929223;164.01483
2018;7;26;0;5.7513275;161.0976
2018;7;26;6;8.455486;160.16464
2018;7;26;12;9.352144;177.73306
2018;7;26;18;8.92172;208.6272
2018;7;27;0;8.951527;204.1593
2018;7;27;6;9.274244;184.05313
2018;7;27;12;10.364814;186.00845
2018;7;27;18;5.538506;210.25827
2018;7;28;0;0.34653383;233.29007
2018;7;28;6;1.3020657;253.47728
2018;7;28;12;0.6372462;92.18761
2018;7;28;18;1.5830858;135.78874
2018;7;29;0;5.5982428;129.60207
2018;7;29;6;6.193334;116.304535
2018;7;29;12;5.341185;124.04019
2018;7;29;18;3.0044587;154.07758
2018;7;30;0;5.147914;129.74055
2018;7;30;6;5.5018845;132.86043
2018;7;30;12;6.847847;139.35985
2018;7;30;18;5.076455;115.06596
2018;7;31;0;6.387134;122.20973
2018;7;31;6;8.736497;141.7838
2018;7;31;12;8.003527;134.7362
2018;7;31;18;3.4658933;194.77705
